0, 0, 57
1, 0, 57
2, 0, 57
3, 0, 57
4, 0, 52
5, 0, 52
6, 0, 52
7, 0, 52
8, 0, 52
9, 0, 52
10, 0, 52
11, 0, 52
12, 0, 52
13, 0, 52
14, 0, 52
15, 0, 52
16, 0, 52
17, 0, 52
18, 0, 52
19, 0, 52
20, 0, 52
21, 0, 52
22, 0, 52
23, 0, 52
24, 0, 52
25, 0, 52
26, 0, 52
27, 0, 52
28, 0, 52
29, 0, 52
30, 0, 52
31, 0, 52
32, 0, 52
33, 0, 52
34, 0, 52
35, 0, 52
36, 0, 52
37, 0, 52
38, 0, 52
39, 0, 52
40, 0, 52
41, 0, 52
42, 0, 52
43, 0, 52
44, 0, 52
45, 0, 52
46, 0, 52
47, 0, 52
48, 0, 52
49, 0, 52
50, 0, 52
51, 0, 52
52, 0, 52
53, 0, 52
54, 0, 52
55, 0, 52
56, 0, 52
57, 0, 52
58, 0, 52
59, 0, 52
60, 0, 52
61, 0, 52
62, 0, 57
63, 0, 57
64, 0, 52
65, 0, 52
66, 0, 52
67, 0, 52
68, 0, 52
69, 0, 52
70, 0, 52
71, 0, 52
72, 0, 52
73, 0, 52
74, 0, 52
75, 0, 52
76, 0, 52
77, 0, 52
78, 0, 52
79, 0, 52
80, 0, 52
81, 0, 52
82, 0, 52
83, 0, 52
84, 0, 52
85, 0, 52
86, 0, 52
87, 0, 52
88, 0, 52
89, 0, 52
90, 0, 52
91, 0, 52
92, 0, 52
93, 0, 52
94, 0, 52
95, 0, 52
96, 0, 52
97, 0, 52
98, 0, 52
99, 0, 52
100, 0, 52
101, 0, 52
102, 0, 52
103, 0, 52
104, 0, 52
105, 0, 52
106, 0, 52
107, 0, 52
108, 0, 52
109, 0, 52
110, 0, 52
111, 0, 52
112, 0, 52
113, 0, 52
114, 0, 52
115, 0, 52
116, 0, 52
117, 0, 52
118, 0, 52
119, 0, 52
120, 0, 52
121, 0, 52
122, 0, 52
123, 0, 52
124, 0, 52
125, 0, 52
126, 0, 57
127, 0, 52
128, 0, 52
129, 0, 52
130, 0, 52
131, 0, 52
132, 0, 52
133, 0, 52
134, 0, 52
135, 0, 52
136, 0, 52
137, 0, 52
138, 0, 52
139, 0, 52
140, 0, 52
141, 0, 52
142, 0, 52
143, 0, 52
144, 0, 52
145, 0, 52
146, 0, 52
147, 0, 52
148, 0, 52
149, 0, 52
150, 0, 52
151, 0, 52
152, 0, 52
153, 0, 52
154, 0, 52
155, 0, 52
156, 0, 52
157, 0, 52
158, 0, 52
159, 0, 52
160, 0, 52
161, 0, 52
162, 0, 52
163, 0, 52
164, 0, 52
165, 0, 52
166, 0, 52
167, 0, 52
168, 0, 52
169, 0, 52
170, 0, 52
171, 0, 52
172, 0, 52
173, 0, 52
174, 0, 52
175, 0, 52
176, 0, 52
177, 0, 52
178, 0, 52
179, 0, 52
180, 0, 52
181, 0, 52
182, 0, 52
183, 0, 52
184, 0, 52
185, 0, 52
186, 0, 52
187, 0, 52
188, 0, 52
189, 0, 52
190, 0, 52
191, 0, 52
192, 0, 52
193, 0, 52
194, 0, 52
195, 0, 52
196, 0, 52
197, 0, 52
198, 0, 52
199, 0, 52
200, 0, 52
201, 0, 52
202, 0, 52
203, 0, 52
204, 0, 52
205, 0, 52
206, 0, 52
207, 0, 52
208, 0, 52
209, 0, 52
210, 0, 52
211, 0, 52
212, 0, 52
213, 0, 52
214, 0, 52
215, 0, 52
216, 0, 52
217, 0, 52
218, 0, 52
219, 0, 52
220, 0, 52
221, 0, 52
222, 0, 52
223, 0, 52
224, 0, 52
225, 0, 52
226, 0, 52
227, 0, 52
228, 0, 52
229, 0, 52
230, 0, 52
231, 0, 52
232, 0, 52
233, 0, 52
234, 0, 52
235, 0, 52
236, 0, 52
237, 0, 52
238, 0, 52
239, 0, 52
240, 0, 52
241, 0, 52
242, 0, 52
243, 0, 52
244, 0, 52
245, 0, 52
246, 0, 52
247, 0, 52
248, 0, 52
249, 0, 52
250, 0, 52
251, 0, 52
252, 0, 52
253, 0, 52
254, 0, 57
255, 0, 52
256, 0, 52
257, 0, 52
258, 0, 52
259, 0, 52
260, 0, 52
261, 0, 52
262, 0, 52
263, 0, 52
264, 0, 52
265, 0, 52
266, 0, 52
267, 0, 52
268, 0, 52
269, 0, 52
270, 0, 52
271, 0, 52
272, 0, 52
273, 0, 52
274, 0, 52
275, 0, 52
276, 0, 52
277, 0, 52
278, 0, 52
279, 0, 52
280, 0, 52
281, 0, 52
282, 0, 52
283, 0, 52
284, 0, 52
285, 0, 52
286, 0, 52
287, 0, 52
288, 0, 52
289, 0, 52
290, 0, 52
291, 0, 52
292, 0, 52
293, 0, 52
294, 0, 52
295, 0, 52
296, 0, 52
297, 0, 52
298, 0, 52
299, 0, 52
300, 0, 52
301, 0, 52
302, 0, 52
303, 0, 52
304, 0, 52
305, 0, 52
306, 0, 52
307, 0, 52
308, 0, 52
309, 0, 52
310, 0, 52
311, 0, 52
312, 0, 52
313, 0, 52
314, 0, 52
315, 0, 52
316, 0, 52
317, 0, 52
318, 0, 64
319, 0, 52
320, 0, 52
321, 0, 52
322, 0, 52
323, 0, 52
324, 0, 52
325, 0, 52
326, 0, 52
327, 0, 52
328, 0, 52
329, 0, 52
330, 0, 52
331, 0, 52
332, 0, 52
333, 0, 52
334, 0, 52
335, 0, 52
336, 0, 52
337, 0, 52
338, 0, 52
339, 0, 52
340, 0, 52
341, 0, 52
342, 0, 52
343, 0, 52
344, 0, 52
345, 0, 52
346, 0, 52
347, 0, 52
348, 0, 52
349, 0, 52
350, 0, 52
351, 0, 52
352, 0, 52
353, 0, 52
354, 0, 52
355, 0, 52
356, 0, 52
357, 0, 52
358, 0, 52
359, 0, 52
360, 0, 52
361, 0, 52
362, 0, 52
363, 0, 52
364, 0, 52
365, 0, 52
366, 0, 52
367, 0, 52
368, 0, 52
369, 0, 52
370, 0, 52
371, 0, 52
372, 0, 52
373, 0, 52
374, 0, 52
375, 0, 52
376, 0, 52
377, 0, 52
378, 0, 52
379, 0, 52
380, 0, 52
381, 0, 52
382, 0, 57
383, 0, 52
384, 0, 52
385, 0, 52
386, 0, 52
387, 0, 52
388, 0, 52
389, 0, 52
390, 0, 52
391, 0, 52
392, 0, 52
393, 0, 52
394, 0, 52
395, 0, 52
396, 0, 52
397, 0, 52
398, 0, 52
399, 0, 52
400, 0, 52
401, 0, 52
402, 0, 52
403, 0, 52
404, 0, 52
405, 0, 52
406, 0, 52
407, 0, 52
408, 0, 52
409, 0, 52
410, 0, 52
411, 0, 52
412, 0, 52
413, 0, 52
414, 0, 52
415, 0, 52
416, 0, 52
417, 0, 52
418, 0, 52
419, 0, 52
420, 0, 52
421, 0, 52
422, 0, 52
423, 0, 52
424, 0, 52
425, 0, 52
426, 0, 52
427, 0, 52
428, 0, 52
429, 0, 52
430, 0, 52
431, 0, 52
432, 0, 52
433, 0, 52
434, 0, 52
435, 0, 52
436, 0, 52
437, 0, 52
438, 0, 52
439, 0, 52
440, 0, 52
441, 0, 52
442, 0, 52
443, 0, 52
444, 0, 52
445, 0, 52
446, 0, 52
447, 0, 52
448, 0, 52
449, 0, 52
450, 0, 52
451, 0, 52
452, 0, 52
453, 0, 52
454, 0, 52
455, 0, 52
456, 0, 52
457, 0, 52
458, 0, 52
459, 0, 52
460, 0, 52
461, 0, 52
462, 0, 52
463, 0, 52
464, 0, 52
465, 0, 52
466, 0, 52
467, 0, 52
468, 0, 52
469, 0, 52
470, 0, 52
471, 0, 52
472, 0, 52
473, 0, 52
474, 0, 52
475, 0, 52
476, 0, 52
477, 0, 52
478, 0, 52
479, 0, 52
480, 0, 52
481, 0, 52
482, 0, 52
483, 0, 52
484, 0, 52
485, 0, 52
486, 0, 52
487, 0, 52
488, 0, 52
489, 0, 52
490, 0, 52
491, 0, 52
492, 0, 52
493, 0, 52
494, 0, 52
495, 0, 52
496, 0, 52
497, 0, 52
498, 0, 52
499, 0, 52
500, 0, 52
501, 0, 52
502, 0, 52
503, 0, 52
504, 0, 52
505, 0, 52
506, 0, 52
507, 0, 52
508, 0, 52
509, 0, 52
510, 0, 57
511, 0, 52
512, 0, 52
513, 0, 52
514, 0, 52
515, 0, 52
516, 0, 52
517, 0, 52
518, 0, 52
519, 0, 52
520, 0, 52
521, 0, 52
522, 0, 52
523, 0, 52
524, 0, 52
525, 0, 52
526, 0, 52
527, 0, 52
528, 0, 52
529, 0, 52
530, 0, 52
531, 0, 52
532, 0, 52
533, 0, 52
534, 0, 52
535, 0, 52
536, 0, 52
537, 0, 52
538, 0, 52
539, 0, 52
540, 0, 52
541, 0, 52
542, 0, 52
543, 0, 52
544, 0, 52
545, 0, 52
546, 0, 52
547, 0, 52
548, 0, 52
549, 0, 52
550, 0, 52
551, 0, 52
552, 0, 52
553, 0, 52
554, 0, 52
555, 0, 52
556, 0, 52
557, 0, 52
558, 0, 52
559, 0, 52
560, 0, 52
561, 0, 52
562, 0, 52
563, 0, 52
564, 0, 52
565, 0, 52
566, 0, 52
567, 0, 52
568, 0, 52
569, 0, 52
570, 0, 52
571, 0, 52
572, 0, 52
573, 0, 52
574, 0, 64
575, 0, 52
576, 0, 52
577, 0, 52
578, 0, 52
579, 0, 52
580, 0, 52
581, 0, 52
582, 0, 52
583, 0, 52
584, 0, 52
585, 0, 52
586, 0, 52
587, 0, 52
588, 0, 52
589, 0, 52
590, 0, 52
591, 0, 52
592, 0, 52
593, 0, 52
594, 0, 52
595, 0, 52
596, 0, 52
597, 0, 52
598, 0, 52
599, 0, 52
600, 0, 52
601, 0, 52
602, 0, 52
603, 0, 52
604, 0, 52
605, 0, 52
606, 0, 52
607, 0, 52
608, 0, 52
609, 0, 52
610, 0, 52
611, 0, 52
612, 0, 52
613, 0, 52
614, 0, 52
615, 0, 52
616, 0, 52
617, 0, 52
618, 0, 52
619, 0, 52
620, 0, 52
621, 0, 52
622, 0, 52
623, 0, 52
624, 0, 52
625, 0, 52
626, 0, 52
627, 0, 52
628, 0, 52
629, 0, 52
630, 0, 52
631, 0, 52
632, 0, 52
633, 0, 52
634, 0, 52
635, 0, 52
636, 0, 52
637, 0, 52
638, 0, 57
639, 0, 52
640, 0, 52
641, 0, 52
642, 0, 52
643, 0, 52
644, 0, 52
645, 0, 52
646, 0, 52
647, 0, 52
648, 0, 52
649, 0, 52
650, 0, 52
651, 0, 52
652, 0, 52
653, 0, 52
654, 0, 52
655, 0, 52
656, 0, 52
657, 0, 52
658, 0, 52
659, 0, 52
660, 0, 52
661, 0, 52
662, 0, 52
663, 0, 52
664, 0, 52
665, 0, 52
666, 0, 52
667, 0, 52
668, 0, 52
669, 0, 52
670, 0, 52
671, 0, 52
672, 0, 52
673, 0, 52
674, 0, 52
675, 0, 52
676, 0, 52
677, 0, 52
678, 0, 52
679, 0, 52
680, 0, 52
681, 0, 52
682, 0, 52
683, 0, 52
684, 0, 52
685, 0, 52
686, 0, 52
687, 0, 52
688, 0, 52
689, 0, 52
690, 0, 52
691, 0, 52
692, 0, 52
693, 0, 52
694, 0, 52
695, 0, 52
696, 0, 52
697, 0, 52
698, 0, 52
699, 0, 52
700, 0, 52
701, 0, 52
702, 0, 52
703, 0, 52
704, 0, 52
705, 0, 52
706, 0, 52
707, 0, 52
708, 0, 52
709, 0, 52
710, 0, 52
711, 0, 52
712, 0, 52
713, 0, 52
714, 0, 52
715, 0, 52
716, 0, 52
717, 0, 52
718, 0, 52
719, 0, 52
720, 0, 52
721, 0, 52
722, 0, 52
723, 0, 52
724, 0, 52
725, 0, 52
726, 0, 52
727, 0, 52
728, 0, 52
729, 0, 52
730, 0, 52
731, 0, 52
732, 0, 52
733, 0, 52
734, 0, 52
735, 0, 52
736, 0, 52
737, 0, 52
738, 0, 52
739, 0, 52
740, 0, 52
741, 0, 52
742, 0, 52
743, 0, 52
744, 0, 52
745, 0, 52
746, 0, 52
747, 0, 52
748, 0, 52
749, 0, 52
750, 0, 52
751, 0, 52
752, 0, 52
753, 0, 52
754, 0, 52
755, 0, 52
756, 0, 52
757, 0, 52
758, 0, 52
759, 0, 52
760, 0, 52
761, 0, 52
762, 0, 52
763, 0, 52
764, 0, 52
765, 0, 52
766, 0, 57
767, 0, 52
768, 0, 52
769, 0, 52
770, 0, 52
771, 0, 52
772, 0, 52
773, 0, 52
774, 0, 52
775, 0, 52
776, 0, 52
777, 0, 52
778, 0, 52
779, 0, 52
780, 0, 52
781, 0, 52
782, 0, 52
783, 0, 52
784, 0, 52
785, 0, 52
786, 0, 52
787, 0, 52
788, 0, 52
789, 0, 52
790, 0, 52
791, 0, 52
792, 0, 52
793, 0, 52
794, 0, 52
795, 0, 52
796, 0, 52
797, 0, 52
798, 0, 52
799, 0, 52
800, 0, 52
801, 0, 52
802, 0, 52
803, 0, 52
804, 0, 52
805, 0, 52
806, 0, 52
807, 0, 52
808, 0, 52
809, 0, 52
810, 0, 52
811, 0, 52
812, 0, 52
813, 0, 52
814, 0, 52
815, 0, 52
816, 0, 52
817, 0, 52
818, 0, 52
819, 0, 52
820, 0, 52
821, 0, 52
822, 0, 52
823, 0, 52
824, 0, 52
825, 0, 52
826, 0, 52
827, 0, 52
828, 0, 52
829, 0, 52
830, 0, 57
831, 0, 52
832, 0, 52
833, 0, 52
834, 0, 52
835, 0, 52
836, 0, 52
837, 0, 52
838, 0, 52
839, 0, 52
840, 0, 52
841, 0, 52
842, 0, 52
843, 0, 52
844, 0, 52
845, 0, 52
846, 0, 52
847, 0, 52
848, 0, 52
849, 0, 52
850, 0, 52
851, 0, 52
852, 0, 52
853, 0, 52
854, 0, 52
855, 0, 52
856, 0, 52
857, 0, 52
858, 0, 52
859, 0, 52
860, 0, 52
861, 0, 52
862, 0, 52
863, 0, 52
864, 0, 52
865, 0, 52
866, 0, 52
867, 0, 52
868, 0, 52
869, 0, 52
870, 0, 52
871, 0, 52
872, 0, 52
873, 0, 52
874, 0, 52
875, 0, 52
876, 0, 52
877, 0, 52
878, 0, 52
879, 0, 52
880, 0, 52
881, 0, 52
882, 0, 52
883, 0, 52
884, 0, 52
885, 0, 52
886, 0, 52
887, 0, 52
888, 0, 52
889, 0, 52
890, 0, 52
891, 0, 52
892, 0, 52
893, 0, 52
894, 0, 57
895, 0, 52
896, 0, 52
897, 0, 52
898, 0, 52
899, 0, 52
900, 0, 52
901, 0, 52
902, 0, 52
903, 0, 52
904, 0, 52
905, 0, 52
906, 0, 52
907, 0, 52
908, 0, 52
909, 0, 52
910, 0, 52
911, 0, 52
912, 0, 52
913, 0, 52
914, 0, 52
915, 0, 52
916, 0, 52
917, 0, 52
918, 0, 52
919, 0, 52
920, 0, 52
921, 0, 52
922, 0, 52
923, 0, 52
924, 0, 52
925, 0, 52
926, 0, 52
927, 0, 52
928, 0, 52
929, 0, 52
930, 0, 52
931, 0, 52
932, 0, 52
933, 0, 52
934, 0, 52
935, 0, 52
936, 0, 52
937, 0, 52
938, 0, 52
939, 0, 52
940, 0, 52
941, 0, 52
942, 0, 52
943, 0, 52
944, 0, 52
945, 0, 52
946, 0, 52
947, 0, 52
948, 0, 52
949, 0, 52
950, 0, 52
951, 0, 52
952, 0, 52
953, 0, 52
954, 0, 52
955, 0, 52
956, 0, 52
957, 0, 52
958, 0, 52
959, 0, 52
960, 0, 52
961, 0, 52
962, 0, 52
963, 0, 52
964, 0, 52
965, 0, 52
966, 0, 52
967, 0, 52
968, 0, 52
969, 0, 52
970, 0, 52
971, 0, 52
972, 0, 52
973, 0, 52
974, 0, 52
975, 0, 52
976, 0, 52
977, 0, 52
978, 0, 52
979, 0, 52
980, 0, 52
981, 0, 52
982, 0, 52
983, 0, 52
984, 0, 52
985, 0, 52
986, 0, 52
987, 0, 52
988, 0, 52
989, 0, 52
990, 0, 52
991, 0, 52
992, 0, 52
993, 0, 52
994, 0, 52
995, 0, 52
996, 0, 52
997, 0, 52
998, 0, 52
999, 0, 52
1000, 0, 52
1001, 0, 52
1002, 0, 52
1003, 0, 52
1004, 0, 52
1005, 0, 52
1006, 0, 52
1007, 0, 52
1008, 0, 52
1009, 0, 52
1010, 0, 52
1011, 0, 52
1012, 0, 52
1013, 0, 52
1014, 0, 52
1015, 0, 52
1016, 0, 52
1017, 0, 52
1018, 0, 52
1019, 0, 52
1020, 0, 52
1021, 0, 52
1022, 0, 52
1023, 0, 52
0, 1, 100
1, 1, 32
2, 1, 32
3, 1, 29
4, 1, 29
5, 1, 29
6, 1, 81
7, 1, 29
8, 1, 29
9, 1, 29
10, 1, 29
11, 1, 29
12, 1, 29
13, 1, 29
14, 1, 29
15, 1, 29
16, 1, 29
17, 1, 29
18, 1, 31
19, 1, 29
20, 1, 29
21, 1, 31
22, 1, 29
23, 1, 29
24, 1, 31
25, 1, 29
26, 1, 29
27, 1, 31
28, 1, 29
29, 1, 29
30, 1, 29
31, 1, 29
32, 1, 29
33, 1, 29
34, 1, 29
35, 1, 29
36, 1, 29
37, 1, 29
38, 1, 29
39, 1, 29
40, 1, 29
41, 1, 29
42, 1, 29
43, 1, 29
44, 1, 29
45, 1, 29
46, 1, 29
47, 1, 29
48, 1, 29
49, 1, 29
50, 1, 31
51, 1, 29
52, 1, 29
53, 1, 29
54, 1, 29
55, 1, 29
56, 1, 29
57, 1, 29
58, 1, 29
59, 1, 29
60, 1, 29
61, 1, 29
62, 1, 32
63, 1, 29
64, 1, 29
65, 1, 29
66, 1, 29
67, 1, 29
68, 1, 29
69, 1, 29
70, 1, 29
71, 1, 29
72, 1, 29
73, 1, 29
74, 1, 29
75, 1, 29
76, 1, 29
77, 1, 29
78, 1, 31
79, 1, 29
80, 1, 29
81, 1, 31
82, 1, 29
83, 1, 29
84, 1, 31
85, 1, 29
86, 1, 29
87, 1, 31
88, 1, 29
89, 1, 29
90, 1, 29
91, 1, 29
92, 1, 29
93, 1, 29
94, 1, 29
95, 1, 29
96, 1, 29
97, 1, 29
98, 1, 29
99, 1, 29
100, 1, 29
101, 1, 29
102, 1, 29
103, 1, 29
104, 1, 29
105, 1, 29
106, 1, 29
107, 1, 29
108, 1, 29
109, 1, 29
110, 1, 31
111, 1, 29
112, 1, 29
113, 1, 31
114, 1, 29
115, 1, 29
116, 1, 31
117, 1, 29
118, 1, 29
119, 1, 31
120, 1, 29
121, 1, 29
122, 1, 29
123, 1, 29
124, 1, 29
125, 1, 29
126, 1, 29
127, 1, 29
128, 1, 29
129, 1, 29
130, 1, 29
131, 1, 29
132, 1, 29
133, 1, 31
134, 1, 29
135, 1, 29
136, 1, 31
137, 1, 29
138, 1, 29
139, 1, 31
140, 1, 29
141, 1, 29
142, 1, 31
143, 1, 29
144, 1, 29
145, 1, 29
146, 1, 29
147, 1, 29
148, 1, 29
149, 1, 29
150, 1, 29
151, 1, 29
152, 1, 29
153, 1, 29
154, 1, 29
155, 1, 29
156, 1, 29
157, 1, 29
158, 1, 29
159, 1, 29
160, 1, 29
161, 1, 29
162, 1, 29
163, 1, 29
164, 1, 29
165, 1, 31
166, 1, 29
167, 1, 29
168, 1, 31
169, 1, 29
170, 1, 29
171, 1, 31
172, 1, 29
173, 1, 29
174, 1, 31
175, 1, 29
176, 1, 29
177, 1, 29
178, 1, 29
179, 1, 29
180, 1, 29
181, 1, 29
182, 1, 29
183, 1, 29
184, 1, 29
185, 1, 29
186, 1, 29
187, 1, 29
188, 1, 29
189, 1, 29
190, 1, 32
191, 1, 31
192, 1, 29
193, 1, 29
194, 1, 31
195, 1, 29
196, 1, 29
197, 1, 31
198, 1, 29
199, 1, 29
200, 1, 29
201, 1, 29
202, 1, 29
203, 1, 29
204, 1, 29
205, 1, 29
206, 1, 29
207, 1, 29
208, 1, 29
209, 1, 29
210, 1, 29
211, 1, 29
212, 1, 29
213, 1, 29
214, 1, 29
215, 1, 29
216, 1, 29
217, 1, 29
218, 1, 29
219, 1, 29
220, 1, 31
221, 1, 29
222, 1, 29
223, 1, 31
224, 1, 29
225, 1, 29
226, 1, 31
227, 1, 29
228, 1, 29
229, 1, 31
230, 1, 29
231, 1, 29
232, 1, 29
233, 1, 29
234, 1, 29
235, 1, 29
236, 1, 29
237, 1, 29
238, 1, 29
239, 1, 29
240, 1, 29
241, 1, 29
242, 1, 29
243, 1, 29
244, 1, 29
245, 1, 29
246, 1, 29
247, 1, 29
248, 1, 29
249, 1, 29
250, 1, 29
251, 1, 29
252, 1, 31
253, 1, 29
254, 1, 32
255, 1, 29
256, 1, 29
257, 1, 29
258, 1, 29
259, 1, 29
260, 1, 29
261, 1, 29
262, 1, 29
263, 1, 29
264, 1, 29
265, 1, 29
266, 1, 29
267, 1, 29
268, 1, 29
269, 1, 29
270, 1, 29
271, 1, 29
272, 1, 29
273, 1, 29
274, 1, 29
275, 1, 31
276, 1, 29
277, 1, 29
278, 1, 31
279, 1, 29
280, 1, 29
281, 1, 31
282, 1, 29
283, 1, 29
284, 1, 31
285, 1, 29
286, 1, 29
287, 1, 34
288, 1, 33
289, 1, 37
290, 1, 100
291, 1, 27
292, 1, 27
293, 1, 27
294, 1, 28
295, 1, 28
296, 1, 28
297, 1, 28
298, 1, 28
299, 1, 27
300, 1, 27
301, 1, 27
302, 1, 27
303, 1, 28
304, 1, 28
305, 1, 28
306, 1, 28
307, 1, 28
308, 1, 28
309, 1, 27
310, 1, 27
311, 1, 27
312, 1, 27
313, 1, 28
314, 1, 28
315, 1, 28
316, 1, 28
317, 1, 28
318, 1, 30
319, 1, 27
320, 1, 27
321, 1, 27
322, 1, 28
323, 1, 28
324, 1, 28
325, 1, 28
326, 1, 28
327, 1, 28
328, 1, 27
329, 1, 27
330, 1, 27
331, 1, 27
332, 1, 28
333, 1, 28
334, 1, 28
335, 1, 28
336, 1, 28
337, 1, 27
338, 1, 27
339, 1, 27
340, 1, 27
341, 1, 27
342, 1, 28
343, 1, 28
344, 1, 28
345, 1, 28
346, 1, 28
347, 1, 27
348, 1, 27
349, 1, 27
350, 1, 27
351, 1, 27
352, 1, 28
353, 1, 28
354, 1, 28
355, 1, 28
356, 1, 28
357, 1, 27
358, 1, 27
359, 1, 27
360, 1, 27
361, 1, 28
362, 1, 28
363, 1, 28
364, 1, 28
365, 1, 28
366, 1, 27
367, 1, 27
368, 1, 27
369, 1, 27
370, 1, 27
371, 1, 28
372, 1, 28
373, 1, 28
374, 1, 28
375, 1, 28
376, 1, 27
377, 1, 27
378, 1, 27
379, 1, 27
380, 1, 27
381, 1, 28
382, 1, 28
383, 1, 28
384, 1, 28
385, 1, 27
386, 1, 27
387, 1, 27
388, 1, 27
389, 1, 27
390, 1, 28
391, 1, 28
392, 1, 28
393, 1, 28
394, 1, 28
395, 1, 27
396, 1, 27
397, 1, 27
398, 1, 27
399, 1, 27
400, 1, 28
401, 1, 28
402, 1, 28
403, 1, 28
404, 1, 28
405, 1, 27
406, 1, 27
407, 1, 27
408, 1, 27
409, 1, 28
410, 1, 28
411, 1, 28
412, 1, 28
413, 1, 28
414, 1, 28
415, 1, 27
416, 1, 27
417, 1, 27
418, 1, 27
419, 1, 28
420, 1, 28
421, 1, 28
422, 1, 28
423, 1, 28
424, 1, 27
425, 1, 27
426, 1, 27
427, 1, 27
428, 1, 27
429, 1, 28
430, 1, 28
431, 1, 28
432, 1, 28
433, 1, 28
434, 1, 27
435, 1, 27
436, 1, 27
437, 1, 27
438, 1, 27
439, 1, 28
440, 1, 28
441, 1, 28
442, 1, 28
443, 1, 28
444, 1, 27
445, 1, 27
446, 1, 30
447, 1, 27
448, 1, 28
449, 1, 28
450, 1, 28
451, 1, 28
452, 1, 28
453, 1, 27
454, 1, 27
455, 1, 27
456, 1, 27
457, 1, 27
458, 1, 28
459, 1, 28
460, 1, 28
461, 1, 28
462, 1, 28
463, 1, 27
464, 1, 27
465, 1, 27
466, 1, 27
467, 1, 28
468, 1, 28
469, 1, 28
470, 1, 28
471, 1, 28
472, 1, 27
473, 1, 27
474, 1, 27
475, 1, 28
476, 1, 27
477, 1, 27
478, 1, 27
479, 1, 27
480, 1, 27
481, 1, 28
482, 1, 28
483, 1, 28
484, 1, 28
485, 1, 28
486, 1, 27
487, 1, 27
488, 1, 27
489, 1, 27
490, 1, 27
491, 1, 28
492, 1, 28
493, 1, 28
494, 1, 28
495, 1, 28
496, 1, 27
497, 1, 27
498, 1, 27
499, 1, 27
500, 1, 28
501, 1, 28
502, 1, 28
503, 1, 28
504, 1, 28
505, 1, 27
506, 1, 27
507, 1, 27
508, 1, 27
509, 1, 27
510, 1, 31
511, 1, 28
512, 1, 28
513, 1, 28
514, 1, 28
515, 1, 27
516, 1, 27
517, 1, 27
518, 1, 27
519, 1, 28
520, 1, 28
521, 1, 28
522, 1, 28
523, 1, 28
524, 1, 27
525, 1, 27
526, 1, 27
527, 1, 27
528, 1, 27
529, 1, 28
530, 1, 28
531, 1, 28
532, 1, 28
533, 1, 28
534, 1, 27
535, 1, 27
536, 1, 27
537, 1, 27
538, 1, 27
539, 1, 28
540, 1, 28
541, 1, 28
542, 1, 28
543, 1, 28
544, 1, 27
545, 1, 27
546, 1, 27
547, 1, 27
548, 1, 28
549, 1, 28
550, 1, 28
551, 1, 28
552, 1, 28
553, 1, 28
554, 1, 27
555, 1, 27
556, 1, 27
557, 1, 27
558, 1, 28
559, 1, 28
560, 1, 28
561, 1, 28
562, 1, 28
563, 1, 27
564, 1, 27
565, 1, 27
566, 1, 27
567, 1, 27
568, 1, 28
569, 1, 28
570, 1, 28
571, 1, 28
572, 1, 28
573, 1, 27
574, 1, 30
575, 1, 27
576, 1, 27
577, 1, 28
578, 1, 28
579, 1, 28
580, 1, 28
581, 1, 28
582, 1, 27
583, 1, 27
584, 1, 27
585, 1, 27
586, 1, 27
587, 1, 28
588, 1, 28
589, 1, 28
590, 1, 28
591, 1, 28
592, 1, 27
593, 1, 27
594, 1, 27
595, 1, 27
596, 1, 27
597, 1, 28
598, 1, 28
599, 1, 28
600, 1, 28
601, 1, 28
602, 1, 27
603, 1, 27
604, 1, 27
605, 1, 27
606, 1, 28
607, 1, 28
608, 1, 28
609, 1, 28
610, 1, 28
611, 1, 27
612, 1, 27
613, 1, 27
614, 1, 27
615, 1, 27
616, 1, 28
617, 1, 28
618, 1, 28
619, 1, 28
620, 1, 28
621, 1, 27
622, 1, 27
623, 1, 27
624, 1, 27
625, 1, 27
626, 1, 28
627, 1, 28
628, 1, 28
629, 1, 28
630, 1, 28
631, 1, 27
632, 1, 27
633, 1, 27
634, 1, 27
635, 1, 28
636, 1, 28
637, 1, 28
638, 1, 31
639, 1, 28
640, 1, 27
641, 1, 27
642, 1, 27
643, 1, 27
644, 1, 27
645, 1, 28
646, 1, 28
647, 1, 28
648, 1, 28
649, 1, 28
650, 1, 27
651, 1, 27
652, 1, 27
653, 1, 27
654, 1, 28
655, 1, 28
656, 1, 28
657, 1, 28
658, 1, 28
659, 1, 28
660, 1, 27
661, 1, 27
662, 1, 27
663, 1, 27
664, 1, 28
665, 1, 28
666, 1, 28
667, 1, 28
668, 1, 28
669, 1, 27
670, 1, 27
671, 1, 27
672, 1, 27
673, 1, 27
674, 1, 28
675, 1, 28
676, 1, 28
677, 1, 28
678, 1, 28
679, 1, 27
680, 1, 27
681, 1, 27
682, 1, 27
683, 1, 27
684, 1, 28
685, 1, 28
686, 1, 28
687, 1, 28
688, 1, 28
689, 1, 27
690, 1, 27
691, 1, 27
692, 1, 27
693, 1, 28
694, 1, 28
695, 1, 28
696, 1, 28
697, 1, 28
698, 1, 27
699, 1, 27
700, 1, 27
701, 1, 27
702, 1, 27
703, 1, 28
704, 1, 28
705, 1, 28
706, 1, 28
707, 1, 28
708, 1, 27
709, 1, 27
710, 1, 27
711, 1, 27
712, 1, 28
713, 1, 28
714, 1, 28
715, 1, 28
716, 1, 28
717, 1, 27
718, 1, 27
719, 1, 27
720, 1, 27
721, 1, 27
722, 1, 28
723, 1, 28
724, 1, 28
725, 1, 28
726, 1, 28
727, 1, 27
728, 1, 27
729, 1, 27
730, 1, 27
731, 1, 27
732, 1, 28
733, 1, 28
734, 1, 28
735, 1, 28
736, 1, 28
737, 1, 27
738, 1, 27
739, 1, 27
740, 1, 27
741, 1, 28
742, 1, 28
743, 1, 28
744, 1, 28
745, 1, 28
746, 1, 28
747, 1, 27
748, 1, 27
749, 1, 27
750, 1, 27
751, 1, 28
752, 1, 28
753, 1, 28
754, 1, 28
755, 1, 28
756, 1, 27
757, 1, 27
758, 1, 27
759, 1, 27
760, 1, 27
761, 1, 28
762, 1, 28
763, 1, 28
764, 1, 28
765, 1, 28
766, 1, 30
767, 1, 27
768, 1, 27
769, 1, 27
770, 1, 28
771, 1, 28
772, 1, 28
773, 1, 28
774, 1, 28
775, 1, 27
776, 1, 27
777, 1, 27
778, 1, 27
779, 1, 27
780, 1, 28
781, 1, 28
782, 1, 28
783, 1, 28
784, 1, 28
785, 1, 27
786, 1, 27
787, 1, 27
788, 1, 27
789, 1, 27
790, 1, 28
791, 1, 28
792, 1, 28
793, 1, 28
794, 1, 28
795, 1, 27
796, 1, 27
797, 1, 27
798, 1, 27
799, 1, 28
800, 1, 28
801, 1, 28
802, 1, 28
803, 1, 28
804, 1, 27
805, 1, 27
806, 1, 27
807, 1, 27
808, 1, 27
809, 1, 28
810, 1, 28
811, 1, 28
812, 1, 28
813, 1, 28
814, 1, 27
815, 1, 27
816, 1, 27
817, 1, 27
818, 1, 27
819, 1, 28
820, 1, 28
821, 1, 28
822, 1, 28
823, 1, 28
824, 1, 27
825, 1, 27
826, 1, 27
827, 1, 27
828, 1, 28
829, 1, 28
830, 1, 31
831, 1, 28
832, 1, 28
833, 1, 27
834, 1, 27
835, 1, 27
836, 1, 27
837, 1, 27
838, 1, 28
839, 1, 28
840, 1, 28
841, 1, 28
842, 1, 28
843, 1, 27
844, 1, 27
845, 1, 27
846, 1, 27
847, 1, 28
848, 1, 28
849, 1, 28
850, 1, 28
851, 1, 28
852, 1, 28
853, 1, 27
854, 1, 27
855, 1, 27
856, 1, 27
857, 1, 28
858, 1, 28
859, 1, 28
860, 1, 28
861, 1, 28
862, 1, 27
863, 1, 27
864, 1, 27
865, 1, 27
866, 1, 27
867, 1, 28
868, 1, 28
869, 1, 28
870, 1, 28
871, 1, 28
872, 1, 27
873, 1, 27
874, 1, 27
875, 1, 27
876, 1, 27
877, 1, 28
878, 1, 28
879, 1, 28
880, 1, 28
881, 1, 28
882, 1, 27
883, 1, 27
884, 1, 27
885, 1, 27
886, 1, 28
887, 1, 28
888, 1, 28
889, 1, 28
890, 1, 28
891, 1, 27
892, 1, 27
893, 1, 27
894, 1, 30
895, 1, 27
896, 1, 28
897, 1, 28
898, 1, 28
899, 1, 28
900, 1, 28
901, 1, 27
902, 1, 27
903, 1, 27
904, 1, 27
905, 1, 28
906, 1, 28
907, 1, 28
908, 1, 28
909, 1, 28
910, 1, 27
911, 1, 27
912, 1, 27
913, 1, 27
914, 1, 27
915, 1, 28
916, 1, 28
917, 1, 28
918, 1, 28
919, 1, 28
920, 1, 27
921, 1, 27
922, 1, 27
923, 1, 27
924, 1, 27
925, 1, 28
926, 1, 28
927, 1, 28
928, 1, 28
929, 1, 28
930, 1, 27
931, 1, 27
932, 1, 27
933, 1, 27
934, 1, 28
935, 1, 28
936, 1, 28
937, 1, 28
938, 1, 28
939, 1, 28
940, 1, 27
941, 1, 27
942, 1, 27
943, 1, 27
944, 1, 28
945, 1, 28
946, 1, 28
947, 1, 28
948, 1, 28
949, 1, 27
950, 1, 27
951, 1, 27
952, 1, 27
953, 1, 27
954, 1, 28
955, 1, 28
956, 1, 28
957, 1, 28
958, 1, 28
959, 1, 27
960, 1, 27
961, 1, 27
962, 1, 27
963, 1, 28
964, 1, 28
965, 1, 28
966, 1, 28
967, 1, 28
968, 1, 27
969, 1, 27
970, 1, 27
971, 1, 27
972, 1, 27
973, 1, 28
974, 1, 28
975, 1, 28
976, 1, 28
977, 1, 28
978, 1, 27
979, 1, 27
980, 1, 27
981, 1, 27
982, 1, 27
983, 1, 28
984, 1, 28
985, 1, 28
986, 1, 28
987, 1, 28
988, 1, 27
989, 1, 27
990, 1, 27
991, 1, 27
992, 1, 28
993, 1, 28
994, 1, 28
995, 1, 28
996, 1, 28
997, 1, 27
998, 1, 27
999, 1, 27
1000, 1, 27
1001, 1, 27
1002, 1, 28
1003, 1, 28
1004, 1, 28
1005, 1, 28
1006, 1, 28
1007, 1, 27
1008, 1, 27
1009, 1, 27
1010, 1, 27
1011, 1, 27
1012, 1, 28
1013, 1, 28
1014, 1, 28
1015, 1, 28
1016, 1, 28
1017, 1, 27
1018, 1, 27
1019, 1, 27
1020, 1, 27
1021, 1, 28
1022, 1, 28
1023, 1, 28
0, 2, 52
1, 2, 52
2, 2, 46
3, 2, 52
4, 2, 47
5, 2, 47
6, 2, 47
7, 2, 46
8, 2, 47
9, 2, 47
10, 2, 47
11, 2, 46
12, 2, 47
13, 2, 47
14, 2, 47
15, 2, 46
16, 2, 47
17, 2, 47
18, 2, 47
19, 2, 46
20, 2, 47
21, 2, 47
22, 2, 47
23, 2, 46
24, 2, 47
25, 2, 47
26, 2, 47
27, 2, 46
28, 2, 47
29, 2, 47
30, 2, 47
31, 2, 46
32, 2, 47
33, 2, 47
34, 2, 47
35, 2, 46
36, 2, 47
37, 2, 47
38, 2, 47
39, 2, 46
40, 2, 47
41, 2, 47
42, 2, 47
43, 2, 46
44, 2, 47
45, 2, 47
46, 2, 47
47, 2, 46
48, 2, 47
49, 2, 47
50, 2, 47
51, 2, 46
52, 2, 47
53, 2, 47
54, 2, 47
55, 2, 46
56, 2, 47
57, 2, 47
58, 2, 47
59, 2, 46
60, 2, 47
61, 2, 47
62, 2, 52
63, 2, 47
64, 2, 46
65, 2, 47
66, 2, 47
67, 2, 47
68, 2, 46
69, 2, 47
70, 2, 47
71, 2, 47
72, 2, 46
73, 2, 47
74, 2, 47
75, 2, 47
76, 2, 46
77, 2, 47
78, 2, 47
79, 2, 47
80, 2, 46
81, 2, 47
82, 2, 47
83, 2, 47
84, 2, 46
85, 2, 47
86, 2, 47
87, 2, 47
88, 2, 46
89, 2, 47
90, 2, 47
91, 2, 47
92, 2, 46
93, 2, 47
94, 2, 47
95, 2, 47
96, 2, 46
97, 2, 47
98, 2, 47
99, 2, 47
100, 2, 46
101, 2, 47
102, 2, 47
103, 2, 47
104, 2, 46
105, 2, 47
106, 2, 47
107, 2, 47
108, 2, 46
109, 2, 47
110, 2, 47
111, 2, 47
112, 2, 46
113, 2, 47
114, 2, 47
115, 2, 47
116, 2, 46
117, 2, 47
118, 2, 47
119, 2, 47
120, 2, 46
121, 2, 47
122, 2, 47
123, 2, 47
124, 2, 46
125, 2, 47
126, 2, 47
127, 2, 47
128, 2, 47
129, 2, 46
130, 2, 47
131, 2, 47
132, 2, 47
133, 2, 46
134, 2, 47
135, 2, 47
136, 2, 47
137, 2, 46
138, 2, 47
139, 2, 47
140, 2, 47
141, 2, 46
142, 2, 47
143, 2, 47
144, 2, 47
145, 2, 46
146, 2, 47
147, 2, 47
148, 2, 47
149, 2, 46
150, 2, 47
151, 2, 47
152, 2, 47
153, 2, 46
154, 2, 47
155, 2, 47
156, 2, 47
157, 2, 46
158, 2, 47
159, 2, 47
160, 2, 47
161, 2, 46
162, 2, 47
163, 2, 47
164, 2, 47
165, 2, 46
166, 2, 47
167, 2, 47
168, 2, 47
169, 2, 46
170, 2, 47
171, 2, 47
172, 2, 47
173, 2, 46
174, 2, 47
175, 2, 47
176, 2, 47
177, 2, 46
178, 2, 47
179, 2, 47
180, 2, 47
181, 2, 46
182, 2, 47
183, 2, 47
184, 2, 47
185, 2, 46
186, 2, 47
187, 2, 47
188, 2, 47
189, 2, 46
190, 2, 52
191, 2, 47
192, 2, 47
193, 2, 46
194, 2, 47
195, 2, 47
196, 2, 47
197, 2, 46
198, 2, 47
199, 2, 47
200, 2, 47
201, 2, 46
202, 2, 47
203, 2, 47
204, 2, 47
205, 2, 46
206, 2, 47
207, 2, 47
208, 2, 47
209, 2, 46
210, 2, 47
211, 2, 47
212, 2, 47
213, 2, 46
214, 2, 47
215, 2, 47
216, 2, 47
217, 2, 46
218, 2, 47
219, 2, 47
220, 2, 47
221, 2, 46
222, 2, 47
223, 2, 47
224, 2, 47
225, 2, 46
226, 2, 47
227, 2, 47
228, 2, 47
229, 2, 46
230, 2, 47
231, 2, 47
232, 2, 47
233, 2, 46
234, 2, 47
235, 2, 47
236, 2, 47
237, 2, 46
238, 2, 47
239, 2, 47
240, 2, 47
241, 2, 46
242, 2, 47
243, 2, 47
244, 2, 47
245, 2, 46
246, 2, 47
247, 2, 47
248, 2, 47
249, 2, 46
250, 2, 47
251, 2, 47
252, 2, 47
253, 2, 46
254, 2, 52
255, 2, 47
256, 2, 47
257, 2, 47
258, 2, 46
259, 2, 47
260, 2, 47
261, 2, 47
262, 2, 46
263, 2, 47
264, 2, 47
265, 2, 47
266, 2, 46
267, 2, 47
268, 2, 47
269, 2, 47
270, 2, 46
271, 2, 47
272, 2, 47
273, 2, 47
274, 2, 46
275, 2, 47
276, 2, 47
277, 2, 47
278, 2, 46
279, 2, 47
280, 2, 47
281, 2, 47
282, 2, 46
283, 2, 47
284, 2, 47
285, 2, 47
286, 2, 46
287, 2, 47
288, 2, 47
289, 2, 47
290, 2, 46
291, 2, 47
292, 2, 47
293, 2, 47
294, 2, 46
295, 2, 47
296, 2, 47
297, 2, 47
298, 2, 46
299, 2, 47
300, 2, 47
301, 2, 47
302, 2, 46
303, 2, 47
304, 2, 47
305, 2, 47
306, 2, 46
307, 2, 47
308, 2, 47
309, 2, 47
310, 2, 46
311, 2, 47
312, 2, 47
313, 2, 47
314, 2, 46
315, 2, 47
316, 2, 47
317, 2, 47
318, 2, 52
319, 2, 47
320, 2, 47
321, 2, 47
322, 2, 47
323, 2, 47
324, 2, 47
325, 2, 47
326, 2, 47
327, 2, 47
328, 2, 47
329, 2, 47
330, 2, 47
331, 2, 47
332, 2, 47
333, 2, 47
334, 2, 47
335, 2, 47
336, 2, 47
337, 2, 47
338, 2, 47
339, 2, 47
340, 2, 47
341, 2, 47
342, 2, 47
343, 2, 47
344, 2, 47
345, 2, 47
346, 2, 47
347, 2, 47
348, 2, 47
349, 2, 47
350, 2, 47
351, 2, 47
352, 2, 47
353, 2, 47
354, 2, 47
355, 2, 47
356, 2, 47
357, 2, 47
358, 2, 47
359, 2, 47
360, 2, 47
361, 2, 47
362, 2, 47
363, 2, 47
364, 2, 47
365, 2, 47
366, 2, 47
367, 2, 47
368, 2, 47
369, 2, 47
370, 2, 47
371, 2, 47
372, 2, 47
373, 2, 47
374, 2, 47
375, 2, 47
376, 2, 47
377, 2, 47
378, 2, 47
379, 2, 47
380, 2, 47
381, 2, 47
382, 2, 47
383, 2, 46
384, 2, 47
385, 2, 47
386, 2, 47
387, 2, 46
388, 2, 47
389, 2, 47
390, 2, 47
391, 2, 46
392, 2, 47
393, 2, 47
394, 2, 47
395, 2, 46
396, 2, 47
397, 2, 47
398, 2, 47
399, 2, 46
400, 2, 47
401, 2, 47
402, 2, 47
403, 2, 46
404, 2, 47
405, 2, 47
406, 2, 47
407, 2, 46
408, 2, 47
409, 2, 47
410, 2, 47
411, 2, 46
412, 2, 47
413, 2, 47
414, 2, 47
415, 2, 46
416, 2, 47
417, 2, 47
418, 2, 47
419, 2, 46
420, 2, 47
421, 2, 47
422, 2, 47
423, 2, 46
424, 2, 47
425, 2, 47
426, 2, 47
427, 2, 46
428, 2, 47
429, 2, 47
430, 2, 47
431, 2, 46
432, 2, 47
433, 2, 47
434, 2, 47
435, 2, 46
436, 2, 47
437, 2, 47
438, 2, 47
439, 2, 46
440, 2, 47
441, 2, 47
442, 2, 47
443, 2, 46
444, 2, 47
445, 2, 47
446, 2, 52
447, 2, 47
448, 2, 46
449, 2, 47
450, 2, 47
451, 2, 47
452, 2, 46
453, 2, 47
454, 2, 47
455, 2, 47
456, 2, 46
457, 2, 47
458, 2, 47
459, 2, 47
460, 2, 46
461, 2, 47
462, 2, 47
463, 2, 47
464, 2, 46
465, 2, 47
466, 2, 47
467, 2, 47
468, 2, 46
469, 2, 47
470, 2, 47
471, 2, 47
472, 2, 46
473, 2, 47
474, 2, 47
475, 2, 47
476, 2, 46
477, 2, 47
478, 2, 47
479, 2, 47
480, 2, 46
481, 2, 47
482, 2, 47
483, 2, 47
484, 2, 46
485, 2, 47
486, 2, 47
487, 2, 47
488, 2, 46
489, 2, 47
490, 2, 47
491, 2, 47
492, 2, 46
493, 2, 47
494, 2, 47
495, 2, 47
496, 2, 46
497, 2, 47
498, 2, 47
499, 2, 47
500, 2, 46
501, 2, 47
502, 2, 47
503, 2, 47
504, 2, 46
505, 2, 47
506, 2, 47
507, 2, 47
508, 2, 46
509, 2, 47
510, 2, 52
511, 2, 47
512, 2, 47
513, 2, 47
514, 2, 47
515, 2, 47
516, 2, 47
517, 2, 47
518, 2, 47
519, 2, 47
520, 2, 47
521, 2, 47
522, 2, 47
523, 2, 47
524, 2, 47
525, 2, 47
526, 2, 47
527, 2, 47
528, 2, 47
529, 2, 47
530, 2, 47
531, 2, 47
532, 2, 47
533, 2, 47
534, 2, 47
535, 2, 47
536, 2, 47
537, 2, 47
538, 2, 47
539, 2, 47
540, 2, 47
541, 2, 47
542, 2, 47
543, 2, 47
544, 2, 47
545, 2, 47
546, 2, 47
547, 2, 47
548, 2, 47
549, 2, 47
550, 2, 47
551, 2, 47
552, 2, 47
553, 2, 47
554, 2, 47
555, 2, 47
556, 2, 47
557, 2, 47
558, 2, 47
559, 2, 47
560, 2, 47
561, 2, 47
562, 2, 47
563, 2, 47
564, 2, 47
565, 2, 47
566, 2, 47
567, 2, 47
568, 2, 47
569, 2, 47
570, 2, 47
571, 2, 47
572, 2, 47
573, 2, 47
574, 2, 52
575, 2, 47
576, 2, 47
577, 2, 46
578, 2, 47
579, 2, 47
580, 2, 47
581, 2, 46
582, 2, 47
583, 2, 47
584, 2, 47
585, 2, 46
586, 2, 47
587, 2, 47
588, 2, 47
589, 2, 46
590, 2, 47
591, 2, 47
592, 2, 47
593, 2, 46
594, 2, 47
595, 2, 47
596, 2, 47
597, 2, 46
598, 2, 47
599, 2, 47
600, 2, 47
601, 2, 46
602, 2, 47
603, 2, 47
604, 2, 47
605, 2, 46
606, 2, 47
607, 2, 47
608, 2, 47
609, 2, 46
610, 2, 47
611, 2, 47
612, 2, 47
613, 2, 46
614, 2, 47
615, 2, 47
616, 2, 47
617, 2, 46
618, 2, 47
619, 2, 47
620, 2, 47
621, 2, 46
622, 2, 47
623, 2, 47
624, 2, 47
625, 2, 46
626, 2, 47
627, 2, 47
628, 2, 47
629, 2, 46
630, 2, 47
631, 2, 47
632, 2, 47
633, 2, 46
634, 2, 47
635, 2, 47
636, 2, 47
637, 2, 46
638, 2, 52
639, 2, 47
640, 2, 47
641, 2, 47
642, 2, 46
643, 2, 47
644, 2, 47
645, 2, 47
646, 2, 46
647, 2, 47
648, 2, 47
649, 2, 47
650, 2, 46
651, 2, 47
652, 2, 47
653, 2, 47
654, 2, 46
655, 2, 47
656, 2, 47
657, 2, 47
658, 2, 46
659, 2, 47
660, 2, 47
661, 2, 47
662, 2, 46
663, 2, 47
664, 2, 47
665, 2, 47
666, 2, 46
667, 2, 47
668, 2, 47
669, 2, 47
670, 2, 46
671, 2, 47
672, 2, 47
673, 2, 47
674, 2, 46
675, 2, 47
676, 2, 47
677, 2, 47
678, 2, 46
679, 2, 47
680, 2, 47
681, 2, 47
682, 2, 46
683, 2, 47
684, 2, 47
685, 2, 47
686, 2, 46
687, 2, 47
688, 2, 47
689, 2, 47
690, 2, 46
691, 2, 47
692, 2, 47
693, 2, 47
694, 2, 46
695, 2, 47
696, 2, 47
697, 2, 47
698, 2, 46
699, 2, 47
700, 2, 47
701, 2, 47
702, 2, 46
703, 2, 47
704, 2, 47
705, 2, 47
706, 2, 46
707, 2, 47
708, 2, 47
709, 2, 47
710, 2, 46
711, 2, 47
712, 2, 47
713, 2, 47
714, 2, 46
715, 2, 47
716, 2, 47
717, 2, 47
718, 2, 46
719, 2, 47
720, 2, 47
721, 2, 47
722, 2, 46
723, 2, 47
724, 2, 47
725, 2, 47
726, 2, 46
727, 2, 47
728, 2, 47
729, 2, 47
730, 2, 46
731, 2, 47
732, 2, 47
733, 2, 47
734, 2, 46
735, 2, 47
736, 2, 47
737, 2, 47
738, 2, 46
739, 2, 47
740, 2, 47
741, 2, 47
742, 2, 46
743, 2, 47
744, 2, 47
745, 2, 47
746, 2, 46
747, 2, 47
748, 2, 47
749, 2, 47
750, 2, 46
751, 2, 47
752, 2, 47
753, 2, 47
754, 2, 46
755, 2, 47
756, 2, 47
757, 2, 47
758, 2, 46
759, 2, 47
760, 2, 47
761, 2, 47
762, 2, 46
763, 2, 47
764, 2, 47
765, 2, 47
766, 2, 52
767, 2, 46
768, 2, 47
769, 2, 47
770, 2, 47
771, 2, 46
772, 2, 47
773, 2, 47
774, 2, 47
775, 2, 46
776, 2, 47
777, 2, 47
778, 2, 47
779, 2, 46
780, 2, 47
781, 2, 47
782, 2, 47
783, 2, 46
784, 2, 47
785, 2, 47
786, 2, 47
787, 2, 46
788, 2, 47
789, 2, 47
790, 2, 47
791, 2, 46
792, 2, 47
793, 2, 47
794, 2, 47
795, 2, 46
796, 2, 47
797, 2, 47
798, 2, 47
799, 2, 46
800, 2, 47
801, 2, 47
802, 2, 47
803, 2, 46
804, 2, 47
805, 2, 47
806, 2, 47
807, 2, 46
808, 2, 47
809, 2, 47
810, 2, 47
811, 2, 46
812, 2, 47
813, 2, 47
814, 2, 47
815, 2, 46
816, 2, 47
817, 2, 47
818, 2, 47
819, 2, 46
820, 2, 47
821, 2, 47
822, 2, 47
823, 2, 46
824, 2, 47
825, 2, 47
826, 2, 47
827, 2, 46
828, 2, 47
829, 2, 47
830, 2, 52
831, 2, 47
832, 2, 47
833, 2, 47
834, 2, 47
835, 2, 47
836, 2, 47
837, 2, 47
838, 2, 47
839, 2, 47
840, 2, 47
841, 2, 47
842, 2, 47
843, 2, 47
844, 2, 47
845, 2, 47
846, 2, 47
847, 2, 47
848, 2, 47
849, 2, 47
850, 2, 47
851, 2, 47
852, 2, 47
853, 2, 47
854, 2, 47
855, 2, 47
856, 2, 47
857, 2, 47
858, 2, 47
859, 2, 47
860, 2, 47
861, 2, 47
862, 2, 47
863, 2, 47
864, 2, 47
865, 2, 47
866, 2, 47
867, 2, 47
868, 2, 47
869, 2, 47
870, 2, 47
871, 2, 47
872, 2, 47
873, 2, 47
874, 2, 47
875, 2, 47
876, 2, 47
877, 2, 47
878, 2, 47
879, 2, 47
880, 2, 47
881, 2, 47
882, 2, 47
883, 2, 47
884, 2, 47
885, 2, 47
886, 2, 47
887, 2, 47
888, 2, 47
889, 2, 47
890, 2, 47
891, 2, 47
892, 2, 47
893, 2, 47
894, 2, 52
895, 2, 47
896, 2, 46
897, 2, 47
898, 2, 47
899, 2, 47
900, 2, 46
901, 2, 47
902, 2, 47
903, 2, 47
904, 2, 46
905, 2, 47
906, 2, 47
907, 2, 47
908, 2, 46
909, 2, 47
910, 2, 47
911, 2, 47
912, 2, 46
913, 2, 47
914, 2, 47
915, 2, 47
916, 2, 46
917, 2, 47
918, 2, 47
919, 2, 47
920, 2, 46
921, 2, 47
922, 2, 47
923, 2, 47
924, 2, 46
925, 2, 47
926, 2, 47
927, 2, 47
928, 2, 46
929, 2, 47
930, 2, 47
931, 2, 47
932, 2, 46
933, 2, 47
934, 2, 47
935, 2, 47
936, 2, 46
937, 2, 47
938, 2, 47
939, 2, 47
940, 2, 46
941, 2, 47
942, 2, 47
943, 2, 47
944, 2, 46
945, 2, 47
946, 2, 47
947, 2, 47
948, 2, 46
949, 2, 47
950, 2, 47
951, 2, 47
952, 2, 46
953, 2, 47
954, 2, 47
955, 2, 47
956, 2, 46
957, 2, 47
958, 2, 47
959, 2, 47
960, 2, 47
961, 2, 46
962, 2, 47
963, 2, 47
964, 2, 47
965, 2, 46
966, 2, 47
967, 2, 47
968, 2, 47
969, 2, 46
970, 2, 47
971, 2, 47
972, 2, 47
973, 2, 46
974, 2, 47
975, 2, 47
976, 2, 47
977, 2, 46
978, 2, 47
979, 2, 47
980, 2, 47
981, 2, 46
982, 2, 47
983, 2, 47
984, 2, 47
985, 2, 46
986, 2, 47
987, 2, 47
988, 2, 47
989, 2, 46
990, 2, 47
991, 2, 47
992, 2, 47
993, 2, 46
994, 2, 47
995, 2, 47
996, 2, 47
997, 2, 46
998, 2, 47
999, 2, 47
1000, 2, 47
1001, 2, 46
1002, 2, 47
1003, 2, 47
1004, 2, 47
1005, 2, 46
1006, 2, 47
1007, 2, 47
1008, 2, 47
1009, 2, 46
1010, 2, 47
1011, 2, 47
1012, 2, 47
1013, 2, 46
1014, 2, 47
1015, 2, 47
1016, 2, 47
1017, 2, 46
1018, 2, 47
1019, 2, 47
1020, 2, 47
1021, 2, 46
1022, 2, 47
1023, 2, 47
0, 3, 100
1, 3, 30
2, 3, 27
3, 3, 30
4, 3, 32
5, 3, 100
6, 3, 27
7, 3, 32
8, 3, 27
9, 3, 32
10, 3, 27
11, 3, 27
12, 3, 27
13, 3, 27
14, 3, 32
15, 3, 27
16, 3, 32
17, 3, 27
18, 3, 100
19, 3, 27
20, 3, 27
21, 3, 32
22, 3, 27
23, 3, 32
24, 3, 27
25, 3, 27
26, 3, 27
27, 3, 27
28, 3, 32
29, 3, 27
30, 3, 32
31, 3, 27
32, 3, 27
33, 3, 27
34, 3, 27
35, 3, 32
36, 3, 27
37, 3, 32
38, 3, 27
39, 3, 27
40, 3, 27
41, 3, 27
42, 3, 32
43, 3, 27
44, 3, 32
45, 3, 27
46, 3, 27
47, 3, 27
48, 3, 27
49, 3, 32
50, 3, 27
51, 3, 32
52, 3, 27
53, 3, 27
54, 3, 27
55, 3, 27
56, 3, 27
57, 3, 27
58, 3, 32
59, 3, 27
60, 3, 32
61, 3, 27
62, 3, 30
63, 3, 35
64, 3, 27
65, 3, 32
66, 3, 27
67, 3, 27
68, 3, 27
69, 3, 27
70, 3, 27
71, 3, 27
72, 3, 32
73, 3, 27
74, 3, 32
75, 3, 27
76, 3, 27
77, 3, 27
78, 3, 27
79, 3, 32
80, 3, 27
81, 3, 32
82, 3, 27
83, 3, 27
84, 3, 27
85, 3, 27
86, 3, 32
87, 3, 27
88, 3, 32
89, 3, 27
90, 3, 27
91, 3, 27
92, 3, 27
93, 3, 32
94, 3, 27
95, 3, 32
96, 3, 27
97, 3, 27
98, 3, 27
99, 3, 27
100, 3, 32
101, 3, 27
102, 3, 32
103, 3, 27
104, 3, 27
105, 3, 27
106, 3, 27
107, 3, 32
108, 3, 27
109, 3, 32
110, 3, 27
111, 3, 27
112, 3, 27
113, 3, 27
114, 3, 27
115, 3, 27
116, 3, 32
117, 3, 27
118, 3, 32
119, 3, 27
120, 3, 27
121, 3, 27
122, 3, 27
123, 3, 32
124, 3, 27
125, 3, 32
126, 3, 30
127, 3, 27
128, 3, 27
129, 3, 27
130, 3, 32
131, 3, 27
132, 3, 32
133, 3, 27
134, 3, 27
135, 3, 27
136, 3, 27
137, 3, 32
138, 3, 27
139, 3, 32
140, 3, 27
141, 3, 27
142, 3, 27
143, 3, 27
144, 3, 32
145, 3, 27
146, 3, 32
147, 3, 27
148, 3, 27
149, 3, 27
150, 3, 27
151, 3, 32
152, 3, 27
153, 3, 32
154, 3, 27
155, 3, 27
156, 3, 27
157, 3, 27
158, 3, 32
159, 3, 27
160, 3, 32
161, 3, 27
162, 3, 27
163, 3, 27
164, 3, 27
165, 3, 27
166, 3, 27
167, 3, 32
168, 3, 27
169, 3, 32
170, 3, 27
171, 3, 27
172, 3, 27
173, 3, 27
174, 3, 32
175, 3, 27
176, 3, 32
177, 3, 27
178, 3, 27
179, 3, 27
180, 3, 27
181, 3, 32
182, 3, 27
183, 3, 32
184, 3, 27
185, 3, 27
186, 3, 27
187, 3, 27
188, 3, 32
189, 3, 27
190, 3, 32
191, 3, 27
192, 3, 27
193, 3, 27
194, 3, 27
195, 3, 32
196, 3, 27
197, 3, 32
198, 3, 27
199, 3, 27
200, 3, 27
201, 3, 27
202, 3, 32
203, 3, 27
204, 3, 32
205, 3, 27
206, 3, 27
207, 3, 27
208, 3, 27
209, 3, 32
210, 3, 27
211, 3, 32
212, 3, 27
213, 3, 27
214, 3, 27
215, 3, 27
216, 3, 27
217, 3, 27
218, 3, 32
219, 3, 27
220, 3, 32
221, 3, 27
222, 3, 27
223, 3, 27
224, 3, 27
225, 3, 32
226, 3, 27
227, 3, 32
228, 3, 27
229, 3, 27
230, 3, 27
231, 3, 27
232, 3, 32
233, 3, 27
234, 3, 32
235, 3, 27
236, 3, 27
237, 3, 27
238, 3, 27
239, 3, 32
240, 3, 27
241, 3, 32
242, 3, 27
243, 3, 27
244, 3, 27
245, 3, 27
246, 3, 32
247, 3, 27
248, 3, 32
249, 3, 27
250, 3, 27
251, 3, 27
252, 3, 27
253, 3, 32
254, 3, 30
255, 3, 32
256, 3, 27
257, 3, 27
258, 3, 27
259, 3, 27
260, 3, 32
261, 3, 27
262, 3, 32
263, 3, 27
264, 3, 27
265, 3, 27
266, 3, 27
267, 3, 27
268, 3, 27
269, 3, 32
270, 3, 27
271, 3, 32
272, 3, 27
273, 3, 27
274, 3, 27
275, 3, 27
276, 3, 32
277, 3, 27
278, 3, 32
279, 3, 27
280, 3, 27
281, 3, 27
282, 3, 27
283, 3, 32
284, 3, 27
285, 3, 32
286, 3, 27
287, 3, 27
288, 3, 27
289, 3, 27
290, 3, 32
291, 3, 27
292, 3, 32
293, 3, 27
294, 3, 27
295, 3, 27
296, 3, 27
297, 3, 32
298, 3, 27
299, 3, 32
300, 3, 27
301, 3, 27
302, 3, 27
303, 3, 27
304, 3, 32
305, 3, 27
306, 3, 32
307, 3, 27
308, 3, 27
309, 3, 27
310, 3, 27
311, 3, 27
312, 3, 27
313, 3, 32
314, 3, 27
315, 3, 32
316, 3, 27
317, 3, 27
318, 3, 30
319, 3, 27
320, 3, 32
321, 3, 27
322, 3, 32
323, 3, 27
324, 3, 27
325, 3, 27
326, 3, 27
327, 3, 32
328, 3, 27
329, 3, 32
330, 3, 27
331, 3, 27
332, 3, 27
333, 3, 27
334, 3, 32
335, 3, 27
336, 3, 32
337, 3, 27
338, 3, 27
339, 3, 27
340, 3, 27
341, 3, 32
342, 3, 27
343, 3, 32
344, 3, 27
345, 3, 27
346, 3, 27
347, 3, 27
348, 3, 32
349, 3, 27
350, 3, 32
351, 3, 27
352, 3, 27
353, 3, 27
354, 3, 27
355, 3, 32
356, 3, 27
357, 3, 32
358, 3, 27
359, 3, 27
360, 3, 27
361, 3, 27
362, 3, 27
363, 3, 27
364, 3, 32
365, 3, 27
366, 3, 32
367, 3, 27
368, 3, 27
369, 3, 27
370, 3, 27
371, 3, 32
372, 3, 27
373, 3, 32
374, 3, 27
375, 3, 27
376, 3, 27
377, 3, 27
378, 3, 32
379, 3, 27
380, 3, 32
381, 3, 27
382, 3, 30
383, 3, 27
384, 3, 27
385, 3, 32
386, 3, 27
387, 3, 32
388, 3, 27
389, 3, 27
390, 3, 27
391, 3, 27
392, 3, 32
393, 3, 27
394, 3, 32
395, 3, 27
396, 3, 27
397, 3, 27
398, 3, 27
399, 3, 32
400, 3, 27
401, 3, 32
402, 3, 27
403, 3, 27
404, 3, 27
405, 3, 27
406, 3, 32
407, 3, 27
408, 3, 32
409, 3, 27
410, 3, 27
411, 3, 27
412, 3, 27
413, 3, 27
414, 3, 27
415, 3, 32
416, 3, 27
417, 3, 32
418, 3, 27
419, 3, 27
420, 3, 27
421, 3, 27
422, 3, 32
423, 3, 27
424, 3, 32
425, 3, 27
426, 3, 27
427, 3, 27
428, 3, 27
429, 3, 32
430, 3, 27
431, 3, 32
432, 3, 27
433, 3, 27
434, 3, 27
435, 3, 27
436, 3, 32
437, 3, 27
438, 3, 32
439, 3, 27
440, 3, 27
441, 3, 27
442, 3, 27
443, 3, 32
444, 3, 27
445, 3, 32
446, 3, 27
447, 3, 27
448, 3, 27
449, 3, 27
450, 3, 32
451, 3, 27
452, 3, 32
453, 3, 27
454, 3, 27
455, 3, 27
456, 3, 27
457, 3, 32
458, 3, 27
459, 3, 32
460, 3, 27
461, 3, 27
462, 3, 27
463, 3, 27
464, 3, 27
465, 3, 27
466, 3, 32
467, 3, 27
468, 3, 32
469, 3, 27
470, 3, 27
471, 3, 27
472, 3, 27
473, 3, 32
474, 3, 27
475, 3, 27
476, 3, 32
477, 3, 27
478, 3, 32
479, 3, 27
480, 3, 27
481, 3, 27
482, 3, 27
483, 3, 32
484, 3, 27
485, 3, 32
486, 3, 27
487, 3, 27
488, 3, 27
489, 3, 27
490, 3, 32
491, 3, 27
492, 3, 32
493, 3, 27
494, 3, 27
495, 3, 27
496, 3, 27
497, 3, 32
498, 3, 27
499, 3, 32
500, 3, 27
501, 3, 27
502, 3, 27
503, 3, 27
504, 3, 27
505, 3, 27
506, 3, 32
507, 3, 27
508, 3, 32
509, 3, 27
510, 3, 30
511, 3, 27
512, 3, 27
513, 3, 32
514, 3, 27
515, 3, 32
516, 3, 27
517, 3, 27
518, 3, 27
519, 3, 27
520, 3, 32
521, 3, 27
522, 3, 32
523, 3, 27
524, 3, 27
525, 3, 27
526, 3, 27
527, 3, 32
528, 3, 27
529, 3, 32
530, 3, 27
531, 3, 27
532, 3, 27
533, 3, 27
534, 3, 32
535, 3, 27
536, 3, 32
537, 3, 27
538, 3, 27
539, 3, 27
540, 3, 27
541, 3, 32
542, 3, 27
543, 3, 32
544, 3, 27
545, 3, 27
546, 3, 27
547, 3, 27
548, 3, 32
549, 3, 27
550, 3, 32
551, 3, 27
552, 3, 27
553, 3, 27
554, 3, 27
555, 3, 27
556, 3, 27
557, 3, 32
558, 3, 27
559, 3, 32
560, 3, 27
561, 3, 27
562, 3, 27
563, 3, 27
564, 3, 32
565, 3, 27
566, 3, 32
567, 3, 27
568, 3, 27
569, 3, 27
570, 3, 27
571, 3, 32
572, 3, 27
573, 3, 32
574, 3, 27
575, 3, 27
576, 3, 27
577, 3, 27
578, 3, 32
579, 3, 27
580, 3, 32
581, 3, 27
582, 3, 27
583, 3, 27
584, 3, 27
585, 3, 32
586, 3, 27
587, 3, 32
588, 3, 27
589, 3, 27
590, 3, 27
591, 3, 27
592, 3, 32
593, 3, 27
594, 3, 32
595, 3, 27
596, 3, 27
597, 3, 27
598, 3, 27
599, 3, 32
600, 3, 27
601, 3, 32
602, 3, 27
603, 3, 27
604, 3, 27
605, 3, 27
606, 3, 27
607, 3, 27
608, 3, 32
609, 3, 27
610, 3, 32
611, 3, 27
612, 3, 27
613, 3, 27
614, 3, 27
615, 3, 32
616, 3, 27
617, 3, 32
618, 3, 27
619, 3, 27
620, 3, 27
621, 3, 27
622, 3, 32
623, 3, 27
624, 3, 32
625, 3, 27
626, 3, 27
627, 3, 27
628, 3, 27
629, 3, 32
630, 3, 27
631, 3, 32
632, 3, 27
633, 3, 27
634, 3, 27
635, 3, 27
636, 3, 32
637, 3, 27
638, 3, 35
639, 3, 27
640, 3, 27
641, 3, 27
642, 3, 27
643, 3, 32
644, 3, 27
645, 3, 32
646, 3, 27
647, 3, 27
648, 3, 27
649, 3, 27
650, 3, 32
651, 3, 27
652, 3, 32
653, 3, 27
654, 3, 27
655, 3, 27
656, 3, 27
657, 3, 27
658, 3, 27
659, 3, 32
660, 3, 27
661, 3, 32
662, 3, 27
663, 3, 27
664, 3, 27
665, 3, 27
666, 3, 32
667, 3, 27
668, 3, 32
669, 3, 27
670, 3, 27
671, 3, 27
672, 3, 27
673, 3, 32
674, 3, 27
675, 3, 32
676, 3, 27
677, 3, 27
678, 3, 27
679, 3, 27
680, 3, 32
681, 3, 27
682, 3, 32
683, 3, 27
684, 3, 27
685, 3, 27
686, 3, 27
687, 3, 32
688, 3, 27
689, 3, 32
690, 3, 27
691, 3, 27
692, 3, 27
693, 3, 27
694, 3, 32
695, 3, 27
696, 3, 32
697, 3, 27
698, 3, 27
699, 3, 27
700, 3, 27
701, 3, 27
702, 3, 30
703, 3, 32
704, 3, 27
705, 3, 27
706, 3, 27
707, 3, 27
708, 3, 27
709, 3, 27
710, 3, 32
711, 3, 27
712, 3, 32
713, 3, 27
714, 3, 27
715, 3, 27
716, 3, 27
717, 3, 32
718, 3, 27
719, 3, 32
720, 3, 27
721, 3, 27
722, 3, 27
723, 3, 27
724, 3, 32
725, 3, 27
726, 3, 32
727, 3, 27
728, 3, 27
729, 3, 27
730, 3, 27
731, 3, 32
732, 3, 27
733, 3, 32
734, 3, 27
735, 3, 27
736, 3, 27
737, 3, 27
738, 3, 32
739, 3, 27
740, 3, 32
741, 3, 27
742, 3, 27
743, 3, 27
744, 3, 27
745, 3, 32
746, 3, 27
747, 3, 32
748, 3, 27
749, 3, 27
750, 3, 27
751, 3, 27
752, 3, 27
753, 3, 27
754, 3, 32
755, 3, 27
756, 3, 32
757, 3, 27
758, 3, 27
759, 3, 27
760, 3, 27
761, 3, 32
762, 3, 27
763, 3, 32
764, 3, 27
765, 3, 27
766, 3, 30
767, 3, 27
768, 3, 32
769, 3, 27
770, 3, 32
771, 3, 27
772, 3, 27
773, 3, 27
774, 3, 27
775, 3, 32
776, 3, 27
777, 3, 32
778, 3, 27
779, 3, 27
780, 3, 27
781, 3, 27
782, 3, 32
783, 3, 27
784, 3, 32
785, 3, 27
786, 3, 27
787, 3, 27
788, 3, 27
789, 3, 32
790, 3, 27
791, 3, 32
792, 3, 27
793, 3, 27
794, 3, 27
795, 3, 27
796, 3, 32
797, 3, 27
798, 3, 32
799, 3, 27
800, 3, 27
801, 3, 27
802, 3, 27
803, 3, 27
804, 3, 27
805, 3, 32
806, 3, 27
807, 3, 32
808, 3, 27
809, 3, 27
810, 3, 27
811, 3, 27
812, 3, 32
813, 3, 27
814, 3, 32
815, 3, 27
816, 3, 27
817, 3, 27
818, 3, 27
819, 3, 32
820, 3, 27
821, 3, 32
822, 3, 27
823, 3, 27
824, 3, 27
825, 3, 27
826, 3, 32
827, 3, 27
828, 3, 32
829, 3, 27
830, 3, 27
831, 3, 27
832, 3, 27
833, 3, 32
834, 3, 27
835, 3, 32
836, 3, 27
837, 3, 27
838, 3, 27
839, 3, 27
840, 3, 32
841, 3, 27
842, 3, 32
843, 3, 27
844, 3, 27
845, 3, 27
846, 3, 27
847, 3, 32
848, 3, 27
849, 3, 32
850, 3, 27
851, 3, 27
852, 3, 27
853, 3, 27
854, 3, 27
855, 3, 27
856, 3, 32
857, 3, 27
858, 3, 32
859, 3, 27
860, 3, 27
861, 3, 27
862, 3, 27
863, 3, 32
864, 3, 27
865, 3, 32
866, 3, 27
867, 3, 27
868, 3, 27
869, 3, 27
870, 3, 32
871, 3, 27
872, 3, 32
873, 3, 27
874, 3, 27
875, 3, 27
876, 3, 27
877, 3, 32
878, 3, 27
879, 3, 32
880, 3, 27
881, 3, 27
882, 3, 27
883, 3, 27
884, 3, 32
885, 3, 27
886, 3, 32
887, 3, 27
888, 3, 27
889, 3, 27
890, 3, 27
891, 3, 32
892, 3, 27
893, 3, 32
894, 3, 30
895, 3, 27
896, 3, 27
897, 3, 27
898, 3, 32
899, 3, 27
900, 3, 32
901, 3, 27
902, 3, 27
903, 3, 27
904, 3, 27
905, 3, 27
906, 3, 27
907, 3, 32
908, 3, 27
909, 3, 32
910, 3, 27
911, 3, 27
912, 3, 27
913, 3, 27
914, 3, 32
915, 3, 27
916, 3, 32
917, 3, 27
918, 3, 27
919, 3, 27
920, 3, 27
921, 3, 32
922, 3, 27
923, 3, 32
924, 3, 27
925, 3, 27
926, 3, 27
927, 3, 27
928, 3, 32
929, 3, 27
930, 3, 32
931, 3, 27
932, 3, 27
933, 3, 27
934, 3, 27
935, 3, 32
936, 3, 27
937, 3, 32
938, 3, 27
939, 3, 27
940, 3, 27
941, 3, 27
942, 3, 32
943, 3, 27
944, 3, 32
945, 3, 27
946, 3, 27
947, 3, 27
948, 3, 27
949, 3, 27
950, 3, 27
951, 3, 32
952, 3, 27
953, 3, 32
954, 3, 27
955, 3, 27
956, 3, 27
957, 3, 27
958, 3, 35
959, 3, 27
960, 3, 32
961, 3, 27
962, 3, 27
963, 3, 27
964, 3, 27
965, 3, 32
966, 3, 27
967, 3, 32
968, 3, 27
969, 3, 27
970, 3, 27
971, 3, 27
972, 3, 32
973, 3, 27
974, 3, 32
975, 3, 27
976, 3, 27
977, 3, 27
978, 3, 27
979, 3, 32
980, 3, 27
981, 3, 32
982, 3, 27
983, 3, 27
984, 3, 27
985, 3, 27
986, 3, 32
987, 3, 27
988, 3, 32
989, 3, 27
990, 3, 27
991, 3, 27
992, 3, 27
993, 3, 32
994, 3, 27
995, 3, 32
996, 3, 27
997, 3, 27
998, 3, 27
999, 3, 27
1000, 3, 27
1001, 3, 27
1002, 3, 32
1003, 3, 27
1004, 3, 32
1005, 3, 27
1006, 3, 27
1007, 3, 27
1008, 3, 27
1009, 3, 32
1010, 3, 27
1011, 3, 32
1012, 3, 27
1013, 3, 27
1014, 3, 27
1015, 3, 27
1016, 3, 32
1017, 3, 27
1018, 3, 32
1019, 3, 27
1020, 3, 27
1021, 3, 27
1022, 3, 27
1023, 3, 32
0, 4, 30
1, 4, 30
2, 4, 27
3, 4, 53
4, 4, 50
5, 4, 27
6, 4, 27
7, 4, 50
8, 4, 27
9, 4, 27
10, 4, 50
11, 4, 27
12, 4, 27
13, 4, 50
14, 4, 27
15, 4, 27
16, 4, 27
17, 4, 50
18, 4, 27
19, 4, 27
20, 4, 50
21, 4, 27
22, 4, 27
23, 4, 50
24, 4, 27
25, 4, 27
26, 4, 50
27, 4, 27
28, 4, 27
29, 4, 27
30, 4, 50
31, 4, 27
32, 4, 27
33, 4, 50
34, 4, 27
35, 4, 27
36, 4, 50
37, 4, 27
38, 4, 27
39, 4, 50
40, 4, 50
41, 4, 27
42, 4, 27
43, 4, 50
44, 4, 27
45, 4, 27
46, 4, 50
47, 4, 27
48, 4, 27
49, 4, 50
50, 4, 27
51, 4, 27
52, 4, 27
53, 4, 50
54, 4, 27
55, 4, 27
56, 4, 50
57, 4, 27
58, 4, 27
59, 4, 50
60, 4, 27
61, 4, 27
62, 4, 53
63, 4, 50
64, 4, 27
65, 4, 27
66, 4, 50
67, 4, 27
68, 4, 27
69, 4, 50
70, 4, 27
71, 4, 27
72, 4, 50
73, 4, 27
74, 4, 27
75, 4, 27
76, 4, 50
77, 4, 27
78, 4, 27
79, 4, 50
80, 4, 27
81, 4, 27
82, 4, 50
83, 4, 27
84, 4, 27
85, 4, 50
86, 4, 50
87, 4, 27
88, 4, 27
89, 4, 50
90, 4, 27
91, 4, 27
92, 4, 50
93, 4, 27
94, 4, 27
95, 4, 50
96, 4, 27
97, 4, 27
98, 4, 27
99, 4, 50
100, 4, 27
101, 4, 27
102, 4, 50
103, 4, 27
104, 4, 27
105, 4, 50
106, 4, 27
107, 4, 27
108, 4, 50
109, 4, 27
110, 4, 27
111, 4, 27
112, 4, 50
113, 4, 27
114, 4, 27
115, 4, 50
116, 4, 27
117, 4, 27
118, 4, 50
119, 4, 27
120, 4, 27
121, 4, 50
122, 4, 50
123, 4, 27
124, 4, 27
125, 4, 50
126, 4, 27
127, 4, 27
128, 4, 50
129, 4, 27
130, 4, 27
131, 4, 50
132, 4, 27
133, 4, 27
134, 4, 27
135, 4, 50
136, 4, 27
137, 4, 27
138, 4, 50
139, 4, 27
140, 4, 27
141, 4, 50
142, 4, 27
143, 4, 27
144, 4, 50
145, 4, 50
146, 4, 27
147, 4, 27
148, 4, 50
149, 4, 27
150, 4, 27
151, 4, 50
152, 4, 27
153, 4, 27
154, 4, 50
155, 4, 27
156, 4, 27
157, 4, 27
158, 4, 50
159, 4, 27
160, 4, 27
161, 4, 50
162, 4, 27
163, 4, 27
164, 4, 50
165, 4, 27
166, 4, 27
167, 4, 50
168, 4, 27
169, 4, 27
170, 4, 27
171, 4, 50
172, 4, 27
173, 4, 27
174, 4, 50
175, 4, 27
176, 4, 27
177, 4, 50
178, 4, 27
179, 4, 27
180, 4, 50
181, 4, 50
182, 4, 27
183, 4, 27
184, 4, 50
185, 4, 27
186, 4, 27
187, 4, 50
188, 4, 27
189, 4, 27
190, 4, 53
191, 4, 27
192, 4, 27
193, 4, 27
194, 4, 50
195, 4, 27
196, 4, 27
197, 4, 50
198, 4, 27
199, 4, 27
200, 4, 50
201, 4, 27
202, 4, 27
203, 4, 50
204, 4, 50
205, 4, 27
206, 4, 27
207, 4, 50
208, 4, 27
209, 4, 27
210, 4, 50
211, 4, 27
212, 4, 27
213, 4, 50
214, 4, 27
215, 4, 27
216, 4, 27
217, 4, 50
218, 4, 27
219, 4, 27
220, 4, 50
221, 4, 27
222, 4, 27
223, 4, 50
224, 4, 27
225, 4, 27
226, 4, 50
227, 4, 27
228, 4, 27
229, 4, 27
230, 4, 50
231, 4, 27
232, 4, 27
233, 4, 50
234, 4, 27
235, 4, 27
236, 4, 50
237, 4, 27
238, 4, 27
239, 4, 50
240, 4, 50
241, 4, 27
242, 4, 27
243, 4, 50
244, 4, 27
245, 4, 27
246, 4, 50
247, 4, 27
248, 4, 27
249, 4, 50
250, 4, 27
251, 4, 27
252, 4, 27
253, 4, 50
254, 4, 30
255, 4, 27
256, 4, 50
257, 4, 27
258, 4, 27
259, 4, 50
260, 4, 27
261, 4, 27
262, 4, 50
263, 4, 50
264, 4, 27
265, 4, 27
266, 4, 50
267, 4, 27
268, 4, 27
269, 4, 50
270, 4, 27
271, 4, 27
272, 4, 50
273, 4, 27
274, 4, 27
275, 4, 27
276, 4, 50
277, 4, 27
278, 4, 27
279, 4, 50
280, 4, 27
281, 4, 27
282, 4, 50
283, 4, 27
284, 4, 27
285, 4, 50
286, 4, 27
287, 4, 27
288, 4, 27
289, 4, 50
290, 4, 27
291, 4, 27
292, 4, 50
293, 4, 27
294, 4, 27
295, 4, 50
296, 4, 27
297, 4, 27
298, 4, 50
299, 4, 50
300, 4, 27
301, 4, 27
302, 4, 50
303, 4, 27
304, 4, 27
305, 4, 50
306, 4, 27
307, 4, 27
308, 4, 50
309, 4, 27
310, 4, 27
311, 4, 27
312, 4, 50
313, 4, 27
314, 4, 27
315, 4, 50
316, 4, 27
317, 4, 27
318, 4, 53
319, 4, 27
320, 4, 27
321, 4, 50
322, 4, 50
323, 4, 27
324, 4, 27
325, 4, 50
326, 4, 27
327, 4, 27
328, 4, 50
329, 4, 27
330, 4, 27
331, 4, 50
332, 4, 27
333, 4, 27
334, 4, 27
335, 4, 50
336, 4, 27
337, 4, 27
338, 4, 50
339, 4, 27
340, 4, 27
341, 4, 50
342, 4, 27
343, 4, 27
344, 4, 50
345, 4, 27
346, 4, 27
347, 4, 27
348, 4, 50
349, 4, 27
350, 4, 27
351, 4, 50
352, 4, 27
353, 4, 27
354, 4, 50
355, 4, 27
356, 4, 27
357, 4, 50
358, 4, 50
359, 4, 27
360, 4, 27
361, 4, 50
362, 4, 27
363, 4, 27
364, 4, 50
365, 4, 27
366, 4, 27
367, 4, 50
368, 4, 27
369, 4, 27
370, 4, 27
371, 4, 50
372, 4, 27
373, 4, 27
374, 4, 50
375, 4, 27
376, 4, 27
377, 4, 50
378, 4, 27
379, 4, 27
380, 4, 50
381, 4, 27
382, 4, 27
383, 4, 27
384, 4, 50
385, 4, 27
386, 4, 27
387, 4, 50
388, 4, 27
389, 4, 27
390, 4, 50
391, 4, 27
392, 4, 27
393, 4, 27
394, 4, 50
395, 4, 27
396, 4, 27
397, 4, 50
398, 4, 27
399, 4, 27
400, 4, 50
401, 4, 27
402, 4, 27
403, 4, 50
404, 4, 27
405, 4, 27
406, 4, 27
407, 4, 50
408, 4, 27
409, 4, 27
410, 4, 50
411, 4, 27
412, 4, 27
413, 4, 50
414, 4, 27
415, 4, 27
416, 4, 50
417, 4, 50
418, 4, 27
419, 4, 27
420, 4, 50
421, 4, 27
422, 4, 27
423, 4, 50
424, 4, 27
425, 4, 27
426, 4, 50
427, 4, 27
428, 4, 27
429, 4, 27
430, 4, 50
431, 4, 27
432, 4, 27
433, 4, 50
434, 4, 27
435, 4, 27
436, 4, 50
437, 4, 27
438, 4, 27
439, 4, 50
440, 4, 27
441, 4, 27
442, 4, 27
443, 4, 50
444, 4, 27
445, 4, 27
446, 4, 53
447, 4, 27
448, 4, 27
449, 4, 50
450, 4, 27
451, 4, 27
452, 4, 27
453, 4, 50
454, 4, 27
455, 4, 27
456, 4, 50
457, 4, 27
458, 4, 27
459, 4, 50
460, 4, 27
461, 4, 27
462, 4, 50
463, 4, 27
464, 4, 27
465, 4, 27
466, 4, 50
467, 4, 27
468, 4, 27
469, 4, 50
470, 4, 27
471, 4, 27
472, 4, 50
473, 4, 27
474, 4, 27
475, 4, 27
476, 4, 50
477, 4, 50
478, 4, 27
479, 4, 27
480, 4, 50
481, 4, 27
482, 4, 27
483, 4, 50
484, 4, 27
485, 4, 27
486, 4, 50
487, 4, 27
488, 4, 27
489, 4, 27
490, 4, 50
491, 4, 27
492, 4, 27
493, 4, 50
494, 4, 27
495, 4, 27
496, 4, 50
497, 4, 27
498, 4, 27
499, 4, 50
500, 4, 27
501, 4, 27
502, 4, 27
503, 4, 50
504, 4, 27
505, 4, 27
506, 4, 50
507, 4, 27
508, 4, 27
509, 4, 50
510, 4, 27
511, 4, 27
512, 4, 27
513, 4, 50
514, 4, 27
515, 4, 27
516, 4, 50
517, 4, 27
518, 4, 27
519, 4, 50
520, 4, 27
521, 4, 27
522, 4, 50
523, 4, 27
524, 4, 27
525, 4, 27
526, 4, 50
527, 4, 27
528, 4, 27
529, 4, 50
530, 4, 27
531, 4, 27
532, 4, 50
533, 4, 27
534, 4, 27
535, 4, 50
536, 4, 50
537, 4, 27
538, 4, 27
539, 4, 50
540, 4, 27
541, 4, 27
542, 4, 50
543, 4, 27
544, 4, 27
545, 4, 50
546, 4, 27
547, 4, 27
548, 4, 27
549, 4, 50
550, 4, 27
551, 4, 27
552, 4, 50
553, 4, 27
554, 4, 27
555, 4, 50
556, 4, 27
557, 4, 27
558, 4, 50
559, 4, 27
560, 4, 27
561, 4, 27
562, 4, 50
563, 4, 27
564, 4, 27
565, 4, 50
566, 4, 27
567, 4, 27
568, 4, 50
569, 4, 27
570, 4, 27
571, 4, 50
572, 4, 50
573, 4, 27
574, 4, 30
575, 4, 50
576, 4, 27
577, 4, 27
578, 4, 50
579, 4, 27
580, 4, 27
581, 4, 50
582, 4, 27
583, 4, 27
584, 4, 27
585, 4, 50
586, 4, 27
587, 4, 27
588, 4, 50
589, 4, 27
590, 4, 27
591, 4, 50
592, 4, 27
593, 4, 27
594, 4, 50
595, 4, 50
596, 4, 27
597, 4, 27
598, 4, 50
599, 4, 27
600, 4, 27
601, 4, 50
602, 4, 27
603, 4, 27
604, 4, 50
605, 4, 27
606, 4, 27
607, 4, 27
608, 4, 50
609, 4, 27
610, 4, 27
611, 4, 50
612, 4, 27
613, 4, 27
614, 4, 50
615, 4, 27
616, 4, 27
617, 4, 50
618, 4, 27
619, 4, 27
620, 4, 27
621, 4, 50
622, 4, 27
623, 4, 27
624, 4, 50
625, 4, 27
626, 4, 27
627, 4, 50
628, 4, 27
629, 4, 27
630, 4, 50
631, 4, 50
632, 4, 27
633, 4, 27
634, 4, 50
635, 4, 27
636, 4, 27
637, 4, 50
638, 4, 30
639, 4, 27
640, 4, 50
641, 4, 27
642, 4, 27
643, 4, 27
644, 4, 50
645, 4, 27
646, 4, 27
647, 4, 50
648, 4, 27
649, 4, 27
650, 4, 50
651, 4, 27
652, 4, 27
653, 4, 50
654, 4, 50
655, 4, 27
656, 4, 27
657, 4, 50
658, 4, 27
659, 4, 27
660, 4, 50
661, 4, 27
662, 4, 27
663, 4, 50
664, 4, 27
665, 4, 27
666, 4, 27
667, 4, 50
668, 4, 27
669, 4, 27
670, 4, 50
671, 4, 27
672, 4, 27
673, 4, 50
674, 4, 27
675, 4, 27
676, 4, 50
677, 4, 27
678, 4, 27
679, 4, 27
680, 4, 50
681, 4, 27
682, 4, 27
683, 4, 50
684, 4, 27
685, 4, 27
686, 4, 50
687, 4, 27
688, 4, 27
689, 4, 50
690, 4, 50
691, 4, 27
692, 4, 27
693, 4, 50
694, 4, 27
695, 4, 27
696, 4, 50
697, 4, 27
698, 4, 27
699, 4, 50
700, 4, 27
701, 4, 27
702, 4, 30
703, 4, 50
704, 4, 27
705, 4, 27
706, 4, 50
707, 4, 27
708, 4, 27
709, 4, 50
710, 4, 27
711, 4, 27
712, 4, 50
713, 4, 50
714, 4, 27
715, 4, 27
716, 4, 50
717, 4, 27
718, 4, 27
719, 4, 50
720, 4, 27
721, 4, 27
722, 4, 50
723, 4, 27
724, 4, 27
725, 4, 27
726, 4, 50
727, 4, 27
728, 4, 27
729, 4, 50
730, 4, 27
731, 4, 27
732, 4, 50
733, 4, 27
734, 4, 27
735, 4, 50
736, 4, 27
737, 4, 27
738, 4, 27
739, 4, 50
740, 4, 27
741, 4, 27
742, 4, 50
743, 4, 27
744, 4, 27
745, 4, 50
746, 4, 27
747, 4, 27
748, 4, 50
749, 4, 50
750, 4, 27
751, 4, 27
752, 4, 50
753, 4, 27
754, 4, 27
755, 4, 50
756, 4, 27
757, 4, 27
758, 4, 50
759, 4, 27
760, 4, 27
761, 4, 27
762, 4, 50
763, 4, 27
764, 4, 27
765, 4, 50
766, 4, 27
767, 4, 27
768, 4, 50
769, 4, 27
770, 4, 27
771, 4, 50
772, 4, 50
773, 4, 27
774, 4, 27
775, 4, 50
776, 4, 27
777, 4, 27
778, 4, 50
779, 4, 27
780, 4, 27
781, 4, 50
782, 4, 27
783, 4, 27
784, 4, 27
785, 4, 50
786, 4, 27
787, 4, 27
788, 4, 50
789, 4, 27
790, 4, 27
791, 4, 50
792, 4, 27
793, 4, 27
794, 4, 50
795, 4, 27
796, 4, 27
797, 4, 27
798, 4, 50
799, 4, 27
800, 4, 27
801, 4, 50
802, 4, 27
803, 4, 27
804, 4, 50
805, 4, 27
806, 4, 27
807, 4, 50
808, 4, 50
809, 4, 27
810, 4, 27
811, 4, 50
812, 4, 27
813, 4, 27
814, 4, 50
815, 4, 27
816, 4, 27
817, 4, 50
818, 4, 27
819, 4, 27
820, 4, 27
821, 4, 50
822, 4, 27
823, 4, 27
824, 4, 50
825, 4, 27
826, 4, 27
827, 4, 50
828, 4, 27
829, 4, 27
830, 4, 53
831, 4, 50
832, 4, 27
833, 4, 27
834, 4, 50
835, 4, 27
836, 4, 27
837, 4, 50
838, 4, 27
839, 4, 27
840, 4, 50
841, 4, 27
842, 4, 27
843, 4, 27
844, 4, 50
845, 4, 27
846, 4, 27
847, 4, 50
848, 4, 27
849, 4, 27
850, 4, 50
851, 4, 27
852, 4, 27
853, 4, 50
854, 4, 27
855, 4, 27
856, 4, 27
857, 4, 50
858, 4, 27
859, 4, 27
860, 4, 50
861, 4, 27
862, 4, 27
863, 4, 50
864, 4, 27
865, 4, 27
866, 4, 50
867, 4, 50
868, 4, 27
869, 4, 27
870, 4, 50
871, 4, 27
872, 4, 27
873, 4, 50
874, 4, 27
875, 4, 27
876, 4, 50
877, 4, 27
878, 4, 27
879, 4, 27
880, 4, 50
881, 4, 27
882, 4, 27
883, 4, 50
884, 4, 27
885, 4, 27
886, 4, 50
887, 4, 27
888, 4, 27
889, 4, 50
890, 4, 27
891, 4, 27
892, 4, 27
893, 4, 50
894, 4, 30
895, 4, 27
896, 4, 50
897, 4, 27
898, 4, 27
899, 4, 50
900, 4, 27
901, 4, 27
902, 4, 27
903, 4, 50
904, 4, 27
905, 4, 27
906, 4, 50
907, 4, 27
908, 4, 27
909, 4, 50
910, 4, 27
911, 4, 27
912, 4, 50
913, 4, 27
914, 4, 27
915, 4, 27
916, 4, 50
917, 4, 27
918, 4, 27
919, 4, 50
920, 4, 27
921, 4, 27
922, 4, 50
923, 4, 27
924, 4, 27
925, 4, 50
926, 4, 50
927, 4, 27
928, 4, 27
929, 4, 50
930, 4, 27
931, 4, 27
932, 4, 50
933, 4, 27
934, 4, 27
935, 4, 50
936, 4, 27
937, 4, 27
938, 4, 27
939, 4, 50
940, 4, 27
941, 4, 27
942, 4, 50
943, 4, 27
944, 4, 27
945, 4, 50
946, 4, 27
947, 4, 27
948, 4, 50
949, 4, 27
950, 4, 27
951, 4, 27
952, 4, 50
953, 4, 27
954, 4, 27
955, 4, 50
956, 4, 27
957, 4, 27
958, 4, 53
959, 4, 27
960, 4, 27
961, 4, 27
962, 4, 50
963, 4, 27
964, 4, 27
965, 4, 50
966, 4, 27
967, 4, 27
968, 4, 50
969, 4, 27
970, 4, 27
971, 4, 50
972, 4, 27
973, 4, 27
974, 4, 27
975, 4, 50
976, 4, 27
977, 4, 27
978, 4, 50
979, 4, 27
980, 4, 27
981, 4, 50
982, 4, 27
983, 4, 27
984, 4, 50
985, 4, 50
986, 4, 27
987, 4, 27
988, 4, 50
989, 4, 27
990, 4, 27
991, 4, 50
992, 4, 27
993, 4, 27
994, 4, 50
995, 4, 27
996, 4, 27
997, 4, 27
998, 4, 50
999, 4, 27
1000, 4, 27
1001, 4, 50
1002, 4, 27
1003, 4, 27
1004, 4, 50
1005, 4, 27
1006, 4, 27
1007, 4, 50
1008, 4, 27
1009, 4, 27
1010, 4, 27
1011, 4, 50
1012, 4, 27
1013, 4, 27
1014, 4, 50
1015, 4, 27
1016, 4, 27
1017, 4, 50
1018, 4, 27
1019, 4, 27
1020, 4, 50
1021, 4, 50
1022, 4, 27
1023, 4, 27
0, 5, 100
1, 5, 30
2, 5, 37
3, 5, 34
4, 5, 27
5, 5, 27
6, 5, 100
7, 5, 27
8, 5, 34
9, 5, 34
10, 5, 27
11, 5, 27
12, 5, 34
13, 5, 34
14, 5, 27
15, 5, 27
16, 5, 34
17, 5, 34
18, 5, 27
19, 5, 27
20, 5, 34
21, 5, 34
22, 5, 27
23, 5, 27
24, 5, 34
25, 5, 34
26, 5, 27
27, 5, 27
28, 5, 34
29, 5, 34
30, 5, 27
31, 5, 27
32, 5, 34
33, 5, 34
34, 5, 27
35, 5, 27
36, 5, 34
37, 5, 34
38, 5, 27
39, 5, 27
40, 5, 34
41, 5, 34
42, 5, 27
43, 5, 27
44, 5, 34
45, 5, 34
46, 5, 27
47, 5, 27
48, 5, 34
49, 5, 34
50, 5, 27
51, 5, 27
52, 5, 34
53, 5, 34
54, 5, 27
55, 5, 27
56, 5, 34
57, 5, 34
58, 5, 27
59, 5, 27
60, 5, 34
61, 5, 34
62, 5, 27
63, 5, 37
64, 5, 34
65, 5, 34
66, 5, 27
67, 5, 34
68, 5, 34
69, 5, 34
70, 5, 27
71, 5, 34
72, 5, 34
73, 5, 34
74, 5, 27
75, 5, 34
76, 5, 34
77, 5, 34
78, 5, 27
79, 5, 34
80, 5, 34
81, 5, 34
82, 5, 27
83, 5, 34
84, 5, 34
85, 5, 34
86, 5, 27
87, 5, 34
88, 5, 34
89, 5, 34
90, 5, 27
91, 5, 34
92, 5, 34
93, 5, 34
94, 5, 27
95, 5, 34
96, 5, 34
97, 5, 34
98, 5, 27
99, 5, 34
100, 5, 34
101, 5, 34
102, 5, 27
103, 5, 34
104, 5, 34
105, 5, 34
106, 5, 27
107, 5, 34
108, 5, 34
109, 5, 34
110, 5, 27
111, 5, 34
112, 5, 34
113, 5, 34
114, 5, 27
115, 5, 34
116, 5, 34
117, 5, 34
118, 5, 27
119, 5, 34
120, 5, 34
121, 5, 34
122, 5, 27
123, 5, 34
124, 5, 34
125, 5, 34
126, 5, 30
127, 5, 34
128, 5, 34
129, 5, 34
130, 5, 27
131, 5, 34
132, 5, 34
133, 5, 34
134, 5, 27
135, 5, 34
136, 5, 34
137, 5, 34
138, 5, 27
139, 5, 34
140, 5, 34
141, 5, 34
142, 5, 27
143, 5, 34
144, 5, 34
145, 5, 34
146, 5, 27
147, 5, 34
148, 5, 34
149, 5, 34
150, 5, 27
151, 5, 34
152, 5, 34
153, 5, 34
154, 5, 27
155, 5, 34
156, 5, 34
157, 5, 34
158, 5, 27
159, 5, 34
160, 5, 34
161, 5, 34
162, 5, 27
163, 5, 34
164, 5, 34
165, 5, 34
166, 5, 27
167, 5, 34
168, 5, 34
169, 5, 34
170, 5, 27
171, 5, 34
172, 5, 34
173, 5, 34
174, 5, 27
175, 5, 34
176, 5, 34
177, 5, 34
178, 5, 27
179, 5, 34
180, 5, 34
181, 5, 34
182, 5, 27
183, 5, 34
184, 5, 34
185, 5, 34
186, 5, 27
187, 5, 34
188, 5, 34
189, 5, 34
190, 5, 30
191, 5, 34
192, 5, 34
193, 5, 27
194, 5, 27
195, 5, 34
196, 5, 34
197, 5, 27
198, 5, 27
199, 5, 34
200, 5, 34
201, 5, 27
202, 5, 27
203, 5, 34
204, 5, 34
205, 5, 27
206, 5, 27
207, 5, 34
208, 5, 34
209, 5, 27
210, 5, 27
211, 5, 34
212, 5, 34
213, 5, 27
214, 5, 27
215, 5, 34
216, 5, 34
217, 5, 27
218, 5, 27
219, 5, 34
220, 5, 34
221, 5, 27
222, 5, 27
223, 5, 34
224, 5, 34
225, 5, 27
226, 5, 27
227, 5, 34
228, 5, 34
229, 5, 27
230, 5, 27
231, 5, 34
232, 5, 34
233, 5, 27
234, 5, 27
235, 5, 34
236, 5, 34
237, 5, 27
238, 5, 27
239, 5, 34
240, 5, 34
241, 5, 27
242, 5, 27
243, 5, 34
244, 5, 34
245, 5, 27
246, 5, 27
247, 5, 34
248, 5, 34
249, 5, 27
250, 5, 27
251, 5, 34
252, 5, 34
253, 5, 27
254, 5, 27
255, 5, 34
256, 5, 34
257, 5, 27
258, 5, 27
259, 5, 34
260, 5, 34
261, 5, 27
262, 5, 27
263, 5, 34
264, 5, 34
265, 5, 27
266, 5, 27
267, 5, 34
268, 5, 34
269, 5, 27
270, 5, 27
271, 5, 34
272, 5, 34
273, 5, 27
274, 5, 27
275, 5, 34
276, 5, 34
277, 5, 27
278, 5, 27
279, 5, 34
280, 5, 34
281, 5, 27
282, 5, 27
283, 5, 34
284, 5, 34
285, 5, 27
286, 5, 27
287, 5, 34
288, 5, 34
289, 5, 27
290, 5, 27
291, 5, 34
292, 5, 34
293, 5, 27
294, 5, 27
295, 5, 34
296, 5, 34
297, 5, 27
298, 5, 27
299, 5, 34
300, 5, 34
301, 5, 27
302, 5, 27
303, 5, 34
304, 5, 34
305, 5, 27
306, 5, 27
307, 5, 34
308, 5, 34
309, 5, 27
310, 5, 27
311, 5, 34
312, 5, 34
313, 5, 27
314, 5, 27
315, 5, 34
316, 5, 34
317, 5, 27
318, 5, 30
319, 5, 34
320, 5, 34
321, 5, 27
322, 5, 27
323, 5, 34
324, 5, 34
325, 5, 27
326, 5, 27
327, 5, 34
328, 5, 34
329, 5, 27
330, 5, 27
331, 5, 34
332, 5, 34
333, 5, 27
334, 5, 27
335, 5, 34
336, 5, 34
337, 5, 27
338, 5, 27
339, 5, 34
340, 5, 34
341, 5, 27
342, 5, 27
343, 5, 34
344, 5, 34
345, 5, 27
346, 5, 27
347, 5, 34
348, 5, 34
349, 5, 27
350, 5, 27
351, 5, 34
352, 5, 34
353, 5, 27
354, 5, 27
355, 5, 34
356, 5, 34
357, 5, 27
358, 5, 27
359, 5, 34
360, 5, 34
361, 5, 27
362, 5, 27
363, 5, 34
364, 5, 34
365, 5, 27
366, 5, 27
367, 5, 34
368, 5, 34
369, 5, 27
370, 5, 27
371, 5, 34
372, 5, 34
373, 5, 27
374, 5, 27
375, 5, 34
376, 5, 34
377, 5, 27
378, 5, 27
379, 5, 34
380, 5, 34
381, 5, 27
382, 5, 37
383, 5, 34
384, 5, 34
385, 5, 27
386, 5, 34
387, 5, 34
388, 5, 34
389, 5, 27
390, 5, 34
391, 5, 34
392, 5, 34
393, 5, 27
394, 5, 34
395, 5, 34
396, 5, 34
397, 5, 27
398, 5, 34
399, 5, 34
400, 5, 34
401, 5, 27
402, 5, 34
403, 5, 34
404, 5, 34
405, 5, 27
406, 5, 34
407, 5, 34
408, 5, 34
409, 5, 27
410, 5, 34
411, 5, 34
412, 5, 34
413, 5, 27
414, 5, 34
415, 5, 34
416, 5, 34
417, 5, 27
418, 5, 34
419, 5, 34
420, 5, 34
421, 5, 27
422, 5, 34
423, 5, 34
424, 5, 34
425, 5, 27
426, 5, 34
427, 5, 34
428, 5, 34
429, 5, 27
430, 5, 34
431, 5, 34
432, 5, 34
433, 5, 27
434, 5, 34
435, 5, 34
436, 5, 34
437, 5, 27
438, 5, 34
439, 5, 34
440, 5, 34
441, 5, 27
442, 5, 34
443, 5, 34
444, 5, 34
445, 5, 27
446, 5, 37
447, 5, 34
448, 5, 34
449, 5, 27
450, 5, 34
451, 5, 34
452, 5, 34
453, 5, 27
454, 5, 50
455, 5, 50
456, 5, 33
457, 5, 36
458, 5, 44
459, 5, 27
460, 5, 27
461, 5, 27
462, 5, 27
463, 5, 44
464, 5, 27
465, 5, 27
466, 5, 44
467, 5, 27
468, 5, 27
469, 5, 44
470, 5, 27
471, 5, 27
472, 5, 44
473, 5, 27
474, 5, 27
475, 5, 27
476, 5, 44
477, 5, 27
478, 5, 27
479, 5, 27
480, 5, 27
481, 5, 44
482, 5, 27
483, 5, 27
484, 5, 44
485, 5, 27
486, 5, 27
487, 5, 44
488, 5, 27
489, 5, 27
490, 5, 44
491, 5, 27
492, 5, 27
493, 5, 44
494, 5, 27
495, 5, 27
496, 5, 27
497, 5, 27
498, 5, 44
499, 5, 27
500, 5, 27
501, 5, 44
502, 5, 27
503, 5, 27
504, 5, 44
505, 5, 27
506, 5, 27
507, 5, 44
508, 5, 27
509, 5, 27
510, 5, 47
511, 5, 27
512, 5, 27
513, 5, 27
514, 5, 27
515, 5, 44
516, 5, 27
517, 5, 27
518, 5, 44
519, 5, 27
520, 5, 27
521, 5, 44
522, 5, 27
523, 5, 27
524, 5, 44
525, 5, 27
526, 5, 27
527, 5, 44
528, 5, 27
529, 5, 27
530, 5, 27
531, 5, 27
532, 5, 44
533, 5, 27
534, 5, 27
535, 5, 44
536, 5, 27
537, 5, 27
538, 5, 44
539, 5, 27
540, 5, 27
541, 5, 44
542, 5, 27
543, 5, 27
544, 5, 44
545, 5, 27
546, 5, 27
547, 5, 27
548, 5, 27
549, 5, 44
550, 5, 27
551, 5, 27
552, 5, 44
553, 5, 27
554, 5, 27
555, 5, 44
556, 5, 27
557, 5, 27
558, 5, 44
559, 5, 27
560, 5, 27
561, 5, 44
562, 5, 27
563, 5, 27
564, 5, 27
565, 5, 27
566, 5, 44
567, 5, 27
568, 5, 27
569, 5, 44
570, 5, 27
571, 5, 27
572, 5, 44
573, 5, 27
574, 5, 30
575, 5, 44
576, 5, 27
577, 5, 27
578, 5, 44
579, 5, 27
580, 5, 27
581, 5, 27
582, 5, 27
583, 5, 44
584, 5, 27
585, 5, 27
586, 5, 44
587, 5, 27
588, 5, 27
589, 5, 44
590, 5, 27
591, 5, 27
592, 5, 44
593, 5, 27
594, 5, 27
595, 5, 44
596, 5, 27
597, 5, 27
598, 5, 27
599, 5, 27
600, 5, 44
601, 5, 27
602, 5, 27
603, 5, 44
604, 5, 27
605, 5, 27
606, 5, 44
607, 5, 27
608, 5, 27
609, 5, 44
610, 5, 27
611, 5, 27
612, 5, 44
613, 5, 27
614, 5, 27
615, 5, 27
616, 5, 27
617, 5, 44
618, 5, 27
619, 5, 27
620, 5, 44
621, 5, 27
622, 5, 27
623, 5, 44
624, 5, 27
625, 5, 27
626, 5, 44
627, 5, 27
628, 5, 27
629, 5, 44
630, 5, 27
631, 5, 27
632, 5, 27
633, 5, 27
634, 5, 44
635, 5, 27
636, 5, 27
637, 5, 44
638, 5, 30
639, 5, 27
640, 5, 44
641, 5, 27
642, 5, 27
643, 5, 44
644, 5, 27
645, 5, 27
646, 5, 44
647, 5, 27
648, 5, 27
649, 5, 27
650, 5, 27
651, 5, 44
652, 5, 27
653, 5, 27
654, 5, 44
655, 5, 27
656, 5, 27
657, 5, 44
658, 5, 27
659, 5, 27
660, 5, 44
661, 5, 27
662, 5, 27
663, 5, 44
664, 5, 27
665, 5, 27
666, 5, 27
667, 5, 27
668, 5, 44
669, 5, 27
670, 5, 27
671, 5, 44
672, 5, 27
673, 5, 27
674, 5, 44
675, 5, 27
676, 5, 27
677, 5, 44
678, 5, 27
679, 5, 27
680, 5, 44
681, 5, 27
682, 5, 27
683, 5, 27
684, 5, 27
685, 5, 44
686, 5, 27
687, 5, 27
688, 5, 44
689, 5, 27
690, 5, 27
691, 5, 44
692, 5, 27
693, 5, 27
694, 5, 44
695, 5, 27
696, 5, 27
697, 5, 44
698, 5, 27
699, 5, 44
700, 5, 27
701, 5, 27
702, 5, 44
703, 5, 27
704, 5, 27
705, 5, 44
706, 5, 27
707, 5, 27
708, 5, 44
709, 5, 27
710, 5, 27
711, 5, 44
712, 5, 27
713, 5, 27
714, 5, 44
715, 5, 27
716, 5, 27
717, 5, 27
718, 5, 27
719, 5, 44
720, 5, 27
721, 5, 27
722, 5, 44
723, 5, 27
724, 5, 27
725, 5, 44
726, 5, 27
727, 5, 27
728, 5, 44
729, 5, 27
730, 5, 27
731, 5, 44
732, 5, 27
733, 5, 27
734, 5, 27
735, 5, 27
736, 5, 44
737, 5, 27
738, 5, 27
739, 5, 44
740, 5, 27
741, 5, 27
742, 5, 44
743, 5, 27
744, 5, 27
745, 5, 44
746, 5, 27
747, 5, 27
748, 5, 44
749, 5, 27
750, 5, 44
751, 5, 27
752, 5, 27
753, 5, 44
754, 5, 27
755, 5, 27
756, 5, 44
757, 5, 27
758, 5, 27
759, 5, 44
760, 5, 27
761, 5, 27
762, 5, 44
763, 5, 27
764, 5, 27
765, 5, 44
766, 5, 30
767, 5, 27
768, 5, 27
769, 5, 27
770, 5, 44
771, 5, 27
772, 5, 27
773, 5, 44
774, 5, 27
775, 5, 27
776, 5, 44
777, 5, 27
778, 5, 27
779, 5, 44
780, 5, 27
781, 5, 27
782, 5, 44
783, 5, 27
784, 5, 27
785, 5, 27
786, 5, 27
787, 5, 44
788, 5, 27
789, 5, 27
790, 5, 44
791, 5, 27
792, 5, 27
793, 5, 44
794, 5, 27
795, 5, 27
796, 5, 44
797, 5, 27
798, 5, 27
799, 5, 44
800, 5, 27
801, 5, 44
802, 5, 27
803, 5, 27
804, 5, 44
805, 5, 27
806, 5, 27
807, 5, 44
808, 5, 27
809, 5, 27
810, 5, 44
811, 5, 27
812, 5, 27
813, 5, 44
814, 5, 27
815, 5, 27
816, 5, 44
817, 5, 27
818, 5, 44
819, 5, 27
820, 5, 27
821, 5, 44
822, 5, 27
823, 5, 27
824, 5, 44
825, 5, 27
826, 5, 27
827, 5, 44
828, 5, 27
829, 5, 27
830, 5, 47
831, 5, 27
832, 5, 27
833, 5, 44
834, 5, 27
835, 5, 27
836, 5, 27
837, 5, 27
838, 5, 44
839, 5, 27
840, 5, 27
841, 5, 44
842, 5, 27
843, 5, 27
844, 5, 44
845, 5, 27
846, 5, 27
847, 5, 44
848, 5, 27
849, 5, 27
850, 5, 44
851, 5, 27
852, 5, 44
853, 5, 27
854, 5, 27
855, 5, 44
856, 5, 27
857, 5, 27
858, 5, 44
859, 5, 27
860, 5, 27
861, 5, 44
862, 5, 27
863, 5, 27
864, 5, 44
865, 5, 27
866, 5, 27
867, 5, 44
868, 5, 27
869, 5, 44
870, 5, 27
871, 5, 27
872, 5, 44
873, 5, 27
874, 5, 27
875, 5, 44
876, 5, 27
877, 5, 27
878, 5, 44
879, 5, 27
880, 5, 27
881, 5, 44
882, 5, 27
883, 5, 27
884, 5, 27
885, 5, 27
886, 5, 44
887, 5, 27
888, 5, 27
889, 5, 44
890, 5, 27
891, 5, 27
892, 5, 44
893, 5, 27
894, 5, 30
895, 5, 44
896, 5, 27
897, 5, 27
898, 5, 44
899, 5, 27
900, 5, 27
901, 5, 44
902, 5, 27
903, 5, 44
904, 5, 27
905, 5, 27
906, 5, 44
907, 5, 27
908, 5, 27
909, 5, 44
910, 5, 27
911, 5, 27
912, 5, 44
913, 5, 27
914, 5, 27
915, 5, 44
916, 5, 27
917, 5, 27
918, 5, 44
919, 5, 27
920, 5, 44
921, 5, 27
922, 5, 27
923, 5, 44
924, 5, 27
925, 5, 27
926, 5, 44
927, 5, 27
928, 5, 27
929, 5, 44
930, 5, 27
931, 5, 27
932, 5, 44
933, 5, 27
934, 5, 27
935, 5, 27
936, 5, 27
937, 5, 44
938, 5, 27
939, 5, 27
940, 5, 44
941, 5, 27
942, 5, 27
943, 5, 44
944, 5, 27
945, 5, 27
946, 5, 44
947, 5, 27
948, 5, 27
949, 5, 44
950, 5, 27
951, 5, 27
952, 5, 27
953, 5, 27
954, 5, 44
955, 5, 27
956, 5, 27
957, 5, 44
958, 5, 27
959, 5, 27
960, 5, 44
961, 5, 27
962, 5, 27
963, 5, 44
964, 5, 27
965, 5, 27
966, 5, 44
967, 5, 27
968, 5, 27
969, 5, 44
970, 5, 27
971, 5, 44
972, 5, 27
973, 5, 27
974, 5, 44
975, 5, 27
976, 5, 27
977, 5, 44
978, 5, 27
979, 5, 27
980, 5, 44
981, 5, 27
982, 5, 27
983, 5, 44
984, 5, 27
985, 5, 27
986, 5, 27
987, 5, 27
988, 5, 44
989, 5, 27
990, 5, 27
991, 5, 44
992, 5, 27
993, 5, 27
994, 5, 44
995, 5, 27
996, 5, 27
997, 5, 44
998, 5, 27
999, 5, 27
1000, 5, 44
1001, 5, 27
1002, 5, 27
1003, 5, 27
1004, 5, 27
1005, 5, 44
1006, 5, 27
1007, 5, 27
1008, 5, 44
1009, 5, 27
1010, 5, 27
1011, 5, 44
1012, 5, 27
1013, 5, 27
1014, 5, 44
1015, 5, 27
1016, 5, 27
1017, 5, 44
1018, 5, 27
1019, 5, 27
1020, 5, 27
1021, 5, 27
1022, 5, 44
1023, 5, 27
0, 6, 44
1, 6, 48
2, 6, 40
3, 6, 40
4, 6, 36
5, 6, 40
6, 6, 40
7, 6, 36
8, 6, 36
9, 6, 40
10, 6, 40
11, 6, 36
12, 6, 36
13, 6, 40
14, 6, 40
15, 6, 36
16, 6, 36
17, 6, 40
18, 6, 40
19, 6, 36
20, 6, 36
21, 6, 40
22, 6, 40
23, 6, 36
24, 6, 36
25, 6, 40
26, 6, 40
27, 6, 36
28, 6, 36
29, 6, 40
30, 6, 40
31, 6, 36
32, 6, 36
33, 6, 40
34, 6, 40
35, 6, 36
36, 6, 36
37, 6, 40
38, 6, 40
39, 6, 36
40, 6, 36
41, 6, 40
42, 6, 40
43, 6, 36
44, 6, 36
45, 6, 40
46, 6, 40
47, 6, 36
48, 6, 36
49, 6, 40
50, 6, 40
51, 6, 36
52, 6, 36
53, 6, 40
54, 6, 40
55, 6, 36
56, 6, 36
57, 6, 40
58, 6, 40
59, 6, 36
60, 6, 36
61, 6, 40
62, 6, 44
63, 6, 40
64, 6, 36
65, 6, 40
66, 6, 40
67, 6, 36
68, 6, 36
69, 6, 40
70, 6, 40
71, 6, 36
72, 6, 36
73, 6, 40
74, 6, 40
75, 6, 36
76, 6, 36
77, 6, 40
78, 6, 40
79, 6, 36
80, 6, 36
81, 6, 40
82, 6, 40
83, 6, 36
84, 6, 36
85, 6, 40
86, 6, 40
87, 6, 36
88, 6, 36
89, 6, 40
90, 6, 40
91, 6, 36
92, 6, 36
93, 6, 40
94, 6, 40
95, 6, 36
96, 6, 36
97, 6, 40
98, 6, 40
99, 6, 36
100, 6, 36
101, 6, 40
102, 6, 40
103, 6, 36
104, 6, 36
105, 6, 40
106, 6, 40
107, 6, 36
108, 6, 36
109, 6, 40
110, 6, 40
111, 6, 36
112, 6, 36
113, 6, 40
114, 6, 40
115, 6, 36
116, 6, 36
117, 6, 40
118, 6, 40
119, 6, 36
120, 6, 36
121, 6, 40
122, 6, 40
123, 6, 36
124, 6, 36
125, 6, 40
126, 6, 44
127, 6, 36
128, 6, 36
129, 6, 40
130, 6, 40
131, 6, 36
132, 6, 36
133, 6, 40
134, 6, 40
135, 6, 36
136, 6, 36
137, 6, 40
138, 6, 40
139, 6, 36
140, 6, 36
141, 6, 40
142, 6, 40
143, 6, 36
144, 6, 36
145, 6, 40
146, 6, 40
147, 6, 36
148, 6, 36
149, 6, 40
150, 6, 40
151, 6, 36
152, 6, 36
153, 6, 40
154, 6, 40
155, 6, 36
156, 6, 36
157, 6, 40
158, 6, 40
159, 6, 36
160, 6, 36
161, 6, 40
162, 6, 40
163, 6, 36
164, 6, 36
165, 6, 40
166, 6, 40
167, 6, 36
168, 6, 36
169, 6, 40
170, 6, 40
171, 6, 36
172, 6, 36
173, 6, 40
174, 6, 40
175, 6, 36
176, 6, 36
177, 6, 40
178, 6, 40
179, 6, 36
180, 6, 36
181, 6, 40
182, 6, 40
183, 6, 36
184, 6, 36
185, 6, 40
186, 6, 40
187, 6, 36
188, 6, 36
189, 6, 40
190, 6, 44
191, 6, 36
192, 6, 36
193, 6, 36
194, 6, 40
195, 6, 36
196, 6, 36
197, 6, 36
198, 6, 40
199, 6, 36
200, 6, 36
201, 6, 36
202, 6, 40
203, 6, 36
204, 6, 36
205, 6, 36
206, 6, 40
207, 6, 36
208, 6, 36
209, 6, 36
210, 6, 40
211, 6, 36
212, 6, 36
213, 6, 36
214, 6, 40
215, 6, 36
216, 6, 36
217, 6, 36
218, 6, 40
219, 6, 36
220, 6, 36
221, 6, 36
222, 6, 40
223, 6, 36
224, 6, 36
225, 6, 36
226, 6, 40
227, 6, 36
228, 6, 36
229, 6, 36
230, 6, 40
231, 6, 36
232, 6, 36
233, 6, 36
234, 6, 40
235, 6, 36
236, 6, 36
237, 6, 36
238, 6, 40
239, 6, 36
240, 6, 36
241, 6, 36
242, 6, 40
243, 6, 36
244, 6, 36
245, 6, 36
246, 6, 40
247, 6, 36
248, 6, 36
249, 6, 36
250, 6, 40
251, 6, 36
252, 6, 36
253, 6, 36
254, 6, 44
255, 6, 36
256, 6, 36
257, 6, 36
258, 6, 40
259, 6, 36
260, 6, 36
261, 6, 36
262, 6, 40
263, 6, 36
264, 6, 36
265, 6, 36
266, 6, 40
267, 6, 36
268, 6, 36
269, 6, 36
270, 6, 40
271, 6, 36
272, 6, 36
273, 6, 36
274, 6, 40
275, 6, 36
276, 6, 36
277, 6, 36
278, 6, 40
279, 6, 36
280, 6, 36
281, 6, 36
282, 6, 40
283, 6, 36
284, 6, 36
285, 6, 36
286, 6, 40
287, 6, 36
288, 6, 36
289, 6, 36
290, 6, 40
291, 6, 36
292, 6, 36
293, 6, 36
294, 6, 40
295, 6, 36
296, 6, 36
297, 6, 36
298, 6, 40
299, 6, 36
300, 6, 36
301, 6, 36
302, 6, 40
303, 6, 36
304, 6, 36
305, 6, 36
306, 6, 40
307, 6, 36
308, 6, 36
309, 6, 36
310, 6, 40
311, 6, 36
312, 6, 36
313, 6, 36
314, 6, 40
315, 6, 36
316, 6, 36
317, 6, 36
318, 6, 40
319, 6, 36
320, 6, 36
321, 6, 36
322, 6, 40
323, 6, 36
324, 6, 36
325, 6, 36
326, 6, 40
327, 6, 36
328, 6, 36
329, 6, 36
330, 6, 40
331, 6, 36
332, 6, 36
333, 6, 36
334, 6, 40
335, 6, 36
336, 6, 36
337, 6, 36
338, 6, 40
339, 6, 36
340, 6, 36
341, 6, 36
342, 6, 40
343, 6, 36
344, 6, 36
345, 6, 36
346, 6, 40
347, 6, 36
348, 6, 36
349, 6, 36
350, 6, 40
351, 6, 36
352, 6, 36
353, 6, 36
354, 6, 40
355, 6, 36
356, 6, 36
357, 6, 36
358, 6, 40
359, 6, 36
360, 6, 36
361, 6, 36
362, 6, 40
363, 6, 36
364, 6, 36
365, 6, 36
366, 6, 40
367, 6, 36
368, 6, 36
369, 6, 36
370, 6, 40
371, 6, 36
372, 6, 36
373, 6, 36
374, 6, 40
375, 6, 36
376, 6, 36
377, 6, 36
378, 6, 40
379, 6, 36
380, 6, 36
381, 6, 36
382, 6, 44
383, 6, 36
384, 6, 36
385, 6, 36
386, 6, 40
387, 6, 36
388, 6, 36
389, 6, 36
390, 6, 40
391, 6, 36
392, 6, 36
393, 6, 36
394, 6, 40
395, 6, 36
396, 6, 36
397, 6, 36
398, 6, 40
399, 6, 36
400, 6, 36
401, 6, 36
402, 6, 40
403, 6, 36
404, 6, 36
405, 6, 36
406, 6, 40
407, 6, 36
408, 6, 36
409, 6, 36
410, 6, 40
411, 6, 36
412, 6, 36
413, 6, 36
414, 6, 40
415, 6, 36
416, 6, 36
417, 6, 36
418, 6, 40
419, 6, 36
420, 6, 36
421, 6, 36
422, 6, 40
423, 6, 36
424, 6, 36
425, 6, 36
426, 6, 40
427, 6, 36
428, 6, 36
429, 6, 36
430, 6, 40
431, 6, 36
432, 6, 36
433, 6, 36
434, 6, 40
435, 6, 36
436, 6, 36
437, 6, 36
438, 6, 40
439, 6, 36
440, 6, 36
441, 6, 36
442, 6, 40
443, 6, 36
444, 6, 36
445, 6, 36
446, 6, 44
447, 6, 40
448, 6, 36
449, 6, 36
450, 6, 40
451, 6, 40
452, 6, 36
453, 6, 36
454, 6, 40
455, 6, 40
456, 6, 36
457, 6, 36
458, 6, 40
459, 6, 40
460, 6, 36
461, 6, 36
462, 6, 40
463, 6, 40
464, 6, 36
465, 6, 36
466, 6, 40
467, 6, 40
468, 6, 36
469, 6, 36
470, 6, 40
471, 6, 40
472, 6, 36
473, 6, 36
474, 6, 40
475, 6, 36
476, 6, 40
477, 6, 36
478, 6, 36
479, 6, 36
480, 6, 40
481, 6, 36
482, 6, 36
483, 6, 36
484, 6, 40
485, 6, 36
486, 6, 36
487, 6, 36
488, 6, 40
489, 6, 36
490, 6, 36
491, 6, 36
492, 6, 40
493, 6, 36
494, 6, 36
495, 6, 36
496, 6, 40
497, 6, 36
498, 6, 36
499, 6, 36
500, 6, 40
501, 6, 36
502, 6, 36
503, 6, 36
504, 6, 40
505, 6, 36
506, 6, 36
507, 6, 36
508, 6, 40
509, 6, 36
510, 6, 40
511, 6, 36
512, 6, 40
513, 6, 40
514, 6, 36
515, 6, 36
516, 6, 40
517, 6, 40
518, 6, 36
519, 6, 36
520, 6, 40
521, 6, 40
522, 6, 36
523, 6, 36
524, 6, 40
525, 6, 40
526, 6, 36
527, 6, 36
528, 6, 40
529, 6, 40
530, 6, 36
531, 6, 36
532, 6, 40
533, 6, 40
534, 6, 36
535, 6, 36
536, 6, 40
537, 6, 40
538, 6, 36
539, 6, 36
540, 6, 40
541, 6, 40
542, 6, 36
543, 6, 36
544, 6, 40
545, 6, 40
546, 6, 36
547, 6, 36
548, 6, 40
549, 6, 40
550, 6, 36
551, 6, 36
552, 6, 40
553, 6, 40
554, 6, 36
555, 6, 36
556, 6, 40
557, 6, 40
558, 6, 36
559, 6, 36
560, 6, 40
561, 6, 40
562, 6, 36
563, 6, 36
564, 6, 40
565, 6, 40
566, 6, 36
567, 6, 36
568, 6, 40
569, 6, 40
570, 6, 36
571, 6, 36
572, 6, 40
573, 6, 40
574, 6, 36
575, 6, 36
576, 6, 40
577, 6, 40
578, 6, 36
579, 6, 36
580, 6, 40
581, 6, 40
582, 6, 36
583, 6, 36
584, 6, 40
585, 6, 40
586, 6, 36
587, 6, 36
588, 6, 40
589, 6, 40
590, 6, 36
591, 6, 36
592, 6, 40
593, 6, 40
594, 6, 36
595, 6, 36
596, 6, 40
597, 6, 40
598, 6, 36
599, 6, 36
600, 6, 40
601, 6, 40
602, 6, 36
603, 6, 36
604, 6, 40
605, 6, 40
606, 6, 36
607, 6, 36
608, 6, 40
609, 6, 40
610, 6, 36
611, 6, 36
612, 6, 40
613, 6, 40
614, 6, 36
615, 6, 36
616, 6, 40
617, 6, 40
618, 6, 36
619, 6, 36
620, 6, 40
621, 6, 40
622, 6, 36
623, 6, 36
624, 6, 40
625, 6, 40
626, 6, 36
627, 6, 36
628, 6, 40
629, 6, 40
630, 6, 36
631, 6, 36
632, 6, 40
633, 6, 40
634, 6, 36
635, 6, 36
636, 6, 40
637, 6, 40
638, 6, 40
639, 6, 36
640, 6, 40
641, 6, 40
642, 6, 36
643, 6, 36
644, 6, 40
645, 6, 40
646, 6, 36
647, 6, 36
648, 6, 40
649, 6, 40
650, 6, 36
651, 6, 36
652, 6, 40
653, 6, 40
654, 6, 36
655, 6, 36
656, 6, 40
657, 6, 40
658, 6, 36
659, 6, 36
660, 6, 40
661, 6, 40
662, 6, 36
663, 6, 36
664, 6, 40
665, 6, 40
666, 6, 36
667, 6, 36
668, 6, 40
669, 6, 40
670, 6, 36
671, 6, 36
672, 6, 40
673, 6, 40
674, 6, 36
675, 6, 36
676, 6, 40
677, 6, 40
678, 6, 36
679, 6, 36
680, 6, 40
681, 6, 40
682, 6, 36
683, 6, 36
684, 6, 40
685, 6, 40
686, 6, 36
687, 6, 36
688, 6, 40
689, 6, 40
690, 6, 36
691, 6, 36
692, 6, 40
693, 6, 40
694, 6, 36
695, 6, 36
696, 6, 40
697, 6, 40
698, 6, 36
699, 6, 36
700, 6, 40
701, 6, 40
702, 6, 40
703, 6, 36
704, 6, 40
705, 6, 40
706, 6, 36
707, 6, 36
708, 6, 40
709, 6, 40
710, 6, 36
711, 6, 36
712, 6, 40
713, 6, 40
714, 6, 36
715, 6, 100
716, 6, 36
717, 6, 36
718, 6, 40
719, 6, 36
720, 6, 36
721, 6, 36
722, 6, 40
723, 6, 36
724, 6, 36
725, 6, 36
726, 6, 40
727, 6, 36
728, 6, 36
729, 6, 36
730, 6, 40
731, 6, 36
732, 6, 36
733, 6, 36
734, 6, 40
735, 6, 36
736, 6, 36
737, 6, 36
738, 6, 40
739, 6, 36
740, 6, 36
741, 6, 36
742, 6, 40
743, 6, 36
744, 6, 36
745, 6, 36
746, 6, 40
747, 6, 36
748, 6, 36
749, 6, 36
750, 6, 40
751, 6, 36
752, 6, 36
753, 6, 36
754, 6, 40
755, 6, 36
756, 6, 36
757, 6, 36
758, 6, 40
759, 6, 36
760, 6, 36
761, 6, 36
762, 6, 40
763, 6, 36
764, 6, 36
765, 6, 36
766, 6, 44
767, 6, 36
768, 6, 36
769, 6, 36
770, 6, 40
771, 6, 36
772, 6, 36
773, 6, 36
774, 6, 40
775, 6, 36
776, 6, 36
777, 6, 36
778, 6, 40
779, 6, 36
780, 6, 36
781, 6, 36
782, 6, 40
783, 6, 36
784, 6, 36
785, 6, 36
786, 6, 40
787, 6, 36
788, 6, 36
789, 6, 36
790, 6, 40
791, 6, 36
792, 6, 36
793, 6, 36
794, 6, 40
795, 6, 36
796, 6, 36
797, 6, 36
798, 6, 40
799, 6, 36
800, 6, 36
801, 6, 36
802, 6, 40
803, 6, 36
804, 6, 36
805, 6, 36
806, 6, 40
807, 6, 36
808, 6, 36
809, 6, 36
810, 6, 40
811, 6, 36
812, 6, 36
813, 6, 36
814, 6, 40
815, 6, 36
816, 6, 36
817, 6, 36
818, 6, 40
819, 6, 36
820, 6, 36
821, 6, 36
822, 6, 40
823, 6, 36
824, 6, 36
825, 6, 36
826, 6, 40
827, 6, 36
828, 6, 36
829, 6, 36
830, 6, 44
831, 6, 36
832, 6, 36
833, 6, 36
834, 6, 40
835, 6, 36
836, 6, 36
837, 6, 36
838, 6, 40
839, 6, 36
840, 6, 36
841, 6, 36
842, 6, 40
843, 6, 36
844, 6, 36
845, 6, 36
846, 6, 40
847, 6, 36
848, 6, 36
849, 6, 36
850, 6, 40
851, 6, 36
852, 6, 36
853, 6, 36
854, 6, 40
855, 6, 36
856, 6, 36
857, 6, 36
858, 6, 40
859, 6, 36
860, 6, 36
861, 6, 36
862, 6, 40
863, 6, 36
864, 6, 36
865, 6, 36
866, 6, 40
867, 6, 36
868, 6, 36
869, 6, 36
870, 6, 40
871, 6, 36
872, 6, 36
873, 6, 36
874, 6, 40
875, 6, 36
876, 6, 36
877, 6, 36
878, 6, 40
879, 6, 36
880, 6, 36
881, 6, 36
882, 6, 40
883, 6, 36
884, 6, 36
885, 6, 36
886, 6, 40
887, 6, 36
888, 6, 36
889, 6, 36
890, 6, 40
891, 6, 36
892, 6, 36
893, 6, 36
894, 6, 44
895, 6, 36
896, 6, 36
897, 6, 36
898, 6, 40
899, 6, 36
900, 6, 36
901, 6, 36
902, 6, 40
903, 6, 36
904, 6, 36
905, 6, 36
906, 6, 40
907, 6, 36
908, 6, 36
909, 6, 36
910, 6, 40
911, 6, 36
912, 6, 36
913, 6, 36
914, 6, 40
915, 6, 36
916, 6, 36
917, 6, 36
918, 6, 40
919, 6, 36
920, 6, 36
921, 6, 36
922, 6, 40
923, 6, 36
924, 6, 36
925, 6, 36
926, 6, 40
927, 6, 36
928, 6, 36
929, 6, 36
930, 6, 40
931, 6, 36
932, 6, 36
933, 6, 36
934, 6, 40
935, 6, 36
936, 6, 36
937, 6, 36
938, 6, 40
939, 6, 36
940, 6, 36
941, 6, 36
942, 6, 40
943, 6, 36
944, 6, 36
945, 6, 36
946, 6, 40
947, 6, 36
948, 6, 36
949, 6, 36
950, 6, 40
951, 6, 36
952, 6, 36
953, 6, 36
954, 6, 40
955, 6, 36
956, 6, 36
957, 6, 36
958, 6, 40
959, 6, 36
960, 6, 36
961, 6, 36
962, 6, 40
963, 6, 36
964, 6, 36
965, 6, 36
966, 6, 40
967, 6, 36
968, 6, 36
969, 6, 36
970, 6, 40
971, 6, 36
972, 6, 36
973, 6, 36
974, 6, 40
975, 6, 36
976, 6, 36
977, 6, 36
978, 6, 40
979, 6, 36
980, 6, 36
981, 6, 36
982, 6, 40
983, 6, 36
984, 6, 36
985, 6, 36
986, 6, 40
987, 6, 36
988, 6, 36
989, 6, 36
990, 6, 40
991, 6, 36
992, 6, 36
993, 6, 36
994, 6, 40
995, 6, 36
996, 6, 36
997, 6, 36
998, 6, 40
999, 6, 36
1000, 6, 36
1001, 6, 36
1002, 6, 40
1003, 6, 36
1004, 6, 36
1005, 6, 36
1006, 6, 40
1007, 6, 36
1008, 6, 36
1009, 6, 36
1010, 6, 40
1011, 6, 36
1012, 6, 36
1013, 6, 36
1014, 6, 40
1015, 6, 36
1016, 6, 36
1017, 6, 36
1018, 6, 40
1019, 6, 36
1020, 6, 36
1021, 6, 36
1022, 6, 44
1023, 6, 40
0, 7, 100
1, 7, 37
2, 7, 34
3, 7, 30
4, 7, 34
5, 7, 34
6, 7, 67
7, 7, 34
8, 7, 100
9, 7, 27
10, 7, 34
11, 7, 34
12, 7, 27
13, 7, 27
14, 7, 34
15, 7, 34
16, 7, 27
17, 7, 27
18, 7, 34
19, 7, 34
20, 7, 27
21, 7, 27
22, 7, 34
23, 7, 34
24, 7, 27
25, 7, 27
26, 7, 34
27, 7, 34
28, 7, 27
29, 7, 27
30, 7, 34
31, 7, 34
32, 7, 27
33, 7, 27
34, 7, 34
35, 7, 34
36, 7, 27
37, 7, 27
38, 7, 34
39, 7, 34
40, 7, 27
41, 7, 27
42, 7, 34
43, 7, 34
44, 7, 27
45, 7, 27
46, 7, 34
47, 7, 34
48, 7, 27
49, 7, 27
50, 7, 34
51, 7, 34
52, 7, 27
53, 7, 27
54, 7, 34
55, 7, 34
56, 7, 27
57, 7, 27
58, 7, 34
59, 7, 34
60, 7, 27
61, 7, 27
62, 7, 37
63, 7, 34
64, 7, 27
65, 7, 34
66, 7, 34
67, 7, 34
68, 7, 27
69, 7, 34
70, 7, 34
71, 7, 34
72, 7, 27
73, 7, 34
74, 7, 34
75, 7, 34
76, 7, 27
77, 7, 34
78, 7, 34
79, 7, 34
80, 7, 27
81, 7, 34
82, 7, 34
83, 7, 34
84, 7, 27
85, 7, 34
86, 7, 34
87, 7, 34
88, 7, 27
89, 7, 34
90, 7, 34
91, 7, 34
92, 7, 27
93, 7, 34
94, 7, 34
95, 7, 34
96, 7, 27
97, 7, 34
98, 7, 34
99, 7, 34
100, 7, 27
101, 7, 34
102, 7, 34
103, 7, 34
104, 7, 27
105, 7, 34
106, 7, 34
107, 7, 34
108, 7, 27
109, 7, 34
110, 7, 34
111, 7, 34
112, 7, 27
113, 7, 34
114, 7, 34
115, 7, 34
116, 7, 27
117, 7, 34
118, 7, 34
119, 7, 34
120, 7, 27
121, 7, 34
122, 7, 34
123, 7, 34
124, 7, 27
125, 7, 34
126, 7, 34
127, 7, 34
128, 7, 27
129, 7, 34
130, 7, 34
131, 7, 34
132, 7, 27
133, 7, 34
134, 7, 34
135, 7, 34
136, 7, 27
137, 7, 34
138, 7, 34
139, 7, 34
140, 7, 27
141, 7, 34
142, 7, 34
143, 7, 34
144, 7, 27
145, 7, 34
146, 7, 34
147, 7, 34
148, 7, 27
149, 7, 34
150, 7, 34
151, 7, 34
152, 7, 27
153, 7, 34
154, 7, 34
155, 7, 34
156, 7, 27
157, 7, 34
158, 7, 34
159, 7, 34
160, 7, 27
161, 7, 34
162, 7, 34
163, 7, 34
164, 7, 27
165, 7, 34
166, 7, 34
167, 7, 34
168, 7, 27
169, 7, 34
170, 7, 34
171, 7, 34
172, 7, 27
173, 7, 34
174, 7, 34
175, 7, 34
176, 7, 27
177, 7, 34
178, 7, 34
179, 7, 34
180, 7, 27
181, 7, 34
182, 7, 34
183, 7, 34
184, 7, 27
185, 7, 34
186, 7, 34
187, 7, 34
188, 7, 27
189, 7, 34
190, 7, 37
191, 7, 27
192, 7, 27
193, 7, 34
194, 7, 34
195, 7, 27
196, 7, 27
197, 7, 34
198, 7, 34
199, 7, 27
200, 7, 27
201, 7, 34
202, 7, 34
203, 7, 27
204, 7, 27
205, 7, 34
206, 7, 34
207, 7, 27
208, 7, 27
209, 7, 34
210, 7, 34
211, 7, 27
212, 7, 27
213, 7, 34
214, 7, 34
215, 7, 27
216, 7, 27
217, 7, 34
218, 7, 34
219, 7, 27
220, 7, 27
221, 7, 34
222, 7, 34
223, 7, 27
224, 7, 27
225, 7, 34
226, 7, 34
227, 7, 27
228, 7, 27
229, 7, 34
230, 7, 34
231, 7, 27
232, 7, 27
233, 7, 34
234, 7, 34
235, 7, 27
236, 7, 27
237, 7, 34
238, 7, 34
239, 7, 27
240, 7, 27
241, 7, 34
242, 7, 34
243, 7, 27
244, 7, 27
245, 7, 34
246, 7, 34
247, 7, 27
248, 7, 27
249, 7, 34
250, 7, 34
251, 7, 27
252, 7, 27
253, 7, 34
254, 7, 37
255, 7, 27
256, 7, 27
257, 7, 34
258, 7, 34
259, 7, 27
260, 7, 27
261, 7, 34
262, 7, 34
263, 7, 27
264, 7, 27
265, 7, 34
266, 7, 34
267, 7, 27
268, 7, 27
269, 7, 34
270, 7, 34
271, 7, 27
272, 7, 27
273, 7, 34
274, 7, 34
275, 7, 27
276, 7, 27
277, 7, 34
278, 7, 34
279, 7, 27
280, 7, 27
281, 7, 34
282, 7, 34
283, 7, 27
284, 7, 27
285, 7, 34
286, 7, 34
287, 7, 27
288, 7, 27
289, 7, 34
290, 7, 34
291, 7, 27
292, 7, 27
293, 7, 34
294, 7, 34
295, 7, 27
296, 7, 27
297, 7, 34
298, 7, 34
299, 7, 27
300, 7, 27
301, 7, 34
302, 7, 34
303, 7, 27
304, 7, 27
305, 7, 34
306, 7, 34
307, 7, 27
308, 7, 27
309, 7, 34
310, 7, 34
311, 7, 27
312, 7, 27
313, 7, 34
314, 7, 34
315, 7, 27
316, 7, 27
317, 7, 34
318, 7, 37
319, 7, 27
320, 7, 27
321, 7, 34
322, 7, 34
323, 7, 27
324, 7, 27
325, 7, 34
326, 7, 34
327, 7, 27
328, 7, 27
329, 7, 34
330, 7, 34
331, 7, 27
332, 7, 27
333, 7, 34
334, 7, 34
335, 7, 27
336, 7, 27
337, 7, 34
338, 7, 34
339, 7, 27
340, 7, 27
341, 7, 34
342, 7, 34
343, 7, 27
344, 7, 27
345, 7, 34
346, 7, 34
347, 7, 27
348, 7, 27
349, 7, 34
350, 7, 34
351, 7, 27
352, 7, 27
353, 7, 34
354, 7, 34
355, 7, 27
356, 7, 27
357, 7, 34
358, 7, 34
359, 7, 27
360, 7, 27
361, 7, 34
362, 7, 34
363, 7, 27
364, 7, 27
365, 7, 34
366, 7, 34
367, 7, 27
368, 7, 27
369, 7, 34
370, 7, 34
371, 7, 27
372, 7, 27
373, 7, 34
374, 7, 34
375, 7, 27
376, 7, 27
377, 7, 34
378, 7, 34
379, 7, 27
380, 7, 27
381, 7, 34
382, 7, 34
383, 7, 27
384, 7, 34
385, 7, 34
386, 7, 34
387, 7, 27
388, 7, 34
389, 7, 34
390, 7, 34
391, 7, 27
392, 7, 34
393, 7, 34
394, 7, 34
395, 7, 27
396, 7, 34
397, 7, 34
398, 7, 34
399, 7, 27
400, 7, 34
401, 7, 34
402, 7, 34
403, 7, 27
404, 7, 34
405, 7, 34
406, 7, 34
407, 7, 27
408, 7, 34
409, 7, 34
410, 7, 34
411, 7, 27
412, 7, 34
413, 7, 34
414, 7, 34
415, 7, 27
416, 7, 34
417, 7, 34
418, 7, 34
419, 7, 27
420, 7, 34
421, 7, 34
422, 7, 34
423, 7, 27
424, 7, 34
425, 7, 34
426, 7, 34
427, 7, 27
428, 7, 34
429, 7, 34
430, 7, 34
431, 7, 27
432, 7, 34
433, 7, 34
434, 7, 34
435, 7, 27
436, 7, 34
437, 7, 34
438, 7, 34
439, 7, 27
440, 7, 34
441, 7, 34
442, 7, 34
443, 7, 27
444, 7, 34
445, 7, 34
446, 7, 37
447, 7, 27
448, 7, 34
449, 7, 34
450, 7, 34
451, 7, 27
452, 7, 34
453, 7, 34
454, 7, 34
455, 7, 27
456, 7, 34
457, 7, 34
458, 7, 34
459, 7, 27
460, 7, 34
461, 7, 34
462, 7, 34
463, 7, 27
464, 7, 34
465, 7, 34
466, 7, 34
467, 7, 27
468, 7, 34
469, 7, 34
470, 7, 34
471, 7, 27
472, 7, 34
473, 7, 34
474, 7, 34
475, 7, 34
476, 7, 27
477, 7, 27
478, 7, 34
479, 7, 34
480, 7, 27
481, 7, 27
482, 7, 34
483, 7, 34
484, 7, 27
485, 7, 27
486, 7, 34
487, 7, 34
488, 7, 27
489, 7, 27
490, 7, 34
491, 7, 34
492, 7, 27
493, 7, 27
494, 7, 34
495, 7, 34
496, 7, 27
497, 7, 27
498, 7, 34
499, 7, 34
500, 7, 27
501, 7, 27
502, 7, 34
503, 7, 34
504, 7, 27
505, 7, 27
506, 7, 34
507, 7, 34
508, 7, 27
509, 7, 27
510, 7, 37
511, 7, 34
512, 7, 27
513, 7, 27
514, 7, 34
515, 7, 34
516, 7, 27
517, 7, 27
518, 7, 34
519, 7, 34
520, 7, 27
521, 7, 27
522, 7, 34
523, 7, 34
524, 7, 27
525, 7, 27
526, 7, 34
527, 7, 34
528, 7, 27
529, 7, 27
530, 7, 34
531, 7, 34
532, 7, 27
533, 7, 27
534, 7, 34
535, 7, 34
536, 7, 27
537, 7, 27
538, 7, 34
539, 7, 34
540, 7, 27
541, 7, 27
542, 7, 34
543, 7, 34
544, 7, 27
545, 7, 27
546, 7, 34
547, 7, 34
548, 7, 27
549, 7, 27
550, 7, 34
551, 7, 34
552, 7, 27
553, 7, 27
554, 7, 34
555, 7, 34
556, 7, 27
557, 7, 27
558, 7, 34
559, 7, 34
560, 7, 27
561, 7, 27
562, 7, 34
563, 7, 34
564, 7, 27
565, 7, 27
566, 7, 34
567, 7, 34
568, 7, 27
569, 7, 27
570, 7, 34
571, 7, 34
572, 7, 27
573, 7, 27
574, 7, 37
575, 7, 34
576, 7, 27
577, 7, 34
578, 7, 34
579, 7, 34
580, 7, 27
581, 7, 34
582, 7, 34
583, 7, 34
584, 7, 27
585, 7, 34
586, 7, 34
587, 7, 34
588, 7, 27
589, 7, 34
590, 7, 34
591, 7, 34
592, 7, 27
593, 7, 34
594, 7, 34
595, 7, 34
596, 7, 27
597, 7, 34
598, 7, 34
599, 7, 34
600, 7, 27
601, 7, 34
602, 7, 34
603, 7, 34
604, 7, 27
605, 7, 34
606, 7, 34
607, 7, 34
608, 7, 27
609, 7, 34
610, 7, 34
611, 7, 34
612, 7, 27
613, 7, 34
614, 7, 34
615, 7, 34
616, 7, 27
617, 7, 34
618, 7, 34
619, 7, 34
620, 7, 27
621, 7, 34
622, 7, 34
623, 7, 34
624, 7, 27
625, 7, 34
626, 7, 34
627, 7, 34
628, 7, 27
629, 7, 34
630, 7, 34
631, 7, 34
632, 7, 27
633, 7, 34
634, 7, 34
635, 7, 34
636, 7, 27
637, 7, 34
638, 7, 37
639, 7, 34
640, 7, 27
641, 7, 34
642, 7, 34
643, 7, 34
644, 7, 27
645, 7, 34
646, 7, 34
647, 7, 34
648, 7, 27
649, 7, 34
650, 7, 34
651, 7, 34
652, 7, 27
653, 7, 34
654, 7, 34
655, 7, 34
656, 7, 27
657, 7, 34
658, 7, 34
659, 7, 34
660, 7, 27
661, 7, 34
662, 7, 34
663, 7, 34
664, 7, 27
665, 7, 34
666, 7, 34
667, 7, 34
668, 7, 27
669, 7, 34
670, 7, 34
671, 7, 34
672, 7, 27
673, 7, 34
674, 7, 34
675, 7, 34
676, 7, 27
677, 7, 34
678, 7, 34
679, 7, 34
680, 7, 27
681, 7, 34
682, 7, 34
683, 7, 34
684, 7, 27
685, 7, 34
686, 7, 34
687, 7, 34
688, 7, 27
689, 7, 34
690, 7, 34
691, 7, 34
692, 7, 27
693, 7, 34
694, 7, 34
695, 7, 34
696, 7, 27
697, 7, 34
698, 7, 34
699, 7, 34
700, 7, 27
701, 7, 34
702, 7, 34
703, 7, 27
704, 7, 27
705, 7, 34
706, 7, 34
707, 7, 27
708, 7, 27
709, 7, 34
710, 7, 34
711, 7, 27
712, 7, 27
713, 7, 34
714, 7, 34
715, 7, 27
716, 7, 27
717, 7, 34
718, 7, 34
719, 7, 27
720, 7, 27
721, 7, 34
722, 7, 34
723, 7, 27
724, 7, 27
725, 7, 34
726, 7, 34
727, 7, 27
728, 7, 27
729, 7, 34
730, 7, 34
731, 7, 27
732, 7, 27
733, 7, 34
734, 7, 34
735, 7, 27
736, 7, 27
737, 7, 34
738, 7, 34
739, 7, 27
740, 7, 27
741, 7, 34
742, 7, 34
743, 7, 27
744, 7, 27
745, 7, 34
746, 7, 34
747, 7, 27
748, 7, 27
749, 7, 34
750, 7, 34
751, 7, 27
752, 7, 27
753, 7, 34
754, 7, 34
755, 7, 27
756, 7, 27
757, 7, 34
758, 7, 34
759, 7, 27
760, 7, 27
761, 7, 34
762, 7, 34
763, 7, 27
764, 7, 27
765, 7, 34
766, 7, 37
767, 7, 27
768, 7, 27
769, 7, 34
770, 7, 34
771, 7, 27
772, 7, 27
773, 7, 34
774, 7, 34
775, 7, 27
776, 7, 27
777, 7, 34
778, 7, 34
779, 7, 27
780, 7, 27
781, 7, 34
782, 7, 34
783, 7, 27
784, 7, 27
785, 7, 34
786, 7, 34
787, 7, 27
788, 7, 27
789, 7, 34
790, 7, 34
791, 7, 27
792, 7, 27
793, 7, 34
794, 7, 34
795, 7, 27
796, 7, 27
797, 7, 34
798, 7, 34
799, 7, 27
800, 7, 27
801, 7, 34
802, 7, 34
803, 7, 27
804, 7, 27
805, 7, 34
806, 7, 34
807, 7, 27
808, 7, 27
809, 7, 34
810, 7, 34
811, 7, 27
812, 7, 27
813, 7, 34
814, 7, 34
815, 7, 27
816, 7, 27
817, 7, 34
818, 7, 34
819, 7, 27
820, 7, 27
821, 7, 34
822, 7, 34
823, 7, 27
824, 7, 27
825, 7, 34
826, 7, 34
827, 7, 27
828, 7, 27
829, 7, 34
830, 7, 37
831, 7, 27
832, 7, 27
833, 7, 34
834, 7, 34
835, 7, 27
836, 7, 27
837, 7, 34
838, 7, 34
839, 7, 27
840, 7, 27
841, 7, 34
842, 7, 34
843, 7, 27
844, 7, 27
845, 7, 34
846, 7, 34
847, 7, 27
848, 7, 27
849, 7, 34
850, 7, 34
851, 7, 27
852, 7, 27
853, 7, 34
854, 7, 34
855, 7, 27
856, 7, 27
857, 7, 34
858, 7, 34
859, 7, 27
860, 7, 27
861, 7, 34
862, 7, 34
863, 7, 27
864, 7, 27
865, 7, 34
866, 7, 34
867, 7, 27
868, 7, 27
869, 7, 34
870, 7, 34
871, 7, 27
872, 7, 27
873, 7, 34
874, 7, 34
875, 7, 27
876, 7, 27
877, 7, 34
878, 7, 34
879, 7, 27
880, 7, 27
881, 7, 34
882, 7, 34
883, 7, 27
884, 7, 27
885, 7, 34
886, 7, 34
887, 7, 27
888, 7, 27
889, 7, 34
890, 7, 34
891, 7, 27
892, 7, 27
893, 7, 34
894, 7, 37
895, 7, 27
896, 7, 34
897, 7, 34
898, 7, 34
899, 7, 27
900, 7, 34
901, 7, 34
902, 7, 34
903, 7, 27
904, 7, 34
905, 7, 34
906, 7, 34
907, 7, 27
908, 7, 34
909, 7, 34
910, 7, 34
911, 7, 27
912, 7, 34
913, 7, 34
914, 7, 34
915, 7, 27
916, 7, 34
917, 7, 34
918, 7, 34
919, 7, 27
920, 7, 34
921, 7, 34
922, 7, 34
923, 7, 27
924, 7, 34
925, 7, 34
926, 7, 34
927, 7, 27
928, 7, 34
929, 7, 34
930, 7, 34
931, 7, 27
932, 7, 34
933, 7, 34
934, 7, 34
935, 7, 27
936, 7, 34
937, 7, 34
938, 7, 34
939, 7, 27
940, 7, 34
941, 7, 34
942, 7, 34
943, 7, 27
944, 7, 34
945, 7, 34
946, 7, 34
947, 7, 27
948, 7, 34
949, 7, 34
950, 7, 34
951, 7, 27
952, 7, 34
953, 7, 34
954, 7, 34
955, 7, 27
956, 7, 34
957, 7, 34
958, 7, 34
959, 7, 27
960, 7, 34
961, 7, 34
962, 7, 34
963, 7, 27
964, 7, 34
965, 7, 34
966, 7, 34
967, 7, 27
968, 7, 34
969, 7, 34
970, 7, 34
971, 7, 27
972, 7, 34
973, 7, 34
974, 7, 34
975, 7, 27
976, 7, 34
977, 7, 34
978, 7, 34
979, 7, 27
980, 7, 34
981, 7, 34
982, 7, 34
983, 7, 27
984, 7, 34
985, 7, 34
986, 7, 34
987, 7, 27
988, 7, 34
989, 7, 34
990, 7, 34
991, 7, 27
992, 7, 34
993, 7, 34
994, 7, 34
995, 7, 27
996, 7, 34
997, 7, 34
998, 7, 34
999, 7, 27
1000, 7, 34
1001, 7, 34
1002, 7, 34
1003, 7, 27
1004, 7, 34
1005, 7, 34
1006, 7, 34
1007, 7, 27
1008, 7, 34
1009, 7, 34
1010, 7, 34
1011, 7, 27
1012, 7, 34
1013, 7, 34
1014, 7, 34
1015, 7, 27
1016, 7, 34
1017, 7, 34
1018, 7, 34
1019, 7, 27
1020, 7, 34
1021, 7, 34
1022, 7, 34
1023, 7, 27
0, 8, 44
1, 8, 40
2, 8, 40
3, 8, 40
4, 8, 36
5, 8, 36
6, 8, 36
7, 8, 36
8, 8, 36
9, 8, 36
10, 8, 36
11, 8, 36
12, 8, 36
13, 8, 36
14, 8, 36
15, 8, 36
16, 8, 36
17, 8, 36
18, 8, 36
19, 8, 36
20, 8, 36
21, 8, 36
22, 8, 36
23, 8, 36
24, 8, 36
25, 8, 36
26, 8, 36
27, 8, 36
28, 8, 36
29, 8, 36
30, 8, 36
31, 8, 36
32, 8, 36
33, 8, 36
34, 8, 36
35, 8, 36
36, 8, 36
37, 8, 36
38, 8, 36
39, 8, 36
40, 8, 36
41, 8, 36
42, 8, 36
43, 8, 36
44, 8, 36
45, 8, 36
46, 8, 36
47, 8, 36
48, 8, 36
49, 8, 36
50, 8, 36
51, 8, 36
52, 8, 36
53, 8, 36
54, 8, 36
55, 8, 36
56, 8, 36
57, 8, 36
58, 8, 36
59, 8, 36
60, 8, 36
61, 8, 36
62, 8, 40
63, 8, 40
64, 8, 36
65, 8, 36
66, 8, 36
67, 8, 36
68, 8, 36
69, 8, 36
70, 8, 36
71, 8, 36
72, 8, 36
73, 8, 36
74, 8, 36
75, 8, 36
76, 8, 36
77, 8, 36
78, 8, 36
79, 8, 36
80, 8, 36
81, 8, 36
82, 8, 36
83, 8, 36
84, 8, 36
85, 8, 36
86, 8, 36
87, 8, 36
88, 8, 36
89, 8, 36
90, 8, 36
91, 8, 36
92, 8, 36
93, 8, 36
94, 8, 36
95, 8, 36
96, 8, 36
97, 8, 36
98, 8, 36
99, 8, 36
100, 8, 36
101, 8, 36
102, 8, 36
103, 8, 36
104, 8, 36
105, 8, 36
106, 8, 36
107, 8, 36
108, 8, 36
109, 8, 36
110, 8, 36
111, 8, 36
112, 8, 36
113, 8, 36
114, 8, 36
115, 8, 36
116, 8, 36
117, 8, 36
118, 8, 36
119, 8, 36
120, 8, 36
121, 8, 36
122, 8, 36
123, 8, 36
124, 8, 36
125, 8, 36
126, 8, 40
127, 8, 36
128, 8, 36
129, 8, 36
130, 8, 36
131, 8, 36
132, 8, 36
133, 8, 36
134, 8, 36
135, 8, 36
136, 8, 36
137, 8, 36
138, 8, 36
139, 8, 36
140, 8, 36
141, 8, 36
142, 8, 36
143, 8, 36
144, 8, 36
145, 8, 36
146, 8, 36
147, 8, 36
148, 8, 36
149, 8, 36
150, 8, 36
151, 8, 36
152, 8, 36
153, 8, 36
154, 8, 36
155, 8, 36
156, 8, 36
157, 8, 36
158, 8, 36
159, 8, 36
160, 8, 36
161, 8, 36
162, 8, 36
163, 8, 36
164, 8, 36
165, 8, 36
166, 8, 36
167, 8, 36
168, 8, 36
169, 8, 36
170, 8, 36
171, 8, 36
172, 8, 36
173, 8, 36
174, 8, 36
175, 8, 36
176, 8, 36
177, 8, 36
178, 8, 36
179, 8, 36
180, 8, 36
181, 8, 36
182, 8, 36
183, 8, 36
184, 8, 36
185, 8, 36
186, 8, 36
187, 8, 36
188, 8, 36
189, 8, 36
190, 8, 40
191, 8, 36
192, 8, 36
193, 8, 36
194, 8, 36
195, 8, 36
196, 8, 36
197, 8, 36
198, 8, 36
199, 8, 36
200, 8, 36
201, 8, 36
202, 8, 36
203, 8, 36
204, 8, 36
205, 8, 36
206, 8, 36
207, 8, 36
208, 8, 36
209, 8, 36
210, 8, 36
211, 8, 36
212, 8, 36
213, 8, 36
214, 8, 36
215, 8, 36
216, 8, 36
217, 8, 36
218, 8, 36
219, 8, 36
220, 8, 36
221, 8, 36
222, 8, 36
223, 8, 36
224, 8, 36
225, 8, 36
226, 8, 36
227, 8, 36
228, 8, 36
229, 8, 36
230, 8, 36
231, 8, 36
232, 8, 36
233, 8, 36
234, 8, 36
235, 8, 36
236, 8, 36
237, 8, 36
238, 8, 36
239, 8, 36
240, 8, 36
241, 8, 36
242, 8, 36
243, 8, 36
244, 8, 36
245, 8, 36
246, 8, 36
247, 8, 36
248, 8, 36
249, 8, 36
250, 8, 36
251, 8, 36
252, 8, 36
253, 8, 36
254, 8, 40
255, 8, 36
256, 8, 36
257, 8, 36
258, 8, 36
259, 8, 36
260, 8, 36
261, 8, 36
262, 8, 36
263, 8, 36
264, 8, 36
265, 8, 36
266, 8, 36
267, 8, 36
268, 8, 36
269, 8, 36
270, 8, 36
271, 8, 36
272, 8, 36
273, 8, 36
274, 8, 36
275, 8, 36
276, 8, 36
277, 8, 36
278, 8, 36
279, 8, 36
280, 8, 36
281, 8, 36
282, 8, 36
283, 8, 36
284, 8, 36
285, 8, 36
286, 8, 36
287, 8, 36
288, 8, 36
289, 8, 36
290, 8, 36
291, 8, 36
292, 8, 36
293, 8, 36
294, 8, 36
295, 8, 36
296, 8, 36
297, 8, 36
298, 8, 36
299, 8, 36
300, 8, 36
301, 8, 36
302, 8, 36
303, 8, 36
304, 8, 36
305, 8, 36
306, 8, 36
307, 8, 36
308, 8, 36
309, 8, 36
310, 8, 36
311, 8, 36
312, 8, 36
313, 8, 36
314, 8, 36
315, 8, 36
316, 8, 36
317, 8, 36
318, 8, 36
319, 8, 36
320, 8, 36
321, 8, 36
322, 8, 36
323, 8, 36
324, 8, 36
325, 8, 36
326, 8, 36
327, 8, 36
328, 8, 36
329, 8, 36
330, 8, 36
331, 8, 36
332, 8, 36
333, 8, 36
334, 8, 36
335, 8, 36
336, 8, 36
337, 8, 36
338, 8, 36
339, 8, 36
340, 8, 36
341, 8, 36
342, 8, 36
343, 8, 36
344, 8, 36
345, 8, 36
346, 8, 36
347, 8, 36
348, 8, 36
349, 8, 36
350, 8, 36
351, 8, 36
352, 8, 36
353, 8, 36
354, 8, 36
355, 8, 36
356, 8, 36
357, 8, 36
358, 8, 36
359, 8, 36
360, 8, 36
361, 8, 36
362, 8, 36
363, 8, 36
364, 8, 36
365, 8, 36
366, 8, 36
367, 8, 36
368, 8, 36
369, 8, 36
370, 8, 36
371, 8, 36
372, 8, 36
373, 8, 36
374, 8, 36
375, 8, 36
376, 8, 36
377, 8, 36
378, 8, 36
379, 8, 36
380, 8, 36
381, 8, 36
382, 8, 40
383, 8, 36
384, 8, 36
385, 8, 36
386, 8, 36
387, 8, 36
388, 8, 36
389, 8, 36
390, 8, 36
391, 8, 36
392, 8, 36
393, 8, 36
394, 8, 36
395, 8, 36
396, 8, 36
397, 8, 36
398, 8, 36
399, 8, 36
400, 8, 36
401, 8, 36
402, 8, 36
403, 8, 36
404, 8, 36
405, 8, 36
406, 8, 36
407, 8, 36
408, 8, 36
409, 8, 36
410, 8, 36
411, 8, 36
412, 8, 36
413, 8, 36
414, 8, 36
415, 8, 36
416, 8, 36
417, 8, 36
418, 8, 36
419, 8, 36
420, 8, 36
421, 8, 36
422, 8, 36
423, 8, 36
424, 8, 36
425, 8, 36
426, 8, 36
427, 8, 36
428, 8, 36
429, 8, 36
430, 8, 36
431, 8, 36
432, 8, 36
433, 8, 36
434, 8, 36
435, 8, 36
436, 8, 36
437, 8, 36
438, 8, 36
439, 8, 36
440, 8, 36
441, 8, 36
442, 8, 36
443, 8, 36
444, 8, 36
445, 8, 36
446, 8, 40
447, 8, 36
448, 8, 36
449, 8, 36
450, 8, 36
451, 8, 36
452, 8, 36
453, 8, 36
454, 8, 36
455, 8, 36
456, 8, 36
457, 8, 36
458, 8, 36
459, 8, 36
460, 8, 36
461, 8, 36
462, 8, 36
463, 8, 36
464, 8, 36
465, 8, 36
466, 8, 36
467, 8, 36
468, 8, 36
469, 8, 36
470, 8, 36
471, 8, 36
472, 8, 36
473, 8, 36
474, 8, 36
475, 8, 36
476, 8, 36
477, 8, 36
478, 8, 36
479, 8, 36
480, 8, 36
481, 8, 36
482, 8, 36
483, 8, 36
484, 8, 36
485, 8, 36
486, 8, 36
487, 8, 36
488, 8, 36
489, 8, 36
490, 8, 36
491, 8, 36
492, 8, 36
493, 8, 36
494, 8, 36
495, 8, 36
496, 8, 36
497, 8, 36
498, 8, 36
499, 8, 36
500, 8, 36
501, 8, 36
502, 8, 36
503, 8, 36
504, 8, 36
505, 8, 36
506, 8, 36
507, 8, 36
508, 8, 36
509, 8, 36
510, 8, 40
511, 8, 36
512, 8, 36
513, 8, 36
514, 8, 36
515, 8, 36
516, 8, 36
517, 8, 36
518, 8, 36
519, 8, 36
520, 8, 36
521, 8, 36
522, 8, 36
523, 8, 36
524, 8, 36
525, 8, 36
526, 8, 36
527, 8, 36
528, 8, 36
529, 8, 36
530, 8, 36
531, 8, 36
532, 8, 36
533, 8, 36
534, 8, 36
535, 8, 36
536, 8, 36
537, 8, 36
538, 8, 36
539, 8, 36
540, 8, 36
541, 8, 36
542, 8, 36
543, 8, 36
544, 8, 36
545, 8, 36
546, 8, 36
547, 8, 36
548, 8, 36
549, 8, 36
550, 8, 36
551, 8, 36
552, 8, 36
553, 8, 36
554, 8, 36
555, 8, 36
556, 8, 36
557, 8, 36
558, 8, 36
559, 8, 36
560, 8, 36
561, 8, 36
562, 8, 36
563, 8, 36
564, 8, 36
565, 8, 36
566, 8, 36
567, 8, 36
568, 8, 36
569, 8, 36
570, 8, 36
571, 8, 36
572, 8, 36
573, 8, 36
574, 8, 40
575, 8, 36
576, 8, 36
577, 8, 36
578, 8, 36
579, 8, 36
580, 8, 36
581, 8, 36
582, 8, 36
583, 8, 36
584, 8, 36
585, 8, 36
586, 8, 36
587, 8, 36
588, 8, 36
589, 8, 36
590, 8, 36
591, 8, 36
592, 8, 36
593, 8, 36
594, 8, 36
595, 8, 36
596, 8, 36
597, 8, 36
598, 8, 36
599, 8, 36
600, 8, 36
601, 8, 36
602, 8, 36
603, 8, 36
604, 8, 36
605, 8, 36
606, 8, 36
607, 8, 36
608, 8, 36
609, 8, 36
610, 8, 36
611, 8, 36
612, 8, 36
613, 8, 36
614, 8, 36
615, 8, 36
616, 8, 36
617, 8, 36
618, 8, 36
619, 8, 36
620, 8, 36
621, 8, 36
622, 8, 36
623, 8, 36
624, 8, 36
625, 8, 36
626, 8, 36
627, 8, 36
628, 8, 36
629, 8, 36
630, 8, 36
631, 8, 36
632, 8, 36
633, 8, 36
634, 8, 36
635, 8, 36
636, 8, 36
637, 8, 36
638, 8, 40
639, 8, 36
640, 8, 36
641, 8, 36
642, 8, 36
643, 8, 36
644, 8, 36
645, 8, 36
646, 8, 36
647, 8, 36
648, 8, 36
649, 8, 36
650, 8, 36
651, 8, 36
652, 8, 36
653, 8, 36
654, 8, 36
655, 8, 36
656, 8, 36
657, 8, 36
658, 8, 36
659, 8, 36
660, 8, 36
661, 8, 36
662, 8, 36
663, 8, 36
664, 8, 36
665, 8, 36
666, 8, 36
667, 8, 36
668, 8, 36
669, 8, 36
670, 8, 36
671, 8, 36
672, 8, 36
673, 8, 36
674, 8, 36
675, 8, 36
676, 8, 36
677, 8, 36
678, 8, 36
679, 8, 36
680, 8, 36
681, 8, 36
682, 8, 36
683, 8, 36
684, 8, 36
685, 8, 36
686, 8, 36
687, 8, 36
688, 8, 36
689, 8, 36
690, 8, 36
691, 8, 36
692, 8, 36
693, 8, 36
694, 8, 36
695, 8, 36
696, 8, 36
697, 8, 36
698, 8, 36
699, 8, 36
700, 8, 36
701, 8, 36
702, 8, 36
703, 8, 36
704, 8, 36
705, 8, 36
706, 8, 36
707, 8, 36
708, 8, 36
709, 8, 36
710, 8, 36
711, 8, 36
712, 8, 36
713, 8, 36
714, 8, 36
715, 8, 36
716, 8, 36
717, 8, 36
718, 8, 36
719, 8, 36
720, 8, 36
721, 8, 36
722, 8, 36
723, 8, 36
724, 8, 36
725, 8, 36
726, 8, 36
727, 8, 36
728, 8, 36
729, 8, 36
730, 8, 36
731, 8, 36
732, 8, 36
733, 8, 36
734, 8, 36
735, 8, 36
736, 8, 36
737, 8, 36
738, 8, 36
739, 8, 36
740, 8, 36
741, 8, 36
742, 8, 36
743, 8, 36
744, 8, 36
745, 8, 36
746, 8, 36
747, 8, 36
748, 8, 36
749, 8, 36
750, 8, 36
751, 8, 36
752, 8, 36
753, 8, 36
754, 8, 36
755, 8, 36
756, 8, 36
757, 8, 36
758, 8, 36
759, 8, 36
760, 8, 36
761, 8, 36
762, 8, 36
763, 8, 36
764, 8, 36
765, 8, 36
766, 8, 40
767, 8, 36
768, 8, 36
769, 8, 36
770, 8, 36
771, 8, 36
772, 8, 36
773, 8, 36
774, 8, 36
775, 8, 36
776, 8, 36
777, 8, 36
778, 8, 36
779, 8, 36
780, 8, 36
781, 8, 36
782, 8, 36
783, 8, 36
784, 8, 36
785, 8, 36
786, 8, 36
787, 8, 36
788, 8, 36
789, 8, 36
790, 8, 36
791, 8, 36
792, 8, 36
793, 8, 36
794, 8, 36
795, 8, 36
796, 8, 36
797, 8, 36
798, 8, 36
799, 8, 36
800, 8, 36
801, 8, 36
802, 8, 36
803, 8, 36
804, 8, 36
805, 8, 36
806, 8, 36
807, 8, 36
808, 8, 36
809, 8, 36
810, 8, 36
811, 8, 36
812, 8, 36
813, 8, 36
814, 8, 36
815, 8, 36
816, 8, 36
817, 8, 36
818, 8, 36
819, 8, 36
820, 8, 36
821, 8, 36
822, 8, 36
823, 8, 36
824, 8, 36
825, 8, 36
826, 8, 36
827, 8, 36
828, 8, 36
829, 8, 36
830, 8, 40
831, 8, 36
832, 8, 36
833, 8, 36
834, 8, 36
835, 8, 36
836, 8, 36
837, 8, 36
838, 8, 36
839, 8, 36
840, 8, 36
841, 8, 36
842, 8, 36
843, 8, 36
844, 8, 36
845, 8, 36
846, 8, 36
847, 8, 36
848, 8, 36
849, 8, 36
850, 8, 36
851, 8, 36
852, 8, 36
853, 8, 36
854, 8, 36
855, 8, 36
856, 8, 36
857, 8, 36
858, 8, 36
859, 8, 36
860, 8, 36
861, 8, 36
862, 8, 36
863, 8, 36
864, 8, 36
865, 8, 36
866, 8, 36
867, 8, 36
868, 8, 36
869, 8, 36
870, 8, 36
871, 8, 36
872, 8, 36
873, 8, 36
874, 8, 36
875, 8, 36
876, 8, 36
877, 8, 36
878, 8, 36
879, 8, 36
880, 8, 36
881, 8, 36
882, 8, 36
883, 8, 36
884, 8, 36
885, 8, 36
886, 8, 36
887, 8, 36
888, 8, 36
889, 8, 36
890, 8, 36
891, 8, 36
892, 8, 36
893, 8, 36
894, 8, 40
895, 8, 36
896, 8, 36
897, 8, 36
898, 8, 36
899, 8, 36
900, 8, 36
901, 8, 36
902, 8, 36
903, 8, 36
904, 8, 36
905, 8, 36
906, 8, 36
907, 8, 36
908, 8, 36
909, 8, 36
910, 8, 36
911, 8, 36
912, 8, 36
913, 8, 36
914, 8, 36
915, 8, 36
916, 8, 36
917, 8, 36
918, 8, 36
919, 8, 36
920, 8, 36
921, 8, 36
922, 8, 36
923, 8, 36
924, 8, 36
925, 8, 36
926, 8, 36
927, 8, 36
928, 8, 36
929, 8, 36
930, 8, 36
931, 8, 36
932, 8, 36
933, 8, 36
934, 8, 36
935, 8, 36
936, 8, 36
937, 8, 36
938, 8, 36
939, 8, 36
940, 8, 36
941, 8, 36
942, 8, 36
943, 8, 36
944, 8, 36
945, 8, 36
946, 8, 36
947, 8, 36
948, 8, 36
949, 8, 36
950, 8, 36
951, 8, 36
952, 8, 36
953, 8, 36
954, 8, 36
955, 8, 36
956, 8, 36
957, 8, 36
958, 8, 36
959, 8, 36
960, 8, 36
961, 8, 36
962, 8, 36
963, 8, 36
964, 8, 36
965, 8, 36
966, 8, 36
967, 8, 36
968, 8, 36
969, 8, 36
970, 8, 36
971, 8, 36
972, 8, 36
973, 8, 36
974, 8, 36
975, 8, 36
976, 8, 36
977, 8, 36
978, 8, 36
979, 8, 36
980, 8, 36
981, 8, 36
982, 8, 36
983, 8, 36
984, 8, 36
985, 8, 36
986, 8, 36
987, 8, 36
988, 8, 36
989, 8, 36
990, 8, 36
991, 8, 36
992, 8, 36
993, 8, 36
994, 8, 36
995, 8, 36
996, 8, 36
997, 8, 36
998, 8, 36
999, 8, 36
1000, 8, 36
1001, 8, 36
1002, 8, 36
1003, 8, 36
1004, 8, 36
1005, 8, 36
1006, 8, 36
1007, 8, 36
1008, 8, 36
1009, 8, 36
1010, 8, 36
1011, 8, 36
1012, 8, 36
1013, 8, 36
1014, 8, 36
1015, 8, 36
1016, 8, 36
1017, 8, 36
1018, 8, 36
1019, 8, 36
1020, 8, 36
1021, 8, 36
1022, 8, 36
1023, 8, 36
0, 9, 100
1, 9, 37
2, 9, 30
3, 9, 34
4, 9, 34
5, 9, 34
6, 9, 100
7, 9, 27
8, 9, 27
9, 9, 34
10, 9, 34
11, 9, 27
12, 9, 27
13, 9, 34
14, 9, 34
15, 9, 27
16, 9, 27
17, 9, 34
18, 9, 34
19, 9, 27
20, 9, 27
21, 9, 34
22, 9, 34
23, 9, 27
24, 9, 27
25, 9, 34
26, 9, 34
27, 9, 27
28, 9, 27
29, 9, 34
30, 9, 34
31, 9, 27
32, 9, 27
33, 9, 34
34, 9, 34
35, 9, 27
36, 9, 27
37, 9, 34
38, 9, 34
39, 9, 27
40, 9, 27
41, 9, 34
42, 9, 34
43, 9, 27
44, 9, 27
45, 9, 34
46, 9, 34
47, 9, 27
48, 9, 27
49, 9, 34
50, 9, 34
51, 9, 27
52, 9, 27
53, 9, 34
54, 9, 34
55, 9, 27
56, 9, 27
57, 9, 34
58, 9, 34
59, 9, 27
60, 9, 27
61, 9, 34
62, 9, 37
63, 9, 27
64, 9, 27
65, 9, 34
66, 9, 34
67, 9, 27
68, 9, 27
69, 9, 34
70, 9, 34
71, 9, 27
72, 9, 27
73, 9, 34
74, 9, 34
75, 9, 27
76, 9, 27
77, 9, 34
78, 9, 34
79, 9, 27
80, 9, 27
81, 9, 34
82, 9, 34
83, 9, 27
84, 9, 27
85, 9, 34
86, 9, 34
87, 9, 27
88, 9, 27
89, 9, 34
90, 9, 34
91, 9, 27
92, 9, 27
93, 9, 34
94, 9, 34
95, 9, 27
96, 9, 27
97, 9, 34
98, 9, 34
99, 9, 27
100, 9, 27
101, 9, 34
102, 9, 34
103, 9, 27
104, 9, 27
105, 9, 34
106, 9, 34
107, 9, 27
108, 9, 27
109, 9, 34
110, 9, 34
111, 9, 27
112, 9, 27
113, 9, 34
114, 9, 34
115, 9, 27
116, 9, 27
117, 9, 34
118, 9, 34
119, 9, 27
120, 9, 27
121, 9, 34
122, 9, 34
123, 9, 27
124, 9, 27
125, 9, 34
126, 9, 34
127, 9, 27
128, 9, 34
129, 9, 34
130, 9, 34
131, 9, 27
132, 9, 34
133, 9, 34
134, 9, 34
135, 9, 27
136, 9, 34
137, 9, 34
138, 9, 34
139, 9, 27
140, 9, 34
141, 9, 34
142, 9, 34
143, 9, 27
144, 9, 34
145, 9, 34
146, 9, 34
147, 9, 27
148, 9, 34
149, 9, 34
150, 9, 34
151, 9, 27
152, 9, 34
153, 9, 34
154, 9, 34
155, 9, 27
156, 9, 34
157, 9, 34
158, 9, 34
159, 9, 27
160, 9, 34
161, 9, 34
162, 9, 34
163, 9, 27
164, 9, 34
165, 9, 34
166, 9, 34
167, 9, 27
168, 9, 34
169, 9, 34
170, 9, 34
171, 9, 27
172, 9, 34
173, 9, 34
174, 9, 34
175, 9, 27
176, 9, 34
177, 9, 34
178, 9, 34
179, 9, 27
180, 9, 34
181, 9, 34
182, 9, 34
183, 9, 27
184, 9, 34
185, 9, 34
186, 9, 34
187, 9, 27
188, 9, 34
189, 9, 34
190, 9, 37
191, 9, 27
192, 9, 34
193, 9, 34
194, 9, 34
195, 9, 27
196, 9, 34
197, 9, 34
198, 9, 34
199, 9, 27
200, 9, 34
201, 9, 34
202, 9, 34
203, 9, 27
204, 9, 34
205, 9, 34
206, 9, 34
207, 9, 27
208, 9, 34
209, 9, 34
210, 9, 34
211, 9, 27
212, 9, 34
213, 9, 34
214, 9, 34
215, 9, 27
216, 9, 34
217, 9, 34
218, 9, 34
219, 9, 27
220, 9, 34
221, 9, 34
222, 9, 34
223, 9, 27
224, 9, 34
225, 9, 34
226, 9, 34
227, 9, 27
228, 9, 34
229, 9, 34
230, 9, 34
231, 9, 27
232, 9, 34
233, 9, 34
234, 9, 34
235, 9, 27
236, 9, 34
237, 9, 34
238, 9, 34
239, 9, 27
240, 9, 34
241, 9, 34
242, 9, 34
243, 9, 27
244, 9, 34
245, 9, 34
246, 9, 34
247, 9, 27
248, 9, 34
249, 9, 34
250, 9, 34
251, 9, 27
252, 9, 34
253, 9, 34
254, 9, 37
255, 9, 27
256, 9, 34
257, 9, 34
258, 9, 27
259, 9, 27
260, 9, 34
261, 9, 34
262, 9, 27
263, 9, 27
264, 9, 34
265, 9, 34
266, 9, 27
267, 9, 27
268, 9, 34
269, 9, 34
270, 9, 27
271, 9, 27
272, 9, 34
273, 9, 34
274, 9, 27
275, 9, 27
276, 9, 34
277, 9, 34
278, 9, 27
279, 9, 27
280, 9, 34
281, 9, 34
282, 9, 27
283, 9, 27
284, 9, 34
285, 9, 34
286, 9, 27
287, 9, 27
288, 9, 34
289, 9, 34
290, 9, 27
291, 9, 27
292, 9, 34
293, 9, 34
294, 9, 27
295, 9, 27
296, 9, 34
297, 9, 34
298, 9, 27
299, 9, 27
300, 9, 34
301, 9, 34
302, 9, 27
303, 9, 27
304, 9, 34
305, 9, 34
306, 9, 27
307, 9, 27
308, 9, 34
309, 9, 34
310, 9, 27
311, 9, 27
312, 9, 34
313, 9, 34
314, 9, 27
315, 9, 27
316, 9, 34
317, 9, 34
318, 9, 30
319, 9, 27
320, 9, 34
321, 9, 34
322, 9, 27
323, 9, 27
324, 9, 34
325, 9, 34
326, 9, 27
327, 9, 27
328, 9, 34
329, 9, 34
330, 9, 27
331, 9, 27
332, 9, 34
333, 9, 34
334, 9, 27
335, 9, 27
336, 9, 34
337, 9, 34
338, 9, 27
339, 9, 27
340, 9, 34
341, 9, 34
342, 9, 27
343, 9, 27
344, 9, 34
345, 9, 34
346, 9, 27
347, 9, 27
348, 9, 34
349, 9, 34
350, 9, 27
351, 9, 27
352, 9, 34
353, 9, 34
354, 9, 27
355, 9, 27
356, 9, 34
357, 9, 34
358, 9, 27
359, 9, 27
360, 9, 34
361, 9, 34
362, 9, 27
363, 9, 27
364, 9, 34
365, 9, 34
366, 9, 27
367, 9, 27
368, 9, 34
369, 9, 34
370, 9, 27
371, 9, 27
372, 9, 34
373, 9, 34
374, 9, 27
375, 9, 27
376, 9, 34
377, 9, 34
378, 9, 27
379, 9, 27
380, 9, 34
381, 9, 34
382, 9, 27
383, 9, 27
384, 9, 34
385, 9, 34
386, 9, 27
387, 9, 27
388, 9, 34
389, 9, 34
390, 9, 27
391, 9, 27
392, 9, 34
393, 9, 34
394, 9, 27
395, 9, 27
396, 9, 34
397, 9, 34
398, 9, 27
399, 9, 27
400, 9, 34
401, 9, 34
402, 9, 27
403, 9, 27
404, 9, 34
405, 9, 34
406, 9, 27
407, 9, 27
408, 9, 34
409, 9, 34
410, 9, 27
411, 9, 27
412, 9, 34
413, 9, 34
414, 9, 27
415, 9, 27
416, 9, 34
417, 9, 34
418, 9, 27
419, 9, 27
420, 9, 34
421, 9, 34
422, 9, 27
423, 9, 27
424, 9, 34
425, 9, 34
426, 9, 27
427, 9, 27
428, 9, 34
429, 9, 34
430, 9, 27
431, 9, 27
432, 9, 34
433, 9, 34
434, 9, 27
435, 9, 27
436, 9, 34
437, 9, 34
438, 9, 27
439, 9, 27
440, 9, 34
441, 9, 34
442, 9, 27
443, 9, 27
444, 9, 34
445, 9, 34
446, 9, 30
447, 9, 34
448, 9, 34
449, 9, 34
450, 9, 27
451, 9, 34
452, 9, 34
453, 9, 34
454, 9, 27
455, 9, 34
456, 9, 34
457, 9, 34
458, 9, 27
459, 9, 34
460, 9, 34
461, 9, 34
462, 9, 27
463, 9, 34
464, 9, 34
465, 9, 34
466, 9, 27
467, 9, 34
468, 9, 34
469, 9, 34
470, 9, 27
471, 9, 34
472, 9, 34
473, 9, 34
474, 9, 27
475, 9, 27
476, 9, 27
477, 9, 34
478, 9, 34
479, 9, 27
480, 9, 27
481, 9, 34
482, 9, 34
483, 9, 27
484, 9, 27
485, 9, 34
486, 9, 34
487, 9, 27
488, 9, 27
489, 9, 34
490, 9, 34
491, 9, 27
492, 9, 27
493, 9, 34
494, 9, 34
495, 9, 27
496, 9, 27
497, 9, 34
498, 9, 34
499, 9, 27
500, 9, 27
501, 9, 34
502, 9, 34
503, 9, 27
504, 9, 27
505, 9, 34
506, 9, 34
507, 9, 27
508, 9, 27
509, 9, 34
510, 9, 37
511, 9, 27
512, 9, 34
513, 9, 34
514, 9, 34
515, 9, 27
516, 9, 34
517, 9, 34
518, 9, 34
519, 9, 27
520, 9, 34
521, 9, 34
522, 9, 34
523, 9, 27
524, 9, 34
525, 9, 34
526, 9, 34
527, 9, 27
528, 9, 34
529, 9, 34
530, 9, 34
531, 9, 27
532, 9, 34
533, 9, 34
534, 9, 34
535, 9, 27
536, 9, 34
537, 9, 34
538, 9, 34
539, 9, 27
540, 9, 34
541, 9, 34
542, 9, 34
543, 9, 27
544, 9, 34
545, 9, 34
546, 9, 34
547, 9, 27
548, 9, 34
549, 9, 34
550, 9, 34
551, 9, 27
552, 9, 34
553, 9, 34
554, 9, 34
555, 9, 27
556, 9, 34
557, 9, 34
558, 9, 34
559, 9, 27
560, 9, 34
561, 9, 34
562, 9, 34
563, 9, 27
564, 9, 34
565, 9, 34
566, 9, 34
567, 9, 27
568, 9, 34
569, 9, 34
570, 9, 34
571, 9, 27
572, 9, 34
573, 9, 34
574, 9, 37
575, 9, 27
576, 9, 34
577, 9, 34
578, 9, 34
579, 9, 27
580, 9, 34
581, 9, 34
582, 9, 34
583, 9, 27
584, 9, 34
585, 9, 34
586, 9, 34
587, 9, 27
588, 9, 34
589, 9, 34
590, 9, 34
591, 9, 27
592, 9, 34
593, 9, 34
594, 9, 34
595, 9, 27
596, 9, 34
597, 9, 34
598, 9, 34
599, 9, 27
600, 9, 34
601, 9, 34
602, 9, 34
603, 9, 27
604, 9, 34
605, 9, 34
606, 9, 34
607, 9, 27
608, 9, 34
609, 9, 34
610, 9, 34
611, 9, 27
612, 9, 34
613, 9, 34
614, 9, 34
615, 9, 27
616, 9, 34
617, 9, 34
618, 9, 34
619, 9, 27
620, 9, 34
621, 9, 34
622, 9, 34
623, 9, 27
624, 9, 34
625, 9, 34
626, 9, 34
627, 9, 27
628, 9, 34
629, 9, 34
630, 9, 34
631, 9, 27
632, 9, 34
633, 9, 34
634, 9, 34
635, 9, 27
636, 9, 34
637, 9, 34
638, 9, 37
639, 9, 27
640, 9, 34
641, 9, 34
642, 9, 27
643, 9, 27
644, 9, 34
645, 9, 34
646, 9, 27
647, 9, 27
648, 9, 34
649, 9, 34
650, 9, 27
651, 9, 27
652, 9, 34
653, 9, 34
654, 9, 27
655, 9, 27
656, 9, 34
657, 9, 34
658, 9, 27
659, 9, 27
660, 9, 34
661, 9, 34
662, 9, 27
663, 9, 27
664, 9, 34
665, 9, 34
666, 9, 27
667, 9, 27
668, 9, 34
669, 9, 34
670, 9, 27
671, 9, 27
672, 9, 34
673, 9, 34
674, 9, 27
675, 9, 27
676, 9, 34
677, 9, 34
678, 9, 27
679, 9, 27
680, 9, 34
681, 9, 34
682, 9, 27
683, 9, 27
684, 9, 34
685, 9, 34
686, 9, 27
687, 9, 27
688, 9, 34
689, 9, 34
690, 9, 27
691, 9, 27
692, 9, 34
693, 9, 34
694, 9, 27
695, 9, 27
696, 9, 34
697, 9, 34
698, 9, 27
699, 9, 27
700, 9, 34
701, 9, 34
702, 9, 27
703, 9, 27
704, 9, 34
705, 9, 34
706, 9, 27
707, 9, 27
708, 9, 34
709, 9, 34
710, 9, 27
711, 9, 27
712, 9, 34
713, 9, 34
714, 9, 27
715, 9, 27
716, 9, 34
717, 9, 34
718, 9, 27
719, 9, 27
720, 9, 34
721, 9, 34
722, 9, 27
723, 9, 27
724, 9, 34
725, 9, 34
726, 9, 27
727, 9, 27
728, 9, 34
729, 9, 34
730, 9, 27
731, 9, 27
732, 9, 34
733, 9, 34
734, 9, 27
735, 9, 27
736, 9, 34
737, 9, 34
738, 9, 27
739, 9, 27
740, 9, 34
741, 9, 34
742, 9, 27
743, 9, 27
744, 9, 34
745, 9, 34
746, 9, 27
747, 9, 27
748, 9, 34
749, 9, 34
750, 9, 27
751, 9, 27
752, 9, 34
753, 9, 34
754, 9, 27
755, 9, 27
756, 9, 34
757, 9, 34
758, 9, 27
759, 9, 27
760, 9, 34
761, 9, 34
762, 9, 27
763, 9, 27
764, 9, 34
765, 9, 34
766, 9, 30
767, 9, 27
768, 9, 34
769, 9, 34
770, 9, 27
771, 9, 27
772, 9, 34
773, 9, 34
774, 9, 27
775, 9, 27
776, 9, 34
777, 9, 34
778, 9, 27
779, 9, 27
780, 9, 34
781, 9, 34
782, 9, 27
783, 9, 27
784, 9, 34
785, 9, 34
786, 9, 27
787, 9, 27
788, 9, 34
789, 9, 34
790, 9, 27
791, 9, 27
792, 9, 34
793, 9, 34
794, 9, 27
795, 9, 27
796, 9, 34
797, 9, 34
798, 9, 27
799, 9, 27
800, 9, 34
801, 9, 34
802, 9, 27
803, 9, 27
804, 9, 34
805, 9, 34
806, 9, 27
807, 9, 27
808, 9, 34
809, 9, 34
810, 9, 27
811, 9, 27
812, 9, 34
813, 9, 34
814, 9, 27
815, 9, 27
816, 9, 34
817, 9, 34
818, 9, 27
819, 9, 27
820, 9, 34
821, 9, 34
822, 9, 27
823, 9, 27
824, 9, 34
825, 9, 34
826, 9, 27
827, 9, 27
828, 9, 34
829, 9, 34
830, 9, 30
831, 9, 34
832, 9, 34
833, 9, 34
834, 9, 27
835, 9, 34
836, 9, 34
837, 9, 34
838, 9, 27
839, 9, 34
840, 9, 34
841, 9, 34
842, 9, 27
843, 9, 34
844, 9, 34
845, 9, 34
846, 9, 27
847, 9, 34
848, 9, 34
849, 9, 34
850, 9, 27
851, 9, 34
852, 9, 34
853, 9, 34
854, 9, 27
855, 9, 34
856, 9, 34
857, 9, 34
858, 9, 27
859, 9, 34
860, 9, 34
861, 9, 34
862, 9, 27
863, 9, 34
864, 9, 34
865, 9, 34
866, 9, 27
867, 9, 34
868, 9, 34
869, 9, 34
870, 9, 27
871, 9, 34
872, 9, 34
873, 9, 34
874, 9, 27
875, 9, 34
876, 9, 34
877, 9, 34
878, 9, 27
879, 9, 34
880, 9, 34
881, 9, 34
882, 9, 27
883, 9, 34
884, 9, 34
885, 9, 34
886, 9, 27
887, 9, 34
888, 9, 34
889, 9, 34
890, 9, 27
891, 9, 34
892, 9, 34
893, 9, 34
894, 9, 30
895, 9, 34
896, 9, 34
897, 9, 34
898, 9, 27
899, 9, 34
900, 9, 34
901, 9, 34
902, 9, 27
903, 9, 34
904, 9, 34
905, 9, 34
906, 9, 27
907, 9, 34
908, 9, 34
909, 9, 34
910, 9, 27
911, 9, 34
912, 9, 34
913, 9, 34
914, 9, 27
915, 9, 34
916, 9, 34
917, 9, 34
918, 9, 27
919, 9, 34
920, 9, 34
921, 9, 34
922, 9, 27
923, 9, 34
924, 9, 34
925, 9, 34
926, 9, 27
927, 9, 34
928, 9, 34
929, 9, 34
930, 9, 27
931, 9, 34
932, 9, 34
933, 9, 34
934, 9, 27
935, 9, 34
936, 9, 34
937, 9, 34
938, 9, 27
939, 9, 34
940, 9, 34
941, 9, 34
942, 9, 27
943, 9, 34
944, 9, 34
945, 9, 34
946, 9, 27
947, 9, 34
948, 9, 34
949, 9, 34
950, 9, 27
951, 9, 34
952, 9, 34
953, 9, 34
954, 9, 27
955, 9, 34
956, 9, 34
957, 9, 34
958, 9, 27
959, 9, 34
960, 9, 34
961, 9, 27
962, 9, 27
963, 9, 34
964, 9, 34
965, 9, 27
966, 9, 27
967, 9, 34
968, 9, 34
969, 9, 27
970, 9, 27
971, 9, 34
972, 9, 34
973, 9, 27
974, 9, 27
975, 9, 34
976, 9, 34
977, 9, 27
978, 9, 27
979, 9, 34
980, 9, 34
981, 9, 27
982, 9, 27
983, 9, 34
984, 9, 34
985, 9, 27
986, 9, 27
987, 9, 34
988, 9, 34
989, 9, 27
990, 9, 27
991, 9, 34
992, 9, 34
993, 9, 27
994, 9, 27
995, 9, 34
996, 9, 34
997, 9, 27
998, 9, 27
999, 9, 34
1000, 9, 34
1001, 9, 27
1002, 9, 27
1003, 9, 34
1004, 9, 34
1005, 9, 27
1006, 9, 27
1007, 9, 34
1008, 9, 34
1009, 9, 27
1010, 9, 27
1011, 9, 34
1012, 9, 34
1013, 9, 27
1014, 9, 27
1015, 9, 34
1016, 9, 34
1017, 9, 27
1018, 9, 27
1019, 9, 34
1020, 9, 34
1021, 9, 27
1022, 9, 27
1023, 9, 34
0, 10, 30
1, 10, 37
2, 10, 40
3, 10, 30
4, 10, 34
5, 10, 34
6, 10, 34
7, 10, 27
8, 10, 34
9, 10, 37
10, 10, 27
11, 10, 27
12, 10, 34
13, 10, 34
14, 10, 27
15, 10, 27
16, 10, 34
17, 10, 34
18, 10, 27
19, 10, 27
20, 10, 34
21, 10, 34
22, 10, 27
23, 10, 27
24, 10, 34
25, 10, 34
26, 10, 27
27, 10, 27
28, 10, 34
29, 10, 34
30, 10, 27
31, 10, 27
32, 10, 34
33, 10, 34
34, 10, 27
35, 10, 27
36, 10, 34
37, 10, 34
38, 10, 27
39, 10, 27
40, 10, 34
41, 10, 34
42, 10, 27
43, 10, 27
44, 10, 34
45, 10, 34
46, 10, 27
47, 10, 27
48, 10, 34
49, 10, 34
50, 10, 27
51, 10, 27
52, 10, 34
53, 10, 34
54, 10, 27
55, 10, 27
56, 10, 34
57, 10, 34
58, 10, 27
59, 10, 27
60, 10, 34
61, 10, 34
62, 10, 27
63, 10, 37
64, 10, 34
65, 10, 34
66, 10, 27
67, 10, 34
68, 10, 34
69, 10, 34
70, 10, 27
71, 10, 34
72, 10, 34
73, 10, 44
74, 10, 30
75, 10, 33
76, 10, 47
77, 10, 27
78, 10, 38
79, 10, 27
80, 10, 38
81, 10, 27
82, 10, 27
83, 10, 38
84, 10, 27
85, 10, 38
86, 10, 27
87, 10, 27
88, 10, 38
89, 10, 27
90, 10, 27
91, 10, 27
92, 10, 27
93, 10, 38
94, 10, 27
95, 10, 27
96, 10, 27
97, 10, 27
98, 10, 38
99, 10, 27
100, 10, 27
101, 10, 27
102, 10, 27
103, 10, 38
104, 10, 27
105, 10, 27
106, 10, 27
107, 10, 27
108, 10, 38
109, 10, 27
110, 10, 27
111, 10, 38
112, 10, 27
113, 10, 38
114, 10, 27
115, 10, 27
116, 10, 38
117, 10, 27
118, 10, 38
119, 10, 27
120, 10, 27
121, 10, 38
122, 10, 27
123, 10, 38
124, 10, 27
125, 10, 27
126, 10, 41
127, 10, 27
128, 10, 27
129, 10, 27
130, 10, 27
131, 10, 38
132, 10, 27
133, 10, 27
134, 10, 27
135, 10, 27
136, 10, 38
137, 10, 27
138, 10, 27
139, 10, 27
140, 10, 27
141, 10, 38
142, 10, 27
143, 10, 27
144, 10, 27
145, 10, 27
146, 10, 38
147, 10, 27
148, 10, 27
149, 10, 38
150, 10, 27
151, 10, 38
152, 10, 27
153, 10, 27
154, 10, 38
155, 10, 27
156, 10, 38
157, 10, 27
158, 10, 27
159, 10, 38
160, 10, 27
161, 10, 38
162, 10, 27
163, 10, 27
164, 10, 38
165, 10, 27
166, 10, 27
167, 10, 27
168, 10, 27
169, 10, 38
170, 10, 27
171, 10, 27
172, 10, 27
173, 10, 27
174, 10, 38
175, 10, 27
176, 10, 27
177, 10, 27
178, 10, 27
179, 10, 38
180, 10, 27
181, 10, 27
182, 10, 27
183, 10, 27
184, 10, 38
185, 10, 27
186, 10, 27
187, 10, 27
188, 10, 27
189, 10, 38
190, 10, 27
191, 10, 27
192, 10, 38
193, 10, 27
194, 10, 38
195, 10, 27
196, 10, 27
197, 10, 38
198, 10, 27
199, 10, 38
200, 10, 27
201, 10, 27
202, 10, 38
203, 10, 27
204, 10, 27
205, 10, 27
206, 10, 27
207, 10, 38
208, 10, 27
209, 10, 27
210, 10, 27
211, 10, 27
212, 10, 38
213, 10, 27
214, 10, 27
215, 10, 27
216, 10, 27
217, 10, 38
218, 10, 27
219, 10, 27
220, 10, 27
221, 10, 27
222, 10, 38
223, 10, 27
224, 10, 27
225, 10, 38
226, 10, 27
227, 10, 38
228, 10, 27
229, 10, 27
230, 10, 38
231, 10, 27
232, 10, 38
233, 10, 27
234, 10, 27
235, 10, 38
236, 10, 27
237, 10, 38
238, 10, 27
239, 10, 27
240, 10, 38
241, 10, 27
242, 10, 38
243, 10, 27
244, 10, 27
245, 10, 38
246, 10, 27
247, 10, 27
248, 10, 27
249, 10, 27
250, 10, 38
251, 10, 27
252, 10, 27
253, 10, 27
254, 10, 30
255, 10, 38
256, 10, 27
257, 10, 27
258, 10, 27
259, 10, 27
260, 10, 38
261, 10, 27
262, 10, 27
263, 10, 38
264, 10, 27
265, 10, 38
266, 10, 27
267, 10, 27
268, 10, 38
269, 10, 27
270, 10, 38
271, 10, 27
272, 10, 27
273, 10, 38
274, 10, 27
275, 10, 38
276, 10, 27
277, 10, 27
278, 10, 38
279, 10, 27
280, 10, 27
281, 10, 27
282, 10, 27
283, 10, 38
284, 10, 27
285, 10, 27
286, 10, 27
287, 10, 27
288, 10, 38
289, 10, 27
290, 10, 27
291, 10, 27
292, 10, 27
293, 10, 38
294, 10, 27
295, 10, 27
296, 10, 27
297, 10, 27
298, 10, 38
299, 10, 27
300, 10, 27
301, 10, 27
302, 10, 27
303, 10, 38
304, 10, 27
305, 10, 27
306, 10, 38
307, 10, 27
308, 10, 38
309, 10, 27
310, 10, 27
311, 10, 38
312, 10, 27
313, 10, 38
314, 10, 27
315, 10, 27
316, 10, 38
317, 10, 27
318, 10, 41
319, 10, 27
320, 10, 27
321, 10, 38
322, 10, 27
323, 10, 27
324, 10, 27
325, 10, 27
326, 10, 38
327, 10, 27
328, 10, 27
329, 10, 27
330, 10, 27
331, 10, 38
332, 10, 27
333, 10, 27
334, 10, 27
335, 10, 27
336, 10, 38
337, 10, 27
338, 10, 27
339, 10, 38
340, 10, 27
341, 10, 38
342, 10, 27
343, 10, 27
344, 10, 38
345, 10, 27
346, 10, 38
347, 10, 27
348, 10, 27
349, 10, 38
350, 10, 27
351, 10, 38
352, 10, 27
353, 10, 27
354, 10, 38
355, 10, 27
356, 10, 38
357, 10, 27
358, 10, 27
359, 10, 38
360, 10, 27
361, 10, 27
362, 10, 27
363, 10, 27
364, 10, 38
365, 10, 27
366, 10, 27
367, 10, 27
368, 10, 27
369, 10, 38
370, 10, 27
371, 10, 27
372, 10, 27
373, 10, 27
374, 10, 38
375, 10, 27
376, 10, 27
377, 10, 27
378, 10, 27
379, 10, 38
380, 10, 27
381, 10, 27
382, 10, 41
383, 10, 27
384, 10, 38
385, 10, 27
386, 10, 27
387, 10, 38
388, 10, 27
389, 10, 38
390, 10, 27
391, 10, 27
392, 10, 38
393, 10, 27
394, 10, 27
395, 10, 27
396, 10, 27
397, 10, 38
398, 10, 27
399, 10, 27
400, 10, 27
401, 10, 27
402, 10, 38
403, 10, 27
404, 10, 27
405, 10, 27
406, 10, 27
407, 10, 38
408, 10, 27
409, 10, 27
410, 10, 27
411, 10, 27
412, 10, 38
413, 10, 27
414, 10, 27
415, 10, 27
416, 10, 27
417, 10, 38
418, 10, 27
419, 10, 27
420, 10, 38
421, 10, 27
422, 10, 38
423, 10, 27
424, 10, 27
425, 10, 38
426, 10, 27
427, 10, 38
428, 10, 27
429, 10, 27
430, 10, 38
431, 10, 27
432, 10, 38
433, 10, 27
434, 10, 27
435, 10, 38
436, 10, 27
437, 10, 27
438, 10, 27
439, 10, 27
440, 10, 38
441, 10, 27
442, 10, 27
443, 10, 27
444, 10, 27
445, 10, 38
446, 10, 27
447, 10, 27
448, 10, 27
449, 10, 27
450, 10, 38
451, 10, 27
452, 10, 27
453, 10, 38
454, 10, 27
455, 10, 38
456, 10, 27
457, 10, 27
458, 10, 38
459, 10, 27
460, 10, 38
461, 10, 27
462, 10, 27
463, 10, 38
464, 10, 27
465, 10, 38
466, 10, 27
467, 10, 27
468, 10, 38
469, 10, 27
470, 10, 38
471, 10, 27
472, 10, 27
473, 10, 38
474, 10, 27
475, 10, 27
476, 10, 38
477, 10, 27
478, 10, 27
479, 10, 38
480, 10, 27
481, 10, 38
482, 10, 27
483, 10, 27
484, 10, 38
485, 10, 27
486, 10, 27
487, 10, 27
488, 10, 27
489, 10, 38
490, 10, 27
491, 10, 27
492, 10, 27
493, 10, 27
494, 10, 38
495, 10, 27
496, 10, 27
497, 10, 27
498, 10, 27
499, 10, 38
500, 10, 27
501, 10, 27
502, 10, 27
503, 10, 27
504, 10, 38
505, 10, 27
506, 10, 27
507, 10, 27
508, 10, 27
509, 10, 38
510, 10, 27
511, 10, 27
512, 10, 38
513, 10, 27
514, 10, 38
515, 10, 27
516, 10, 27
517, 10, 38
518, 10, 27
519, 10, 38
520, 10, 27
521, 10, 27
522, 10, 38
523, 10, 27
524, 10, 27
525, 10, 27
526, 10, 27
527, 10, 38
528, 10, 27
529, 10, 27
530, 10, 27
531, 10, 27
532, 10, 38
533, 10, 27
534, 10, 27
535, 10, 27
536, 10, 27
537, 10, 38
538, 10, 27
539, 10, 27
540, 10, 27
541, 10, 27
542, 10, 38
543, 10, 27
544, 10, 27
545, 10, 38
546, 10, 27
547, 10, 38
548, 10, 27
549, 10, 27
550, 10, 38
551, 10, 27
552, 10, 38
553, 10, 27
554, 10, 27
555, 10, 38
556, 10, 27
557, 10, 38
558, 10, 27
559, 10, 27
560, 10, 38
561, 10, 27
562, 10, 38
563, 10, 27
564, 10, 27
565, 10, 38
566, 10, 27
567, 10, 27
568, 10, 27
569, 10, 27
570, 10, 38
571, 10, 27
572, 10, 27
573, 10, 27
574, 10, 30
575, 10, 38
576, 10, 27
577, 10, 27
578, 10, 27
579, 10, 27
580, 10, 38
581, 10, 27
582, 10, 27
583, 10, 38
584, 10, 27
585, 10, 38
586, 10, 27
587, 10, 27
588, 10, 38
589, 10, 27
590, 10, 38
591, 10, 27
592, 10, 27
593, 10, 38
594, 10, 27
595, 10, 38
596, 10, 27
597, 10, 27
598, 10, 38
599, 10, 27
600, 10, 27
601, 10, 27
602, 10, 27
603, 10, 38
604, 10, 27
605, 10, 27
606, 10, 27
607, 10, 27
608, 10, 38
609, 10, 27
610, 10, 27
611, 10, 27
612, 10, 27
613, 10, 38
614, 10, 27
615, 10, 27
616, 10, 27
617, 10, 27
618, 10, 38
619, 10, 27
620, 10, 27
621, 10, 27
622, 10, 27
623, 10, 38
624, 10, 27
625, 10, 27
626, 10, 38
627, 10, 27
628, 10, 38
629, 10, 27
630, 10, 27
631, 10, 38
632, 10, 27
633, 10, 38
634, 10, 27
635, 10, 27
636, 10, 38
637, 10, 27
638, 10, 41
639, 10, 27
640, 10, 27
641, 10, 38
642, 10, 27
643, 10, 27
644, 10, 27
645, 10, 27
646, 10, 38
647, 10, 27
648, 10, 27
649, 10, 27
650, 10, 27
651, 10, 38
652, 10, 27
653, 10, 27
654, 10, 27
655, 10, 27
656, 10, 38
657, 10, 27
658, 10, 27
659, 10, 38
660, 10, 27
661, 10, 38
662, 10, 27
663, 10, 27
664, 10, 38
665, 10, 27
666, 10, 38
667, 10, 27
668, 10, 27
669, 10, 38
670, 10, 27
671, 10, 38
672, 10, 27
673, 10, 27
674, 10, 38
675, 10, 27
676, 10, 38
677, 10, 27
678, 10, 27
679, 10, 38
680, 10, 27
681, 10, 27
682, 10, 27
683, 10, 27
684, 10, 38
685, 10, 27
686, 10, 27
687, 10, 27
688, 10, 27
689, 10, 38
690, 10, 27
691, 10, 27
692, 10, 27
693, 10, 27
694, 10, 38
695, 10, 27
696, 10, 27
697, 10, 27
698, 10, 27
699, 10, 38
700, 10, 27
701, 10, 27
702, 10, 41
703, 10, 27
704, 10, 38
705, 10, 27
706, 10, 27
707, 10, 38
708, 10, 27
709, 10, 38
710, 10, 27
711, 10, 27
712, 10, 38
713, 10, 27
714, 10, 27
715, 10, 27
716, 10, 27
717, 10, 38
718, 10, 27
719, 10, 27
720, 10, 27
721, 10, 27
722, 10, 38
723, 10, 27
724, 10, 27
725, 10, 27
726, 10, 27
727, 10, 38
728, 10, 27
729, 10, 27
730, 10, 27
731, 10, 27
732, 10, 38
733, 10, 27
734, 10, 27
735, 10, 27
736, 10, 27
737, 10, 38
738, 10, 27
739, 10, 27
740, 10, 38
741, 10, 27
742, 10, 38
743, 10, 27
744, 10, 27
745, 10, 38
746, 10, 27
747, 10, 38
748, 10, 27
749, 10, 27
750, 10, 38
751, 10, 27
752, 10, 38
753, 10, 27
754, 10, 27
755, 10, 38
756, 10, 27
757, 10, 27
758, 10, 27
759, 10, 27
760, 10, 38
761, 10, 27
762, 10, 27
763, 10, 27
764, 10, 27
765, 10, 38
766, 10, 27
767, 10, 27
768, 10, 27
769, 10, 27
770, 10, 38
771, 10, 27
772, 10, 27
773, 10, 38
774, 10, 27
775, 10, 38
776, 10, 27
777, 10, 27
778, 10, 38
779, 10, 27
780, 10, 38
781, 10, 27
782, 10, 27
783, 10, 38
784, 10, 27
785, 10, 38
786, 10, 27
787, 10, 27
788, 10, 38
789, 10, 27
790, 10, 38
791, 10, 27
792, 10, 27
793, 10, 38
794, 10, 27
795, 10, 27
796, 10, 27
797, 10, 27
798, 10, 38
799, 10, 27
800, 10, 27
801, 10, 27
802, 10, 27
803, 10, 38
804, 10, 27
805, 10, 27
806, 10, 27
807, 10, 27
808, 10, 38
809, 10, 27
810, 10, 27
811, 10, 27
812, 10, 27
813, 10, 38
814, 10, 27
815, 10, 27
816, 10, 38
817, 10, 27
818, 10, 38
819, 10, 27
820, 10, 27
821, 10, 38
822, 10, 27
823, 10, 38
824, 10, 27
825, 10, 27
826, 10, 38
827, 10, 27
828, 10, 38
829, 10, 27
830, 10, 30
831, 10, 38
832, 10, 27
833, 10, 27
834, 10, 27
835, 10, 27
836, 10, 38
837, 10, 27
838, 10, 27
839, 10, 27
840, 10, 27
841, 10, 38
842, 10, 27
843, 10, 27
844, 10, 27
845, 10, 27
846, 10, 38
847, 10, 27
848, 10, 27
849, 10, 27
850, 10, 27
851, 10, 38
852, 10, 27
853, 10, 27
854, 10, 38
855, 10, 27
856, 10, 38
857, 10, 27
858, 10, 27
859, 10, 38
860, 10, 27
861, 10, 38
862, 10, 27
863, 10, 27
864, 10, 38
865, 10, 27
866, 10, 38
867, 10, 27
868, 10, 27
869, 10, 38
870, 10, 27
871, 10, 27
872, 10, 27
873, 10, 27
874, 10, 38
875, 10, 27
876, 10, 27
877, 10, 27
878, 10, 27
879, 10, 38
880, 10, 27
881, 10, 27
882, 10, 27
883, 10, 27
884, 10, 38
885, 10, 27
886, 10, 27
887, 10, 27
888, 10, 27
889, 10, 38
890, 10, 27
891, 10, 27
892, 10, 38
893, 10, 27
894, 10, 41
895, 10, 27
896, 10, 27
897, 10, 38
898, 10, 27
899, 10, 38
900, 10, 27
901, 10, 27
902, 10, 38
903, 10, 27
904, 10, 38
905, 10, 27
906, 10, 27
907, 10, 38
908, 10, 27
909, 10, 27
910, 10, 27
911, 10, 27
912, 10, 38
913, 10, 27
914, 10, 27
915, 10, 27
916, 10, 27
917, 10, 38
918, 10, 27
919, 10, 27
920, 10, 27
921, 10, 27
922, 10, 38
923, 10, 27
924, 10, 27
925, 10, 27
926, 10, 27
927, 10, 38
928, 10, 27
929, 10, 27
930, 10, 38
931, 10, 27
932, 10, 38
933, 10, 27
934, 10, 27
935, 10, 38
936, 10, 27
937, 10, 38
938, 10, 27
939, 10, 27
940, 10, 38
941, 10, 27
942, 10, 38
943, 10, 27
944, 10, 27
945, 10, 38
946, 10, 27
947, 10, 27
948, 10, 27
949, 10, 27
950, 10, 38
951, 10, 27
952, 10, 27
953, 10, 27
954, 10, 27
955, 10, 38
956, 10, 27
957, 10, 27
958, 10, 30
959, 10, 27
960, 10, 38
961, 10, 27
962, 10, 27
963, 10, 27
964, 10, 27
965, 10, 38
966, 10, 27
967, 10, 27
968, 10, 38
969, 10, 27
970, 10, 38
971, 10, 27
972, 10, 27
973, 10, 38
974, 10, 27
975, 10, 38
976, 10, 27
977, 10, 27
978, 10, 38
979, 10, 27
980, 10, 38
981, 10, 27
982, 10, 27
983, 10, 38
984, 10, 27
985, 10, 27
986, 10, 27
987, 10, 27
988, 10, 38
989, 10, 27
990, 10, 27
991, 10, 27
992, 10, 27
993, 10, 38
994, 10, 27
995, 10, 27
996, 10, 27
997, 10, 27
998, 10, 38
999, 10, 27
1000, 10, 27
1001, 10, 27
1002, 10, 27
1003, 10, 38
1004, 10, 27
1005, 10, 27
1006, 10, 38
1007, 10, 27
1008, 10, 38
1009, 10, 27
1010, 10, 27
1011, 10, 38
1012, 10, 27
1013, 10, 38
1014, 10, 27
1015, 10, 27
1016, 10, 38
1017, 10, 27
1018, 10, 38
1019, 10, 27
1020, 10, 27
1021, 10, 38
1022, 10, 27
1023, 10, 38
0, 11, 100
1, 11, 30
2, 11, 35
3, 11, 27
4, 11, 32
5, 11, 27
6, 11, 69
7, 11, 27
8, 11, 27
9, 11, 27
10, 11, 32
11, 11, 27
12, 11, 32
13, 11, 27
14, 11, 27
15, 11, 27
16, 11, 27
17, 11, 32
18, 11, 27
19, 11, 32
20, 11, 27
21, 11, 27
22, 11, 27
23, 11, 27
24, 11, 32
25, 11, 27
26, 11, 32
27, 11, 27
28, 11, 27
29, 11, 27
30, 11, 27
31, 11, 32
32, 11, 27
33, 11, 32
34, 11, 27
35, 11, 27
36, 11, 27
37, 11, 27
38, 11, 27
39, 11, 27
40, 11, 32
41, 11, 27
42, 11, 32
43, 11, 27
44, 11, 27
45, 11, 27
46, 11, 27
47, 11, 32
48, 11, 27
49, 11, 32
50, 11, 27
51, 11, 27
52, 11, 27
53, 11, 27
54, 11, 32
55, 11, 27
56, 11, 32
57, 11, 27
58, 11, 27
59, 11, 27
60, 11, 27
61, 11, 32
62, 11, 30
63, 11, 32
64, 11, 27
65, 11, 27
66, 11, 27
67, 11, 27
68, 11, 32
69, 11, 27
70, 11, 32
71, 11, 27
72, 11, 27
73, 11, 27
74, 11, 27
75, 11, 32
76, 11, 27
77, 11, 32
78, 11, 27
79, 11, 27
80, 11, 27
81, 11, 27
82, 11, 32
83, 11, 27
84, 11, 32
85, 11, 27
86, 11, 27
87, 11, 27
88, 11, 27
89, 11, 32
90, 11, 27
91, 11, 32
92, 11, 27
93, 11, 27
94, 11, 27
95, 11, 27
96, 11, 27
97, 11, 27
98, 11, 32
99, 11, 27
100, 11, 32
101, 11, 27
102, 11, 27
103, 11, 27
104, 11, 27
105, 11, 32
106, 11, 27
107, 11, 32
108, 11, 27
109, 11, 27
110, 11, 27
111, 11, 27
112, 11, 32
113, 11, 27
114, 11, 32
115, 11, 27
116, 11, 27
117, 11, 27
118, 11, 27
119, 11, 32
120, 11, 27
121, 11, 32
122, 11, 27
123, 11, 27
124, 11, 27
125, 11, 27
126, 11, 32
127, 11, 27
128, 11, 32
129, 11, 27
130, 11, 27
131, 11, 27
132, 11, 27
133, 11, 32
134, 11, 27
135, 11, 32
136, 11, 27
137, 11, 27
138, 11, 27
139, 11, 27
140, 11, 32
141, 11, 27
142, 11, 32
143, 11, 27
144, 11, 27
145, 11, 27
146, 11, 27
147, 11, 27
148, 11, 27
149, 11, 32
150, 11, 27
151, 11, 32
152, 11, 27
153, 11, 27
154, 11, 27
155, 11, 27
156, 11, 32
157, 11, 27
158, 11, 32
159, 11, 27
160, 11, 27
161, 11, 27
162, 11, 27
163, 11, 32
164, 11, 27
165, 11, 32
166, 11, 27
167, 11, 27
168, 11, 27
169, 11, 27
170, 11, 32
171, 11, 27
172, 11, 32
173, 11, 27
174, 11, 27
175, 11, 27
176, 11, 27
177, 11, 32
178, 11, 27
179, 11, 32
180, 11, 27
181, 11, 27
182, 11, 27
183, 11, 27
184, 11, 32
185, 11, 27
186, 11, 32
187, 11, 27
188, 11, 27
189, 11, 27
190, 11, 30
191, 11, 32
192, 11, 27
193, 11, 32
194, 11, 27
195, 11, 27
196, 11, 27
197, 11, 27
198, 11, 27
199, 11, 27
200, 11, 32
201, 11, 27
202, 11, 32
203, 11, 27
204, 11, 27
205, 11, 27
206, 11, 27
207, 11, 32
208, 11, 27
209, 11, 32
210, 11, 27
211, 11, 27
212, 11, 27
213, 11, 27
214, 11, 32
215, 11, 27
216, 11, 32
217, 11, 27
218, 11, 27
219, 11, 27
220, 11, 27
221, 11, 32
222, 11, 27
223, 11, 32
224, 11, 27
225, 11, 27
226, 11, 27
227, 11, 27
228, 11, 32
229, 11, 27
230, 11, 32
231, 11, 27
232, 11, 27
233, 11, 27
234, 11, 27
235, 11, 32
236, 11, 27
237, 11, 32
238, 11, 27
239, 11, 27
240, 11, 27
241, 11, 27
242, 11, 27
243, 11, 27
244, 11, 32
245, 11, 27
246, 11, 32
247, 11, 27
248, 11, 27
249, 11, 27
250, 11, 27
251, 11, 32
252, 11, 27
253, 11, 32
254, 11, 30
255, 11, 27
256, 11, 27
257, 11, 27
258, 11, 32
259, 11, 27
260, 11, 32
261, 11, 27
262, 11, 27
263, 11, 27
264, 11, 27
265, 11, 32
266, 11, 27
267, 11, 32
268, 11, 27
269, 11, 27
270, 11, 27
271, 11, 27
272, 11, 32
273, 11, 27
274, 11, 32
275, 11, 27
276, 11, 27
277, 11, 27
278, 11, 27
279, 11, 32
280, 11, 27
281, 11, 32
282, 11, 27
283, 11, 27
284, 11, 27
285, 11, 27
286, 11, 32
287, 11, 27
288, 11, 32
289, 11, 27
290, 11, 27
291, 11, 27
292, 11, 27
293, 11, 27
294, 11, 27
295, 11, 32
296, 11, 27
297, 11, 32
298, 11, 27
299, 11, 27
300, 11, 27
301, 11, 27
302, 11, 32
303, 11, 27
304, 11, 32
305, 11, 27
306, 11, 27
307, 11, 27
308, 11, 27
309, 11, 32
310, 11, 27
311, 11, 32
312, 11, 27
313, 11, 27
314, 11, 27
315, 11, 27
316, 11, 32
317, 11, 27
318, 11, 35
319, 11, 27
320, 11, 27
321, 11, 27
322, 11, 27
323, 11, 32
324, 11, 27
325, 11, 32
326, 11, 27
327, 11, 27
328, 11, 27
329, 11, 27
330, 11, 32
331, 11, 27
332, 11, 32
333, 11, 27
334, 11, 27
335, 11, 27
336, 11, 27
337, 11, 32
338, 11, 27
339, 11, 32
340, 11, 27
341, 11, 27
342, 11, 27
343, 11, 27
344, 11, 27
345, 11, 27
346, 11, 32
347, 11, 27
348, 11, 32
349, 11, 27
350, 11, 27
351, 11, 27
352, 11, 27
353, 11, 32
354, 11, 27
355, 11, 32
356, 11, 27
357, 11, 27
358, 11, 27
359, 11, 27
360, 11, 32
361, 11, 27
362, 11, 32
363, 11, 27
364, 11, 27
365, 11, 27
366, 11, 27
367, 11, 32
368, 11, 27
369, 11, 32
370, 11, 27
371, 11, 27
372, 11, 27
373, 11, 27
374, 11, 32
375, 11, 27
376, 11, 32
377, 11, 27
378, 11, 27
379, 11, 27
380, 11, 27
381, 11, 32
382, 11, 27
383, 11, 32
384, 11, 27
385, 11, 27
386, 11, 27
387, 11, 27
388, 11, 32
389, 11, 27
390, 11, 32
391, 11, 27
392, 11, 27
393, 11, 27
394, 11, 27
395, 11, 27
396, 11, 27
397, 11, 32
398, 11, 27
399, 11, 32
400, 11, 27
401, 11, 27
402, 11, 27
403, 11, 27
404, 11, 32
405, 11, 27
406, 11, 32
407, 11, 27
408, 11, 27
409, 11, 27
410, 11, 27
411, 11, 32
412, 11, 27
413, 11, 32
414, 11, 27
415, 11, 27
416, 11, 27
417, 11, 27
418, 11, 32
419, 11, 27
420, 11, 32
421, 11, 27
422, 11, 27
423, 11, 27
424, 11, 27
425, 11, 32
426, 11, 27
427, 11, 32
428, 11, 27
429, 11, 27
430, 11, 27
431, 11, 27
432, 11, 32
433, 11, 27
434, 11, 32
435, 11, 27
436, 11, 27
437, 11, 27
438, 11, 27
439, 11, 27
440, 11, 27
441, 11, 32
442, 11, 27
443, 11, 32
444, 11, 27
445, 11, 27
446, 11, 30
447, 11, 27
448, 11, 32
449, 11, 27
450, 11, 32
451, 11, 27
452, 11, 27
453, 11, 27
454, 11, 27
455, 11, 32
456, 11, 27
457, 11, 32
458, 11, 27
459, 11, 27
460, 11, 27
461, 11, 27
462, 11, 32
463, 11, 27
464, 11, 32
465, 11, 27
466, 11, 27
467, 11, 27
468, 11, 27
469, 11, 32
470, 11, 27
471, 11, 32
472, 11, 27
473, 11, 27
474, 11, 27
475, 11, 27
476, 11, 27
477, 11, 27
478, 11, 27
479, 11, 27
480, 11, 27
481, 11, 32
482, 11, 27
483, 11, 32
484, 11, 27
485, 11, 27
486, 11, 27
487, 11, 27
488, 11, 32
489, 11, 27
490, 11, 32
491, 11, 27
492, 11, 27
493, 11, 27
494, 11, 27
495, 11, 32
496, 11, 27
497, 11, 32
498, 11, 27
499, 11, 27
500, 11, 27
501, 11, 27
502, 11, 32
503, 11, 27
504, 11, 32
505, 11, 27
506, 11, 27
507, 11, 27
508, 11, 27
509, 11, 32
510, 11, 27
511, 11, 32
512, 11, 27
513, 11, 27
514, 11, 27
515, 11, 27
516, 11, 32
517, 11, 27
518, 11, 32
519, 11, 27
520, 11, 27
521, 11, 27
522, 11, 27
523, 11, 32
524, 11, 27
525, 11, 32
526, 11, 27
527, 11, 27
528, 11, 27
529, 11, 27
530, 11, 27
531, 11, 27
532, 11, 32
533, 11, 27
534, 11, 32
535, 11, 27
536, 11, 27
537, 11, 27
538, 11, 27
539, 11, 33
540, 11, 34
541, 11, 34
542, 11, 27
543, 11, 31
544, 11, 28
545, 11, 28
546, 11, 27
547, 11, 27
548, 11, 27
549, 11, 27
550, 11, 27
551, 11, 28
552, 11, 28
553, 11, 28
554, 11, 28
555, 11, 28
556, 11, 27
557, 11, 27
558, 11, 27
559, 11, 27
560, 11, 28
561, 11, 28
562, 11, 28
563, 11, 28
564, 11, 28
565, 11, 28
566, 11, 27
567, 11, 27
568, 11, 27
569, 11, 27
570, 11, 28
571, 11, 28
572, 11, 28
573, 11, 28
574, 11, 31
575, 11, 27
576, 11, 27
577, 11, 27
578, 11, 27
579, 11, 28
580, 11, 28
581, 11, 28
582, 11, 28
583, 11, 28
584, 11, 28
585, 11, 27
586, 11, 27
587, 11, 27
588, 11, 27
589, 11, 28
590, 11, 28
591, 11, 28
592, 11, 28
593, 11, 28
594, 11, 27
595, 11, 27
596, 11, 27
597, 11, 27
598, 11, 27
599, 11, 28
600, 11, 28
601, 11, 28
602, 11, 28
603, 11, 28
604, 11, 27
605, 11, 27
606, 11, 27
607, 11, 27
608, 11, 27
609, 11, 28
610, 11, 28
611, 11, 28
612, 11, 28
613, 11, 28
614, 11, 27
615, 11, 27
616, 11, 27
617, 11, 27
618, 11, 28
619, 11, 28
620, 11, 28
621, 11, 28
622, 11, 28
623, 11, 27
624, 11, 27
625, 11, 27
626, 11, 27
627, 11, 27
628, 11, 28
629, 11, 28
630, 11, 28
631, 11, 28
632, 11, 28
633, 11, 27
634, 11, 27
635, 11, 27
636, 11, 27
637, 11, 27
638, 11, 31
639, 11, 28
640, 11, 28
641, 11, 28
642, 11, 27
643, 11, 27
644, 11, 27
645, 11, 27
646, 11, 27
647, 11, 28
648, 11, 28
649, 11, 28
650, 11, 28
651, 11, 28
652, 11, 27
653, 11, 27
654, 11, 27
655, 11, 27
656, 11, 27
657, 11, 28
658, 11, 28
659, 11, 28
660, 11, 28
661, 11, 28
662, 11, 27
663, 11, 27
664, 11, 27
665, 11, 27
666, 11, 28
667, 11, 28
668, 11, 28
669, 11, 28
670, 11, 28
671, 11, 28
672, 11, 27
673, 11, 27
674, 11, 27
675, 11, 27
676, 11, 28
677, 11, 28
678, 11, 28
679, 11, 28
680, 11, 28
681, 11, 27
682, 11, 27
683, 11, 27
684, 11, 27
685, 11, 27
686, 11, 28
687, 11, 28
688, 11, 28
689, 11, 28
690, 11, 28
691, 11, 27
692, 11, 27
693, 11, 27
694, 11, 27
695, 11, 27
696, 11, 28
697, 11, 28
698, 11, 28
699, 11, 28
700, 11, 28
701, 11, 27
702, 11, 27
703, 11, 27
704, 11, 27
705, 11, 28
706, 11, 28
707, 11, 28
708, 11, 28
709, 11, 28
710, 11, 27
711, 11, 27
712, 11, 27
713, 11, 27
714, 11, 27
715, 11, 28
716, 11, 28
717, 11, 28
718, 11, 28
719, 11, 28
720, 11, 27
721, 11, 27
722, 11, 27
723, 11, 27
724, 11, 28
725, 11, 28
726, 11, 28
727, 11, 28
728, 11, 28
729, 11, 27
730, 11, 27
731, 11, 27
732, 11, 27
733, 11, 27
734, 11, 28
735, 11, 28
736, 11, 28
737, 11, 28
738, 11, 28
739, 11, 27
740, 11, 27
741, 11, 27
742, 11, 27
743, 11, 27
744, 11, 28
745, 11, 28
746, 11, 28
747, 11, 28
748, 11, 28
749, 11, 27
750, 11, 27
751, 11, 27
752, 11, 27
753, 11, 28
754, 11, 28
755, 11, 28
756, 11, 28
757, 11, 28
758, 11, 28
759, 11, 27
760, 11, 27
761, 11, 27
762, 11, 27
763, 11, 28
764, 11, 28
765, 11, 28
766, 11, 31
767, 11, 28
768, 11, 27
769, 11, 27
770, 11, 27
771, 11, 27
772, 11, 28
773, 11, 28
774, 11, 28
775, 11, 28
776, 11, 28
777, 11, 28
778, 11, 27
779, 11, 27
780, 11, 27
781, 11, 27
782, 11, 28
783, 11, 28
784, 11, 28
785, 11, 28
786, 11, 28
787, 11, 27
788, 11, 27
789, 11, 27
790, 11, 27
791, 11, 27
792, 11, 28
793, 11, 28
794, 11, 28
795, 11, 28
796, 11, 28
797, 11, 27
798, 11, 27
799, 11, 27
800, 11, 27
801, 11, 27
802, 11, 28
803, 11, 28
804, 11, 28
805, 11, 28
806, 11, 28
807, 11, 27
808, 11, 27
809, 11, 27
810, 11, 27
811, 11, 28
812, 11, 28
813, 11, 28
814, 11, 28
815, 11, 28
816, 11, 27
817, 11, 27
818, 11, 27
819, 11, 27
820, 11, 27
821, 11, 28
822, 11, 28
823, 11, 28
824, 11, 28
825, 11, 28
826, 11, 27
827, 11, 27
828, 11, 27
829, 11, 27
830, 11, 31
831, 11, 28
832, 11, 28
833, 11, 28
834, 11, 28
835, 11, 27
836, 11, 27
837, 11, 27
838, 11, 27
839, 11, 27
840, 11, 28
841, 11, 28
842, 11, 28
843, 11, 28
844, 11, 28
845, 11, 27
846, 11, 27
847, 11, 27
848, 11, 27
849, 11, 27
850, 11, 28
851, 11, 28
852, 11, 28
853, 11, 28
854, 11, 28
855, 11, 27
856, 11, 27
857, 11, 27
858, 11, 27
859, 11, 28
860, 11, 28
861, 11, 28
862, 11, 28
863, 11, 28
864, 11, 28
865, 11, 27
866, 11, 27
867, 11, 27
868, 11, 27
869, 11, 28
870, 11, 28
871, 11, 28
872, 11, 28
873, 11, 28
874, 11, 27
875, 11, 27
876, 11, 27
877, 11, 27
878, 11, 27
879, 11, 28
880, 11, 28
881, 11, 28
882, 11, 28
883, 11, 28
884, 11, 27
885, 11, 27
886, 11, 27
887, 11, 27
888, 11, 27
889, 11, 28
890, 11, 28
891, 11, 28
892, 11, 28
893, 11, 28
894, 11, 30
895, 11, 27
896, 11, 27
897, 11, 27
898, 11, 28
899, 11, 28
900, 11, 28
901, 11, 28
902, 11, 28
903, 11, 27
904, 11, 27
905, 11, 27
906, 11, 27
907, 11, 27
908, 11, 28
909, 11, 28
910, 11, 28
911, 11, 28
912, 11, 28
913, 11, 27
914, 11, 27
915, 11, 27
916, 11, 27
917, 11, 28
918, 11, 28
919, 11, 28
920, 11, 28
921, 11, 28
922, 11, 27
923, 11, 27
924, 11, 27
925, 11, 27
926, 11, 27
927, 11, 28
928, 11, 28
929, 11, 28
930, 11, 28
931, 11, 28
932, 11, 27
933, 11, 27
934, 11, 27
935, 11, 27
936, 11, 27
937, 11, 28
938, 11, 28
939, 11, 28
940, 11, 28
941, 11, 28
942, 11, 27
943, 11, 27
944, 11, 27
945, 11, 27
946, 11, 28
947, 11, 28
948, 11, 28
949, 11, 28
950, 11, 28
951, 11, 28
952, 11, 27
953, 11, 27
954, 11, 27
955, 11, 27
956, 11, 28
957, 11, 28
958, 11, 28
959, 11, 28
960, 11, 28
961, 11, 27
962, 11, 27
963, 11, 27
964, 11, 27
965, 11, 28
966, 11, 28
967, 11, 28
968, 11, 28
969, 11, 28
970, 11, 28
971, 11, 27
972, 11, 27
973, 11, 27
974, 11, 27
975, 11, 28
976, 11, 28
977, 11, 28
978, 11, 28
979, 11, 28
980, 11, 27
981, 11, 27
982, 11, 27
983, 11, 27
984, 11, 27
985, 11, 28
986, 11, 28
987, 11, 28
988, 11, 28
989, 11, 28
990, 11, 27
991, 11, 27
992, 11, 27
993, 11, 27
994, 11, 27
995, 11, 28
996, 11, 28
997, 11, 28
998, 11, 28
999, 11, 28
1000, 11, 27
1001, 11, 27
1002, 11, 27
1003, 11, 27
1004, 11, 28
1005, 11, 28
1006, 11, 28
1007, 11, 28
1008, 11, 28
1009, 11, 27
1010, 11, 27
1011, 11, 27
1012, 11, 27
1013, 11, 27
1014, 11, 28
1015, 11, 28
1016, 11, 28
1017, 11, 28
1018, 11, 28
1019, 11, 27
1020, 11, 27
1021, 11, 27
1022, 11, 27
1023, 11, 27
0, 12, 33
1, 12, 30
2, 12, 30
3, 12, 38
4, 12, 27
5, 12, 38
6, 12, 27
7, 12, 27
8, 12, 38
9, 12, 27
10, 12, 38
11, 12, 27
12, 12, 27
13, 12, 38
14, 12, 27
15, 12, 38
16, 12, 27
17, 12, 27
18, 12, 38
19, 12, 27
20, 12, 27
21, 12, 27
22, 12, 27
23, 12, 38
24, 12, 27
25, 12, 27
26, 12, 27
27, 12, 27
28, 12, 38
29, 12, 27
30, 12, 27
31, 12, 27
32, 12, 27
33, 12, 38
34, 12, 27
35, 12, 27
36, 12, 27
37, 12, 27
38, 12, 38
39, 12, 27
40, 12, 27
41, 12, 38
42, 12, 27
43, 12, 38
44, 12, 27
45, 12, 27
46, 12, 38
47, 12, 27
48, 12, 38
49, 12, 27
50, 12, 27
51, 12, 38
52, 12, 27
53, 12, 38
54, 12, 27
55, 12, 27
56, 12, 38
57, 12, 27
58, 12, 27
59, 12, 27
60, 12, 27
61, 12, 38
62, 12, 27
63, 12, 30
64, 12, 27
65, 12, 27
66, 12, 38
67, 12, 27
68, 12, 27
69, 12, 27
70, 12, 27
71, 12, 38
72, 12, 27
73, 12, 27
74, 12, 38
75, 12, 27
76, 12, 38
77, 12, 27
78, 12, 27
79, 12, 38
80, 12, 27
81, 12, 38
82, 12, 27
83, 12, 27
84, 12, 38
85, 12, 27
86, 12, 38
87, 12, 27
88, 12, 27
89, 12, 38
90, 12, 27
91, 12, 27
92, 12, 27
93, 12, 27
94, 12, 38
95, 12, 27
96, 12, 27
97, 12, 27
98, 12, 27
99, 12, 38
100, 12, 27
101, 12, 27
102, 12, 27
103, 12, 27
104, 12, 38
105, 12, 27
106, 12, 27
107, 12, 27
108, 12, 27
109, 12, 38
110, 12, 27
111, 12, 27
112, 12, 38
113, 12, 27
114, 12, 38
115, 12, 27
116, 12, 27
117, 12, 38
118, 12, 27
119, 12, 38
120, 12, 27
121, 12, 27
122, 12, 38
123, 12, 27
124, 12, 38
125, 12, 27
126, 12, 30
127, 12, 38
128, 12, 27
129, 12, 27
130, 12, 27
131, 12, 27
132, 12, 38
133, 12, 27
134, 12, 27
135, 12, 27
136, 12, 27
137, 12, 38
138, 12, 27
139, 12, 27
140, 12, 27
141, 12, 27
142, 12, 38
143, 12, 27
144, 12, 27
145, 12, 27
146, 12, 27
147, 12, 38
148, 12, 27
149, 12, 27
150, 12, 38
151, 12, 27
152, 12, 38
153, 12, 27
154, 12, 27
155, 12, 38
156, 12, 27
157, 12, 38
158, 12, 27
159, 12, 27
160, 12, 38
161, 12, 27
162, 12, 38
163, 12, 27
164, 12, 27
165, 12, 38
166, 12, 27
167, 12, 27
168, 12, 27
169, 12, 27
170, 12, 38
171, 12, 27
172, 12, 27
173, 12, 27
174, 12, 27
175, 12, 38
176, 12, 27
177, 12, 27
178, 12, 27
179, 12, 27
180, 12, 38
181, 12, 27
182, 12, 27
183, 12, 27
184, 12, 27
185, 12, 38
186, 12, 27
187, 12, 27
188, 12, 27
189, 12, 27
190, 12, 41
191, 12, 27
192, 12, 27
193, 12, 38
194, 12, 27
195, 12, 38
196, 12, 27
197, 12, 27
198, 12, 38
199, 12, 27
200, 12, 38
201, 12, 27
202, 12, 27
203, 12, 38
204, 12, 27
205, 12, 27
206, 12, 27
207, 12, 27
208, 12, 38
209, 12, 27
210, 12, 27
211, 12, 27
212, 12, 27
213, 12, 38
214, 12, 27
215, 12, 27
216, 12, 27
217, 12, 27
218, 12, 38
219, 12, 27
220, 12, 27
221, 12, 27
222, 12, 27
223, 12, 38
224, 12, 27
225, 12, 27
226, 12, 38
227, 12, 27
228, 12, 38
229, 12, 27
230, 12, 27
231, 12, 38
232, 12, 27
233, 12, 38
234, 12, 27
235, 12, 27
236, 12, 38
237, 12, 27
238, 12, 38
239, 12, 27
240, 12, 27
241, 12, 38
242, 12, 27
243, 12, 38
244, 12, 27
245, 12, 27
246, 12, 38
247, 12, 27
248, 12, 27
249, 12, 27
250, 12, 27
251, 12, 38
252, 12, 27
253, 12, 27
254, 12, 27
255, 12, 27
256, 12, 38
257, 12, 27
258, 12, 27
259, 12, 27
260, 12, 27
261, 12, 38
262, 12, 27
263, 12, 27
264, 12, 38
265, 12, 27
266, 12, 38
267, 12, 27
268, 12, 27
269, 12, 38
270, 12, 27
271, 12, 38
272, 12, 27
273, 12, 27
274, 12, 38
275, 12, 27
276, 12, 38
277, 12, 27
278, 12, 27
279, 12, 38
280, 12, 27
281, 12, 27
282, 12, 27
283, 12, 27
284, 12, 38
285, 12, 27
286, 12, 27
287, 12, 27
288, 12, 27
289, 12, 38
290, 12, 27
291, 12, 27
292, 12, 27
293, 12, 27
294, 12, 38
295, 12, 27
296, 12, 27
297, 12, 27
298, 12, 27
299, 12, 38
300, 12, 27
301, 12, 27
302, 12, 27
303, 12, 27
304, 12, 38
305, 12, 27
306, 12, 27
307, 12, 38
308, 12, 27
309, 12, 38
310, 12, 27
311, 12, 27
312, 12, 38
313, 12, 27
314, 12, 38
315, 12, 27
316, 12, 27
317, 12, 38
318, 12, 30
319, 12, 27
320, 12, 27
321, 12, 27
322, 12, 38
323, 12, 27
324, 12, 27
325, 12, 27
326, 12, 27
327, 12, 38
328, 12, 27
329, 12, 27
330, 12, 27
331, 12, 27
332, 12, 38
333, 12, 27
334, 12, 27
335, 12, 27
336, 12, 27
337, 12, 38
338, 12, 27
339, 12, 27
340, 12, 38
341, 12, 27
342, 12, 38
343, 12, 27
344, 12, 27
345, 12, 38
346, 12, 27
347, 12, 38
348, 12, 27
349, 12, 27
350, 12, 38
351, 12, 27
352, 12, 38
353, 12, 27
354, 12, 27
355, 12, 38
356, 12, 27
357, 12, 38
358, 12, 27
359, 12, 27
360, 12, 38
361, 12, 27
362, 12, 27
363, 12, 27
364, 12, 27
365, 12, 38
366, 12, 27
367, 12, 27
368, 12, 27
369, 12, 27
370, 12, 38
371, 12, 27
372, 12, 27
373, 12, 27
374, 12, 27
375, 12, 38
376, 12, 27
377, 12, 27
378, 12, 27
379, 12, 27
380, 12, 38
381, 12, 27
382, 12, 30
383, 12, 38
384, 12, 27
385, 12, 38
386, 12, 27
387, 12, 27
388, 12, 38
389, 12, 27
390, 12, 38
391, 12, 27
392, 12, 27
393, 12, 38
394, 12, 27
395, 12, 27
396, 12, 27
397, 12, 27
398, 12, 38
399, 12, 27
400, 12, 27
401, 12, 27
402, 12, 27
403, 12, 38
404, 12, 27
405, 12, 27
406, 12, 27
407, 12, 27
408, 12, 38
409, 12, 27
410, 12, 27
411, 12, 27
412, 12, 27
413, 12, 38
414, 12, 27
415, 12, 27
416, 12, 27
417, 12, 27
418, 12, 38
419, 12, 27
420, 12, 27
421, 12, 38
422, 12, 27
423, 12, 38
424, 12, 27
425, 12, 27
426, 12, 38
427, 12, 27
428, 12, 38
429, 12, 27
430, 12, 27
431, 12, 38
432, 12, 27
433, 12, 38
434, 12, 27
435, 12, 27
436, 12, 38
437, 12, 27
438, 12, 27
439, 12, 27
440, 12, 27
441, 12, 38
442, 12, 27
443, 12, 27
444, 12, 27
445, 12, 27
446, 12, 41
447, 12, 27
448, 12, 27
449, 12, 27
450, 12, 27
451, 12, 38
452, 12, 27
453, 12, 27
454, 12, 38
455, 12, 27
456, 12, 38
457, 12, 27
458, 12, 27
459, 12, 38
460, 12, 27
461, 12, 38
462, 12, 27
463, 12, 27
464, 12, 38
465, 12, 27
466, 12, 38
467, 12, 27
468, 12, 27
469, 12, 38
470, 12, 27
471, 12, 38
472, 12, 27
473, 12, 27
474, 12, 38
475, 12, 27
476, 12, 38
477, 12, 27
478, 12, 27
479, 12, 27
480, 12, 27
481, 12, 38
482, 12, 27
483, 12, 27
484, 12, 27
485, 12, 27
486, 12, 38
487, 12, 27
488, 12, 27
489, 12, 27
490, 12, 27
491, 12, 38
492, 12, 27
493, 12, 27
494, 12, 27
495, 12, 27
496, 12, 38
497, 12, 27
498, 12, 27
499, 12, 38
500, 12, 27
501, 12, 38
502, 12, 27
503, 12, 27
504, 12, 38
505, 12, 27
506, 12, 38
507, 12, 27
508, 12, 27
509, 12, 38
510, 12, 30
511, 12, 27
512, 12, 27
513, 12, 27
514, 12, 38
515, 12, 27
516, 12, 27
517, 12, 27
518, 12, 27
519, 12, 38
520, 12, 27
521, 12, 27
522, 12, 27
523, 12, 27
524, 12, 38
525, 12, 27
526, 12, 27
527, 12, 27
528, 12, 27
529, 12, 38
530, 12, 27
531, 12, 27
532, 12, 38
533, 12, 27
534, 12, 38
535, 12, 27
536, 12, 27
537, 12, 38
538, 12, 27
539, 12, 38
540, 12, 27
541, 12, 27
542, 12, 38
543, 12, 27
544, 12, 38
545, 12, 27
546, 12, 27
547, 12, 38
548, 12, 27
549, 12, 27
550, 12, 27
551, 12, 27
552, 12, 38
553, 12, 27
554, 12, 27
555, 12, 27
556, 12, 27
557, 12, 38
558, 12, 27
559, 12, 27
560, 12, 27
561, 12, 27
562, 12, 38
563, 12, 27
564, 12, 27
565, 12, 27
566, 12, 27
567, 12, 38
568, 12, 27
569, 12, 27
570, 12, 27
571, 12, 27
572, 12, 38
573, 12, 27
574, 12, 30
575, 12, 38
576, 12, 27
577, 12, 38
578, 12, 27
579, 12, 27
580, 12, 38
581, 12, 27
582, 12, 38
583, 12, 27
584, 12, 27
585, 12, 38
586, 12, 27
587, 12, 27
588, 12, 27
589, 12, 27
590, 12, 38
591, 12, 27
592, 12, 27
593, 12, 27
594, 12, 27
595, 12, 38
596, 12, 27
597, 12, 27
598, 12, 27
599, 12, 27
600, 12, 38
601, 12, 27
602, 12, 27
603, 12, 27
604, 12, 27
605, 12, 38
606, 12, 27
607, 12, 27
608, 12, 38
609, 12, 27
610, 12, 38
611, 12, 27
612, 12, 27
613, 12, 38
614, 12, 27
615, 12, 38
616, 12, 27
617, 12, 27
618, 12, 38
619, 12, 27
620, 12, 38
621, 12, 27
622, 12, 27
623, 12, 38
624, 12, 27
625, 12, 38
626, 12, 27
627, 12, 27
628, 12, 38
629, 12, 27
630, 12, 27
631, 12, 27
632, 12, 27
633, 12, 38
634, 12, 27
635, 12, 27
636, 12, 27
637, 12, 27
638, 12, 41
639, 12, 27
640, 12, 27
641, 12, 27
642, 12, 27
643, 12, 38
644, 12, 27
645, 12, 27
646, 12, 38
647, 12, 27
648, 12, 38
649, 12, 27
650, 12, 27
651, 12, 38
652, 12, 27
653, 12, 38
654, 12, 27
655, 12, 27
656, 12, 38
657, 12, 27
658, 12, 38
659, 12, 27
660, 12, 27
661, 12, 38
662, 12, 27
663, 12, 27
664, 12, 27
665, 12, 27
666, 12, 38
667, 12, 27
668, 12, 27
669, 12, 27
670, 12, 27
671, 12, 38
672, 12, 27
673, 12, 27
674, 12, 27
675, 12, 27
676, 12, 38
677, 12, 27
678, 12, 27
679, 12, 27
680, 12, 27
681, 12, 38
682, 12, 27
683, 12, 27
684, 12, 27
685, 12, 27
686, 12, 38
687, 12, 27
688, 12, 27
689, 12, 38
690, 12, 27
691, 12, 38
692, 12, 27
693, 12, 27
694, 12, 38
695, 12, 27
696, 12, 38
697, 12, 27
698, 12, 27
699, 12, 38
700, 12, 27
701, 12, 38
702, 12, 30
703, 12, 27
704, 12, 38
705, 12, 27
706, 12, 27
707, 12, 27
708, 12, 27
709, 12, 38
710, 12, 27
711, 12, 27
712, 12, 27
713, 12, 27
714, 12, 38
715, 12, 27
716, 12, 27
717, 12, 27
718, 12, 27
719, 12, 38
720, 12, 27
721, 12, 27
722, 12, 38
723, 12, 27
724, 12, 38
725, 12, 27
726, 12, 27
727, 12, 38
728, 12, 27
729, 12, 38
730, 12, 27
731, 12, 27
732, 12, 38
733, 12, 27
734, 12, 38
735, 12, 27
736, 12, 27
737, 12, 38
738, 12, 27
739, 12, 38
740, 12, 27
741, 12, 27
742, 12, 38
743, 12, 27
744, 12, 27
745, 12, 27
746, 12, 27
747, 12, 38
748, 12, 27
749, 12, 27
750, 12, 27
751, 12, 27
752, 12, 38
753, 12, 27
754, 12, 27
755, 12, 27
756, 12, 27
757, 12, 38
758, 12, 27
759, 12, 27
760, 12, 27
761, 12, 27
762, 12, 38
763, 12, 27
764, 12, 27
765, 12, 38
766, 12, 27
767, 12, 38
768, 12, 27
769, 12, 27
770, 12, 38
771, 12, 27
772, 12, 38
773, 12, 27
774, 12, 27
775, 12, 38
776, 12, 27
777, 12, 27
778, 12, 27
779, 12, 27
780, 12, 38
781, 12, 27
782, 12, 27
783, 12, 27
784, 12, 27
785, 12, 38
786, 12, 27
787, 12, 27
788, 12, 27
789, 12, 27
790, 12, 38
791, 12, 27
792, 12, 27
793, 12, 27
794, 12, 27
795, 12, 38
796, 12, 27
797, 12, 27
798, 12, 27
799, 12, 27
800, 12, 38
801, 12, 27
802, 12, 27
803, 12, 38
804, 12, 27
805, 12, 38
806, 12, 27
807, 12, 27
808, 12, 38
809, 12, 27
810, 12, 38
811, 12, 27
812, 12, 27
813, 12, 38
814, 12, 27
815, 12, 38
816, 12, 27
817, 12, 27
818, 12, 38
819, 12, 27
820, 12, 27
821, 12, 27
822, 12, 27
823, 12, 38
824, 12, 27
825, 12, 27
826, 12, 27
827, 12, 27
828, 12, 38
829, 12, 27
830, 12, 30
831, 12, 27
832, 12, 27
833, 12, 38
834, 12, 27
835, 12, 27
836, 12, 38
837, 12, 27
838, 12, 38
839, 12, 27
840, 12, 27
841, 12, 38
842, 12, 27
843, 12, 38
844, 12, 27
845, 12, 27
846, 12, 38
847, 12, 27
848, 12, 38
849, 12, 27
850, 12, 27
851, 12, 38
852, 12, 27
853, 12, 38
854, 12, 27
855, 12, 27
856, 12, 38
857, 12, 27
858, 12, 27
859, 12, 27
860, 12, 27
861, 12, 38
862, 12, 27
863, 12, 27
864, 12, 27
865, 12, 27
866, 12, 38
867, 12, 27
868, 12, 27
869, 12, 27
870, 12, 27
871, 12, 38
872, 12, 27
873, 12, 27
874, 12, 27
875, 12, 27
876, 12, 38
877, 12, 27
878, 12, 27
879, 12, 38
880, 12, 27
881, 12, 38
882, 12, 27
883, 12, 27
884, 12, 38
885, 12, 27
886, 12, 38
887, 12, 27
888, 12, 27
889, 12, 38
890, 12, 27
891, 12, 38
892, 12, 27
893, 12, 27
894, 12, 41
895, 12, 27
896, 12, 27
897, 12, 27
898, 12, 27
899, 12, 38
900, 12, 27
901, 12, 27
902, 12, 27
903, 12, 27
904, 12, 38
905, 12, 27
906, 12, 27
907, 12, 27
908, 12, 27
909, 12, 38
910, 12, 27
911, 12, 27
912, 12, 27
913, 12, 27
914, 12, 38
915, 12, 27
916, 12, 27
917, 12, 38
918, 12, 27
919, 12, 38
920, 12, 27
921, 12, 27
922, 12, 38
923, 12, 27
924, 12, 38
925, 12, 27
926, 12, 27
927, 12, 38
928, 12, 27
929, 12, 38
930, 12, 27
931, 12, 27
932, 12, 38
933, 12, 27
934, 12, 27
935, 12, 27
936, 12, 27
937, 12, 38
938, 12, 27
939, 12, 27
940, 12, 27
941, 12, 27
942, 12, 38
943, 12, 27
944, 12, 27
945, 12, 27
946, 12, 27
947, 12, 38
948, 12, 27
949, 12, 27
950, 12, 27
951, 12, 27
952, 12, 38
953, 12, 27
954, 12, 27
955, 12, 38
956, 12, 27
957, 12, 38
958, 12, 30
959, 12, 27
960, 12, 38
961, 12, 27
962, 12, 38
963, 12, 27
964, 12, 27
965, 12, 38
966, 12, 27
967, 12, 38
968, 12, 27
969, 12, 27
970, 12, 38
971, 12, 27
972, 12, 27
973, 12, 27
974, 12, 27
975, 12, 38
976, 12, 27
977, 12, 27
978, 12, 27
979, 12, 27
980, 12, 38
981, 12, 27
982, 12, 27
983, 12, 27
984, 12, 27
985, 12, 38
986, 12, 27
987, 12, 27
988, 12, 27
989, 12, 27
990, 12, 38
991, 12, 27
992, 12, 27
993, 12, 38
994, 12, 27
995, 12, 38
996, 12, 27
997, 12, 27
998, 12, 38
999, 12, 27
1000, 12, 38
1001, 12, 27
1002, 12, 27
1003, 12, 38
1004, 12, 27
1005, 12, 38
1006, 12, 27
1007, 12, 27
1008, 12, 38
1009, 12, 27
1010, 12, 27
1011, 12, 27
1012, 12, 27
1013, 12, 38
1014, 12, 27
1015, 12, 27
1016, 12, 27
1017, 12, 27
1018, 12, 38
1019, 12, 27
1020, 12, 27
1021, 12, 27
1022, 12, 27
1023, 12, 38
0, 13, 100
1, 13, 30
2, 13, 33
3, 13, 37
4, 13, 34
5, 13, 27
6, 13, 64
7, 13, 27
8, 13, 100
9, 13, 34
10, 13, 34
11, 13, 34
12, 13, 27
13, 13, 34
14, 13, 34
15, 13, 34
16, 13, 27
17, 13, 34
18, 13, 34
19, 13, 34
20, 13, 27
21, 13, 34
22, 13, 34
23, 13, 34
24, 13, 27
25, 13, 34
26, 13, 34
27, 13, 34
28, 13, 27
29, 13, 34
30, 13, 34
31, 13, 34
32, 13, 27
33, 13, 34
34, 13, 34
35, 13, 34
36, 13, 27
37, 13, 34
38, 13, 34
39, 13, 34
40, 13, 27
41, 13, 34
42, 13, 34
43, 13, 34
44, 13, 27
45, 13, 34
46, 13, 34
47, 13, 34
48, 13, 27
49, 13, 34
50, 13, 34
51, 13, 34
52, 13, 27
53, 13, 34
54, 13, 34
55, 13, 34
56, 13, 27
57, 13, 34
58, 13, 34
59, 13, 34
60, 13, 27
61, 13, 34
62, 13, 34
63, 13, 30
64, 13, 27
65, 13, 34
66, 13, 34
67, 13, 27
68, 13, 27
69, 13, 34
70, 13, 34
71, 13, 27
72, 13, 27
73, 13, 34
74, 13, 34
75, 13, 27
76, 13, 27
77, 13, 34
78, 13, 34
79, 13, 27
80, 13, 27
81, 13, 34
82, 13, 34
83, 13, 27
84, 13, 27
85, 13, 34
86, 13, 34
87, 13, 27
88, 13, 27
89, 13, 34
90, 13, 34
91, 13, 27
92, 13, 27
93, 13, 34
94, 13, 34
95, 13, 27
96, 13, 27
97, 13, 34
98, 13, 34
99, 13, 27
100, 13, 27
101, 13, 34
102, 13, 34
103, 13, 27
104, 13, 27
105, 13, 34
106, 13, 34
107, 13, 27
108, 13, 27
109, 13, 34
110, 13, 34
111, 13, 27
112, 13, 27
113, 13, 34
114, 13, 34
115, 13, 27
116, 13, 27
117, 13, 34
118, 13, 34
119, 13, 27
120, 13, 27
121, 13, 34
122, 13, 34
123, 13, 27
124, 13, 27
125, 13, 34
126, 13, 37
127, 13, 27
128, 13, 27
129, 13, 34
130, 13, 34
131, 13, 27
132, 13, 27
133, 13, 34
134, 13, 34
135, 13, 27
136, 13, 27
137, 13, 34
138, 13, 34
139, 13, 27
140, 13, 27
141, 13, 34
142, 13, 34
143, 13, 27
144, 13, 100
145, 13, 34
146, 13, 30
147, 13, 37
148, 13, 100
149, 13, 27
150, 13, 27
151, 13, 27
152, 13, 28
153, 13, 28
154, 13, 28
155, 13, 28
156, 13, 28
157, 13, 28
158, 13, 27
159, 13, 27
160, 13, 27
161, 13, 27
162, 13, 28
163, 13, 28
164, 13, 28
165, 13, 28
166, 13, 28
167, 13, 27
168, 13, 27
169, 13, 27
170, 13, 27
171, 13, 27
172, 13, 28
173, 13, 28
174, 13, 28
175, 13, 28
176, 13, 28
177, 13, 27
178, 13, 27
179, 13, 27
180, 13, 27
181, 13, 27
182, 13, 28
183, 13, 28
184, 13, 28
185, 13, 28
186, 13, 28
187, 13, 27
188, 13, 27
189, 13, 27
190, 13, 30
191, 13, 28
192, 13, 28
193, 13, 28
194, 13, 28
195, 13, 28
196, 13, 27
197, 13, 27
198, 13, 27
199, 13, 27
200, 13, 27
201, 13, 28
202, 13, 28
203, 13, 28
204, 13, 28
205, 13, 28
206, 13, 27
207, 13, 27
208, 13, 27
209, 13, 27
210, 13, 28
211, 13, 28
212, 13, 28
213, 13, 28
214, 13, 28
215, 13, 27
216, 13, 27
217, 13, 27
218, 13, 27
219, 13, 27
220, 13, 28
221, 13, 28
222, 13, 28
223, 13, 28
224, 13, 28
225, 13, 27
226, 13, 27
227, 13, 27
228, 13, 27
229, 13, 27
230, 13, 28
231, 13, 28
232, 13, 28
233, 13, 28
234, 13, 28
235, 13, 27
236, 13, 27
237, 13, 27
238, 13, 27
239, 13, 28
240, 13, 28
241, 13, 28
242, 13, 28
243, 13, 28
244, 13, 28
245, 13, 27
246, 13, 27
247, 13, 27
248, 13, 27
249, 13, 28
250, 13, 28
251, 13, 28
252, 13, 28
253, 13, 28
254, 13, 30
255, 13, 27
256, 13, 27
257, 13, 27
258, 13, 28
259, 13, 28
260, 13, 28
261, 13, 28
262, 13, 28
263, 13, 28
264, 13, 27
265, 13, 27
266, 13, 27
267, 13, 27
268, 13, 28
269, 13, 28
270, 13, 28
271, 13, 28
272, 13, 28
273, 13, 27
274, 13, 27
275, 13, 27
276, 13, 27
277, 13, 27
278, 13, 28
279, 13, 28
280, 13, 28
281, 13, 28
282, 13, 28
283, 13, 27
284, 13, 27
285, 13, 27
286, 13, 27
287, 13, 27
288, 13, 28
289, 13, 28
290, 13, 28
291, 13, 28
292, 13, 28
293, 13, 27
294, 13, 27
295, 13, 27
296, 13, 27
297, 13, 28
298, 13, 28
299, 13, 28
300, 13, 28
301, 13, 28
302, 13, 27
303, 13, 27
304, 13, 27
305, 13, 27
306, 13, 27
307, 13, 28
308, 13, 28
309, 13, 28
310, 13, 28
311, 13, 28
312, 13, 27
313, 13, 27
314, 13, 27
315, 13, 27
316, 13, 27
317, 13, 28
318, 13, 28
319, 13, 28
320, 13, 28
321, 13, 27
322, 13, 27
323, 13, 27
324, 13, 27
325, 13, 27
326, 13, 28
327, 13, 28
328, 13, 28
329, 13, 28
330, 13, 28
331, 13, 27
332, 13, 27
333, 13, 27
334, 13, 27
335, 13, 27
336, 13, 28
337, 13, 28
338, 13, 28
339, 13, 28
340, 13, 28
341, 13, 27
342, 13, 27
343, 13, 27
344, 13, 27
345, 13, 28
346, 13, 28
347, 13, 28
348, 13, 28
349, 13, 28
350, 13, 28
351, 13, 27
352, 13, 27
353, 13, 27
354, 13, 27
355, 13, 28
356, 13, 28
357, 13, 28
358, 13, 28
359, 13, 28
360, 13, 27
361, 13, 27
362, 13, 27
363, 13, 27
364, 13, 27
365, 13, 28
366, 13, 28
367, 13, 28
368, 13, 28
369, 13, 28
370, 13, 27
371, 13, 27
372, 13, 27
373, 13, 27
374, 13, 27
375, 13, 28
376, 13, 28
377, 13, 28
378, 13, 28
379, 13, 28
380, 13, 27
381, 13, 27
382, 13, 30
383, 13, 27
384, 13, 28
385, 13, 28
386, 13, 28
387, 13, 28
388, 13, 28
389, 13, 27
390, 13, 27
391, 13, 27
392, 13, 27
393, 13, 27
394, 13, 28
395, 13, 28
396, 13, 28
397, 13, 28
398, 13, 28
399, 13, 27
400, 13, 27
401, 13, 27
402, 13, 27
403, 13, 28
404, 13, 28
405, 13, 28
406, 13, 28
407, 13, 28
408, 13, 27
409, 13, 27
410, 13, 27
411, 13, 27
412, 13, 27
413, 13, 28
414, 13, 28
415, 13, 28
416, 13, 28
417, 13, 28
418, 13, 27
419, 13, 27
420, 13, 27
421, 13, 27
422, 13, 27
423, 13, 28
424, 13, 28
425, 13, 28
426, 13, 28
427, 13, 28
428, 13, 27
429, 13, 27
430, 13, 27
431, 13, 27
432, 13, 28
433, 13, 28
434, 13, 28
435, 13, 28
436, 13, 28
437, 13, 28
438, 13, 27
439, 13, 27
440, 13, 27
441, 13, 27
442, 13, 28
443, 13, 28
444, 13, 28
445, 13, 28
446, 13, 31
447, 13, 27
448, 13, 27
449, 13, 27
450, 13, 27
451, 13, 28
452, 13, 28
453, 13, 28
454, 13, 28
455, 13, 28
456, 13, 28
457, 13, 27
458, 13, 27
459, 13, 27
460, 13, 27
461, 13, 28
462, 13, 28
463, 13, 28
464, 13, 28
465, 13, 28
466, 13, 27
467, 13, 27
468, 13, 27
469, 13, 27
470, 13, 27
471, 13, 28
472, 13, 28
473, 13, 28
474, 13, 28
475, 13, 27
476, 13, 27
477, 13, 27
478, 13, 27
479, 13, 28
480, 13, 28
481, 13, 28
482, 13, 28
483, 13, 28
484, 13, 28
485, 13, 27
486, 13, 27
487, 13, 27
488, 13, 27
489, 13, 28
490, 13, 28
491, 13, 28
492, 13, 28
493, 13, 28
494, 13, 27
495, 13, 27
496, 13, 27
497, 13, 27
498, 13, 27
499, 13, 28
500, 13, 28
501, 13, 28
502, 13, 28
503, 13, 28
504, 13, 27
505, 13, 27
506, 13, 27
507, 13, 27
508, 13, 27
509, 13, 28
510, 13, 31
511, 13, 28
512, 13, 28
513, 13, 27
514, 13, 27
515, 13, 27
516, 13, 27
517, 13, 27
518, 13, 28
519, 13, 28
520, 13, 28
521, 13, 28
522, 13, 28
523, 13, 27
524, 13, 27
525, 13, 27
526, 13, 27
527, 13, 27
528, 13, 28
529, 13, 28
530, 13, 28
531, 13, 28
532, 13, 28
533, 13, 27
534, 13, 27
535, 13, 27
536, 13, 27
537, 13, 28
538, 13, 28
539, 13, 28
540, 13, 28
541, 13, 28
542, 13, 27
543, 13, 27
544, 13, 27
545, 13, 27
546, 13, 27
547, 13, 28
548, 13, 28
549, 13, 28
550, 13, 28
551, 13, 28
552, 13, 27
553, 13, 27
554, 13, 27
555, 13, 27
556, 13, 27
557, 13, 28
558, 13, 28
559, 13, 28
560, 13, 28
561, 13, 28
562, 13, 27
563, 13, 27
564, 13, 27
565, 13, 27
566, 13, 28
567, 13, 28
568, 13, 28
569, 13, 28
570, 13, 28
571, 13, 28
572, 13, 27
573, 13, 27
574, 13, 27
575, 13, 27
576, 13, 28
577, 13, 28
578, 13, 28
579, 13, 28
580, 13, 28
581, 13, 27
582, 13, 27
583, 13, 27
584, 13, 27
585, 13, 28
586, 13, 28
587, 13, 28
588, 13, 28
589, 13, 28
590, 13, 28
591, 13, 27
592, 13, 27
593, 13, 27
594, 13, 27
595, 13, 28
596, 13, 28
597, 13, 28
598, 13, 28
599, 13, 28
600, 13, 27
601, 13, 27
602, 13, 27
603, 13, 27
604, 13, 27
605, 13, 28
606, 13, 28
607, 13, 28
608, 13, 28
609, 13, 28
610, 13, 27
611, 13, 27
612, 13, 27
613, 13, 27
614, 13, 27
615, 13, 28
616, 13, 28
617, 13, 28
618, 13, 28
619, 13, 28
620, 13, 27
621, 13, 27
622, 13, 27
623, 13, 27
624, 13, 28
625, 13, 28
626, 13, 28
627, 13, 28
628, 13, 28
629, 13, 27
630, 13, 27
631, 13, 27
632, 13, 27
633, 13, 27
634, 13, 28
635, 13, 28
636, 13, 28
637, 13, 28
638, 13, 31
639, 13, 27
640, 13, 27
641, 13, 27
642, 13, 27
643, 13, 28
644, 13, 28
645, 13, 28
646, 13, 28
647, 13, 28
648, 13, 27
649, 13, 27
650, 13, 27
651, 13, 27
652, 13, 27
653, 13, 28
654, 13, 28
655, 13, 28
656, 13, 28
657, 13, 28
658, 13, 27
659, 13, 27
660, 13, 27
661, 13, 27
662, 13, 27
663, 13, 28
664, 13, 28
665, 13, 28
666, 13, 28
667, 13, 28
668, 13, 27
669, 13, 27
670, 13, 27
671, 13, 27
672, 13, 28
673, 13, 28
674, 13, 28
675, 13, 28
676, 13, 28
677, 13, 28
678, 13, 27
679, 13, 27
680, 13, 27
681, 13, 27
682, 13, 28
683, 13, 28
684, 13, 28
685, 13, 28
686, 13, 28
687, 13, 27
688, 13, 27
689, 13, 27
690, 13, 27
691, 13, 27
692, 13, 28
693, 13, 28
694, 13, 28
695, 13, 28
696, 13, 28
697, 13, 27
698, 13, 27
699, 13, 27
700, 13, 27
701, 13, 27
702, 13, 31
703, 13, 28
704, 13, 28
705, 13, 28
706, 13, 27
707, 13, 27
708, 13, 27
709, 13, 27
710, 13, 27
711, 13, 28
712, 13, 28
713, 13, 28
714, 13, 28
715, 13, 28
716, 13, 27
717, 13, 27
718, 13, 27
719, 13, 27
720, 13, 27
721, 13, 28
722, 13, 28
723, 13, 28
724, 13, 28
725, 13, 28
726, 13, 27
727, 13, 27
728, 13, 27
729, 13, 27
730, 13, 28
731, 13, 28
732, 13, 28
733, 13, 28
734, 13, 28
735, 13, 27
736, 13, 27
737, 13, 27
738, 13, 27
739, 13, 27
740, 13, 28
741, 13, 28
742, 13, 28
743, 13, 28
744, 13, 28
745, 13, 27
746, 13, 27
747, 13, 27
748, 13, 27
749, 13, 27
750, 13, 28
751, 13, 28
752, 13, 28
753, 13, 28
754, 13, 28
755, 13, 27
756, 13, 27
757, 13, 27
758, 13, 27
759, 13, 28
760, 13, 28
761, 13, 28
762, 13, 28
763, 13, 28
764, 13, 28
765, 13, 27
766, 13, 30
767, 13, 27
768, 13, 27
769, 13, 28
770, 13, 28
771, 13, 28
772, 13, 28
773, 13, 28
774, 13, 27
775, 13, 27
776, 13, 27
777, 13, 27
778, 13, 28
779, 13, 28
780, 13, 28
781, 13, 28
782, 13, 28
783, 13, 28
784, 13, 27
785, 13, 27
786, 13, 27
787, 13, 27
788, 13, 28
789, 13, 28
790, 13, 28
791, 13, 28
792, 13, 28
793, 13, 27
794, 13, 27
795, 13, 27
796, 13, 27
797, 13, 27
798, 13, 28
799, 13, 28
800, 13, 28
801, 13, 28
802, 13, 28
803, 13, 27
804, 13, 27
805, 13, 27
806, 13, 27
807, 13, 27
808, 13, 28
809, 13, 28
810, 13, 28
811, 13, 28
812, 13, 28
813, 13, 27
814, 13, 27
815, 13, 27
816, 13, 27
817, 13, 28
818, 13, 28
819, 13, 28
820, 13, 28
821, 13, 28
822, 13, 27
823, 13, 27
824, 13, 27
825, 13, 27
826, 13, 27
827, 13, 28
828, 13, 28
829, 13, 28
830, 13, 28
831, 13, 28
832, 13, 27
833, 13, 27
834, 13, 27
835, 13, 27
836, 13, 28
837, 13, 28
838, 13, 28
839, 13, 28
840, 13, 28
841, 13, 27
842, 13, 27
843, 13, 27
844, 13, 27
845, 13, 27
846, 13, 28
847, 13, 28
848, 13, 28
849, 13, 28
850, 13, 28
851, 13, 27
852, 13, 27
853, 13, 27
854, 13, 27
855, 13, 27
856, 13, 28
857, 13, 28
858, 13, 28
859, 13, 28
860, 13, 28
861, 13, 27
862, 13, 27
863, 13, 27
864, 13, 27
865, 13, 28
866, 13, 28
867, 13, 28
868, 13, 28
869, 13, 28
870, 13, 28
871, 13, 27
872, 13, 27
873, 13, 27
874, 13, 27
875, 13, 28
876, 13, 28
877, 13, 28
878, 13, 28
879, 13, 28
880, 13, 27
881, 13, 27
882, 13, 27
883, 13, 27
884, 13, 27
885, 13, 28
886, 13, 28
887, 13, 28
888, 13, 28
889, 13, 28
890, 13, 27
891, 13, 27
892, 13, 27
893, 13, 27
894, 13, 31
895, 13, 28
896, 13, 28
897, 13, 28
898, 13, 28
899, 13, 27
900, 13, 27
901, 13, 27
902, 13, 27
903, 13, 27
904, 13, 28
905, 13, 28
906, 13, 28
907, 13, 28
908, 13, 28
909, 13, 27
910, 13, 27
911, 13, 27
912, 13, 27
913, 13, 27
914, 13, 28
915, 13, 28
916, 13, 28
917, 13, 28
918, 13, 28
919, 13, 27
920, 13, 27
921, 13, 27
922, 13, 27
923, 13, 28
924, 13, 28
925, 13, 28
926, 13, 28
927, 13, 28
928, 13, 27
929, 13, 27
930, 13, 27
931, 13, 27
932, 13, 27
933, 13, 28
934, 13, 28
935, 13, 28
936, 13, 28
937, 13, 28
938, 13, 27
939, 13, 27
940, 13, 27
941, 13, 27
942, 13, 27
943, 13, 28
944, 13, 28
945, 13, 28
946, 13, 28
947, 13, 28
948, 13, 27
949, 13, 27
950, 13, 27
951, 13, 27
952, 13, 28
953, 13, 28
954, 13, 28
955, 13, 28
956, 13, 28
957, 13, 28
958, 13, 30
959, 13, 27
960, 13, 27
961, 13, 27
962, 13, 28
963, 13, 28
964, 13, 28
965, 13, 28
966, 13, 28
967, 13, 27
968, 13, 27
969, 13, 27
970, 13, 27
971, 13, 28
972, 13, 28
973, 13, 28
974, 13, 28
975, 13, 28
976, 13, 28
977, 13, 27
978, 13, 27
979, 13, 27
980, 13, 27
981, 13, 28
982, 13, 28
983, 13, 28
984, 13, 28
985, 13, 28
986, 13, 27
987, 13, 27
988, 13, 27
989, 13, 27
990, 13, 27
991, 13, 28
992, 13, 28
993, 13, 28
994, 13, 28
995, 13, 28
996, 13, 27
997, 13, 27
998, 13, 27
999, 13, 27
1000, 13, 27
1001, 13, 28
1002, 13, 28
1003, 13, 28
1004, 13, 28
1005, 13, 28
1006, 13, 27
1007, 13, 27
1008, 13, 27
1009, 13, 27
1010, 13, 28
1011, 13, 28
1012, 13, 28
1013, 13, 28
1014, 13, 28
1015, 13, 27
1016, 13, 27
1017, 13, 27
1018, 13, 27
1019, 13, 27
1020, 13, 28
1021, 13, 28
1022, 13, 28
1023, 13, 28
0, 14, 40
1, 14, 30
2, 14, 37
3, 14, 34
4, 14, 27
5, 14, 34
6, 14, 34
7, 14, 34
8, 14, 27
9, 14, 34
10, 14, 34
11, 14, 34
12, 14, 27
13, 14, 34
14, 14, 34
15, 14, 34
16, 14, 27
17, 14, 34
18, 14, 34
19, 14, 34
20, 14, 27
21, 14, 34
22, 14, 34
23, 14, 34
24, 14, 27
25, 14, 34
26, 14, 34
27, 14, 34
28, 14, 27
29, 14, 34
30, 14, 34
31, 14, 34
32, 14, 27
33, 14, 34
34, 14, 34
35, 14, 34
36, 14, 27
37, 14, 34
38, 14, 34
39, 14, 34
40, 14, 27
41, 14, 34
42, 14, 34
43, 14, 34
44, 14, 27
45, 14, 34
46, 14, 34
47, 14, 34
48, 14, 27
49, 14, 34
50, 14, 34
51, 14, 34
52, 14, 27
53, 14, 34
54, 14, 34
55, 14, 34
56, 14, 27
57, 14, 34
58, 14, 34
59, 14, 34
60, 14, 27
61, 14, 34
62, 14, 34
63, 14, 30
64, 14, 27
65, 14, 34
66, 14, 34
67, 14, 27
68, 14, 27
69, 14, 34
70, 14, 34
71, 14, 27
72, 14, 27
73, 14, 34
74, 14, 34
75, 14, 27
76, 14, 27
77, 14, 34
78, 14, 34
79, 14, 27
80, 14, 27
81, 14, 34
82, 14, 34
83, 14, 27
84, 14, 27
85, 14, 34
86, 14, 34
87, 14, 27
88, 14, 27
89, 14, 34
90, 14, 34
91, 14, 27
92, 14, 27
93, 14, 34
94, 14, 34
95, 14, 27
96, 14, 27
97, 14, 34
98, 14, 34
99, 14, 27
100, 14, 27
101, 14, 34
102, 14, 34
103, 14, 27
104, 14, 27
105, 14, 34
106, 14, 34
107, 14, 27
108, 14, 27
109, 14, 34
110, 14, 34
111, 14, 27
112, 14, 27
113, 14, 34
114, 14, 34
115, 14, 27
116, 14, 27
117, 14, 34
118, 14, 34
119, 14, 27
120, 14, 27
121, 14, 34
122, 14, 34
123, 14, 27
124, 14, 27
125, 14, 34
126, 14, 37
127, 14, 27
128, 14, 27
129, 14, 34
130, 14, 34
131, 14, 27
132, 14, 27
133, 14, 34
134, 14, 34
135, 14, 27
136, 14, 27
137, 14, 34
138, 14, 34
139, 14, 27
140, 14, 27
141, 14, 34
142, 14, 34
143, 14, 27
144, 14, 27
145, 14, 34
146, 14, 34
147, 14, 27
148, 14, 27
149, 14, 34
150, 14, 34
151, 14, 27
152, 14, 27
153, 14, 34
154, 14, 34
155, 14, 27
156, 14, 27
157, 14, 34
158, 14, 34
159, 14, 27
160, 14, 27
161, 14, 34
162, 14, 34
163, 14, 27
164, 14, 27
165, 14, 34
166, 14, 34
167, 14, 27
168, 14, 27
169, 14, 34
170, 14, 34
171, 14, 27
172, 14, 27
173, 14, 34
174, 14, 34
175, 14, 27
176, 14, 27
177, 14, 34
178, 14, 34
179, 14, 27
180, 14, 27
181, 14, 34
182, 14, 34
183, 14, 27
184, 14, 27
185, 14, 34
186, 14, 34
187, 14, 27
188, 14, 27
189, 14, 34
190, 14, 37
191, 14, 27
192, 14, 34
193, 14, 34
194, 14, 34
195, 14, 27
196, 14, 34
197, 14, 34
198, 14, 34
199, 14, 27
200, 14, 34
201, 14, 34
202, 14, 34
203, 14, 27
204, 14, 34
205, 14, 34
206, 14, 34
207, 14, 27
208, 14, 34
209, 14, 34
210, 14, 34
211, 14, 27
212, 14, 34
213, 14, 34
214, 14, 34
215, 14, 27
216, 14, 34
217, 14, 34
218, 14, 34
219, 14, 27
220, 14, 34
221, 14, 34
222, 14, 34
223, 14, 27
224, 14, 34
225, 14, 34
226, 14, 34
227, 14, 27
228, 14, 34
229, 14, 34
230, 14, 34
231, 14, 27
232, 14, 34
233, 14, 34
234, 14, 34
235, 14, 27
236, 14, 34
237, 14, 34
238, 14, 34
239, 14, 27
240, 14, 34
241, 14, 34
242, 14, 34
243, 14, 27
244, 14, 34
245, 14, 34
246, 14, 34
247, 14, 27
248, 14, 34
249, 14, 34
250, 14, 34
251, 14, 27
252, 14, 34
253, 14, 34
254, 14, 34
255, 14, 27
256, 14, 34
257, 14, 34
258, 14, 34
259, 14, 27
260, 14, 34
261, 14, 34
262, 14, 34
263, 14, 27
264, 14, 34
265, 14, 34
266, 14, 34
267, 14, 27
268, 14, 34
269, 14, 34
270, 14, 34
271, 14, 27
272, 14, 34
273, 14, 34
274, 14, 34
275, 14, 27
276, 14, 34
277, 14, 34
278, 14, 34
279, 14, 27
280, 14, 34
281, 14, 34
282, 14, 34
283, 14, 27
284, 14, 34
285, 14, 34
286, 14, 34
287, 14, 27
288, 14, 34
289, 14, 34
290, 14, 34
291, 14, 27
292, 14, 34
293, 14, 34
294, 14, 34
295, 14, 27
296, 14, 34
297, 14, 34
298, 14, 34
299, 14, 27
300, 14, 34
301, 14, 34
302, 14, 34
303, 14, 27
304, 14, 34
305, 14, 34
306, 14, 34
307, 14, 27
308, 14, 34
309, 14, 34
310, 14, 34
311, 14, 27
312, 14, 34
313, 14, 34
314, 14, 34
315, 14, 27
316, 14, 34
317, 14, 34
318, 14, 37
319, 14, 27
320, 14, 34
321, 14, 34
322, 14, 27
323, 14, 27
324, 14, 34
325, 14, 34
326, 14, 27
327, 14, 27
328, 14, 34
329, 14, 34
330, 14, 27
331, 14, 27
332, 14, 34
333, 14, 34
334, 14, 27
335, 14, 27
336, 14, 34
337, 14, 34
338, 14, 27
339, 14, 27
340, 14, 34
341, 14, 34
342, 14, 27
343, 14, 27
344, 14, 34
345, 14, 34
346, 14, 27
347, 14, 27
348, 14, 34
349, 14, 34
350, 14, 27
351, 14, 27
352, 14, 34
353, 14, 34
354, 14, 27
355, 14, 27
356, 14, 34
357, 14, 34
358, 14, 27
359, 14, 27
360, 14, 34
361, 14, 34
362, 14, 27
363, 14, 27
364, 14, 34
365, 14, 34
366, 14, 27
367, 14, 27
368, 14, 34
369, 14, 34
370, 14, 27
371, 14, 27
372, 14, 34
373, 14, 34
374, 14, 27
375, 14, 27
376, 14, 34
377, 14, 34
378, 14, 27
379, 14, 27
380, 14, 34
381, 14, 34
382, 14, 30
383, 14, 27
384, 14, 34
385, 14, 34
386, 14, 27
387, 14, 27
388, 14, 34
389, 14, 34
390, 14, 27
391, 14, 27
392, 14, 34
393, 14, 34
394, 14, 27
395, 14, 27
396, 14, 34
397, 14, 34
398, 14, 27
399, 14, 27
400, 14, 34
401, 14, 34
402, 14, 27
403, 14, 27
404, 14, 34
405, 14, 34
406, 14, 27
407, 14, 27
408, 14, 34
409, 14, 34
410, 14, 27
411, 14, 27
412, 14, 34
413, 14, 34
414, 14, 27
415, 14, 27
416, 14, 34
417, 14, 34
418, 14, 27
419, 14, 27
420, 14, 34
421, 14, 34
422, 14, 27
423, 14, 27
424, 14, 34
425, 14, 34
426, 14, 27
427, 14, 27
428, 14, 34
429, 14, 34
430, 14, 27
431, 14, 27
432, 14, 34
433, 14, 34
434, 14, 27
435, 14, 27
436, 14, 34
437, 14, 34
438, 14, 27
439, 14, 27
440, 14, 34
441, 14, 34
442, 14, 27
443, 14, 27
444, 14, 34
445, 14, 34
446, 14, 30
447, 14, 27
448, 14, 34
449, 14, 34
450, 14, 27
451, 14, 27
452, 14, 34
453, 14, 34
454, 14, 27
455, 14, 27
456, 14, 34
457, 14, 34
458, 14, 27
459, 14, 27
460, 14, 34
461, 14, 34
462, 14, 27
463, 14, 27
464, 14, 34
465, 14, 34
466, 14, 27
467, 14, 27
468, 14, 34
469, 14, 34
470, 14, 27
471, 14, 27
472, 14, 34
473, 14, 34
474, 14, 27
475, 14, 27
476, 14, 27
477, 14, 34
478, 14, 34
479, 14, 27
480, 14, 27
481, 14, 34
482, 14, 34
483, 14, 27
484, 14, 27
485, 14, 34
486, 14, 34
487, 14, 27
488, 14, 27
489, 14, 34
490, 14, 34
491, 14, 27
492, 14, 27
493, 14, 34
494, 14, 34
495, 14, 27
496, 14, 27
497, 14, 34
498, 14, 34
499, 14, 27
500, 14, 27
501, 14, 34
502, 14, 34
503, 14, 27
504, 14, 27
505, 14, 34
506, 14, 34
507, 14, 27
508, 14, 27
509, 14, 34
510, 14, 37
511, 14, 27
512, 14, 27
513, 14, 34
514, 14, 34
515, 14, 27
516, 14, 27
517, 14, 34
518, 14, 34
519, 14, 27
520, 14, 27
521, 14, 34
522, 14, 34
523, 14, 27
524, 14, 27
525, 14, 34
526, 14, 34
527, 14, 27
528, 14, 27
529, 14, 34
530, 14, 34
531, 14, 27
532, 14, 27
533, 14, 34
534, 14, 34
535, 14, 27
536, 14, 27
537, 14, 34
538, 14, 34
539, 14, 27
540, 14, 27
541, 14, 34
542, 14, 34
543, 14, 27
544, 14, 27
545, 14, 34
546, 14, 34
547, 14, 27
548, 14, 27
549, 14, 34
550, 14, 34
551, 14, 27
552, 14, 27
553, 14, 34
554, 14, 34
555, 14, 27
556, 14, 27
557, 14, 34
558, 14, 34
559, 14, 27
560, 14, 27
561, 14, 34
562, 14, 34
563, 14, 27
564, 14, 27
565, 14, 34
566, 14, 34
567, 14, 27
568, 14, 27
569, 14, 34
570, 14, 34
571, 14, 27
572, 14, 27
573, 14, 34
574, 14, 34
575, 14, 27
576, 14, 34
577, 14, 34
578, 14, 34
579, 14, 27
580, 14, 34
581, 14, 34
582, 14, 34
583, 14, 27
584, 14, 34
585, 14, 34
586, 14, 34
587, 14, 27
588, 14, 34
589, 14, 34
590, 14, 34
591, 14, 27
592, 14, 34
593, 14, 34
594, 14, 34
595, 14, 27
596, 14, 34
597, 14, 34
598, 14, 34
599, 14, 27
600, 14, 34
601, 14, 34
602, 14, 34
603, 14, 27
604, 14, 34
605, 14, 34
606, 14, 34
607, 14, 27
608, 14, 34
609, 14, 34
610, 14, 34
611, 14, 27
612, 14, 34
613, 14, 34
614, 14, 34
615, 14, 27
616, 14, 34
617, 14, 34
618, 14, 34
619, 14, 27
620, 14, 34
621, 14, 34
622, 14, 34
623, 14, 27
624, 14, 34
625, 14, 34
626, 14, 34
627, 14, 27
628, 14, 34
629, 14, 34
630, 14, 34
631, 14, 27
632, 14, 34
633, 14, 34
634, 14, 34
635, 14, 27
636, 14, 34
637, 14, 34
638, 14, 37
639, 14, 27
640, 14, 34
641, 14, 34
642, 14, 34
643, 14, 27
644, 14, 34
645, 14, 34
646, 14, 34
647, 14, 27
648, 14, 34
649, 14, 34
650, 14, 34
651, 14, 27
652, 14, 34
653, 14, 34
654, 14, 34
655, 14, 27
656, 14, 34
657, 14, 34
658, 14, 34
659, 14, 27
660, 14, 34
661, 14, 34
662, 14, 34
663, 14, 27
664, 14, 34
665, 14, 34
666, 14, 34
667, 14, 27
668, 14, 34
669, 14, 34
670, 14, 34
671, 14, 27
672, 14, 34
673, 14, 34
674, 14, 34
675, 14, 27
676, 14, 34
677, 14, 34
678, 14, 34
679, 14, 27
680, 14, 34
681, 14, 34
682, 14, 34
683, 14, 27
684, 14, 34
685, 14, 34
686, 14, 34
687, 14, 27
688, 14, 34
689, 14, 34
690, 14, 34
691, 14, 27
692, 14, 34
693, 14, 34
694, 14, 34
695, 14, 27
696, 14, 34
697, 14, 34
698, 14, 34
699, 14, 27
700, 14, 34
701, 14, 34
702, 14, 37
703, 14, 27
704, 14, 34
705, 14, 34
706, 14, 27
707, 14, 27
708, 14, 34
709, 14, 34
710, 14, 27
711, 14, 27
712, 14, 34
713, 14, 34
714, 14, 27
715, 14, 27
716, 14, 34
717, 14, 34
718, 14, 27
719, 14, 27
720, 14, 34
721, 14, 34
722, 14, 27
723, 14, 27
724, 14, 34
725, 14, 34
726, 14, 27
727, 14, 27
728, 14, 34
729, 14, 34
730, 14, 27
731, 14, 27
732, 14, 34
733, 14, 34
734, 14, 27
735, 14, 27
736, 14, 34
737, 14, 34
738, 14, 27
739, 14, 27
740, 14, 34
741, 14, 34
742, 14, 27
743, 14, 27
744, 14, 34
745, 14, 34
746, 14, 27
747, 14, 27
748, 14, 34
749, 14, 34
750, 14, 27
751, 14, 27
752, 14, 34
753, 14, 34
754, 14, 27
755, 14, 27
756, 14, 34
757, 14, 34
758, 14, 27
759, 14, 27
760, 14, 34
761, 14, 34
762, 14, 27
763, 14, 27
764, 14, 34
765, 14, 34
766, 14, 30
767, 14, 27
768, 14, 34
769, 14, 34
770, 14, 27
771, 14, 27
772, 14, 34
773, 14, 34
774, 14, 27
775, 14, 27
776, 14, 34
777, 14, 34
778, 14, 27
779, 14, 27
780, 14, 34
781, 14, 34
782, 14, 27
783, 14, 27
784, 14, 34
785, 14, 34
786, 14, 27
787, 14, 27
788, 14, 34
789, 14, 34
790, 14, 27
791, 14, 27
792, 14, 34
793, 14, 34
794, 14, 27
795, 14, 27
796, 14, 34
797, 14, 34
798, 14, 27
799, 14, 27
800, 14, 34
801, 14, 34
802, 14, 27
803, 14, 27
804, 14, 34
805, 14, 34
806, 14, 27
807, 14, 27
808, 14, 34
809, 14, 34
810, 14, 27
811, 14, 27
812, 14, 34
813, 14, 34
814, 14, 27
815, 14, 27
816, 14, 34
817, 14, 34
818, 14, 27
819, 14, 27
820, 14, 34
821, 14, 34
822, 14, 27
823, 14, 27
824, 14, 34
825, 14, 34
826, 14, 27
827, 14, 27
828, 14, 34
829, 14, 34
830, 14, 27
831, 14, 27
832, 14, 34
833, 14, 34
834, 14, 27
835, 14, 27
836, 14, 34
837, 14, 34
838, 14, 27
839, 14, 27
840, 14, 34
841, 14, 34
842, 14, 27
843, 14, 27
844, 14, 34
845, 14, 34
846, 14, 27
847, 14, 27
848, 14, 34
849, 14, 34
850, 14, 27
851, 14, 27
852, 14, 34
853, 14, 34
854, 14, 27
855, 14, 27
856, 14, 34
857, 14, 34
858, 14, 27
859, 14, 27
860, 14, 34
861, 14, 34
862, 14, 27
863, 14, 27
864, 14, 34
865, 14, 34
866, 14, 27
867, 14, 27
868, 14, 34
869, 14, 34
870, 14, 27
871, 14, 27
872, 14, 34
873, 14, 34
874, 14, 27
875, 14, 27
876, 14, 34
877, 14, 34
878, 14, 27
879, 14, 27
880, 14, 34
881, 14, 34
882, 14, 27
883, 14, 27
884, 14, 34
885, 14, 34
886, 14, 27
887, 14, 27
888, 14, 34
889, 14, 34
890, 14, 27
891, 14, 27
892, 14, 34
893, 14, 34
894, 14, 30
895, 14, 34
896, 14, 34
897, 14, 34
898, 14, 27
899, 14, 34
900, 14, 34
901, 14, 34
902, 14, 27
903, 14, 34
904, 14, 34
905, 14, 34
906, 14, 27
907, 14, 34
908, 14, 34
909, 14, 34
910, 14, 27
911, 14, 34
912, 14, 34
913, 14, 34
914, 14, 27
915, 14, 34
916, 14, 34
917, 14, 34
918, 14, 27
919, 14, 34
920, 14, 34
921, 14, 34
922, 14, 27
923, 14, 34
924, 14, 34
925, 14, 34
926, 14, 27
927, 14, 34
928, 14, 34
929, 14, 34
930, 14, 27
931, 14, 34
932, 14, 34
933, 14, 34
934, 14, 27
935, 14, 34
936, 14, 34
937, 14, 34
938, 14, 27
939, 14, 34
940, 14, 34
941, 14, 34
942, 14, 27
943, 14, 34
944, 14, 34
945, 14, 34
946, 14, 27
947, 14, 34
948, 14, 34
949, 14, 34
950, 14, 27
951, 14, 34
952, 14, 34
953, 14, 34
954, 14, 27
955, 14, 34
956, 14, 34
957, 14, 34
958, 14, 30
959, 14, 34
960, 14, 34
961, 14, 34
962, 14, 27
963, 14, 34
964, 14, 34
965, 14, 34
966, 14, 27
967, 14, 34
968, 14, 34
969, 14, 34
970, 14, 27
971, 14, 34
972, 14, 34
973, 14, 34
974, 14, 27
975, 14, 34
976, 14, 34
977, 14, 34
978, 14, 27
979, 14, 34
980, 14, 34
981, 14, 34
982, 14, 27
983, 14, 34
984, 14, 34
985, 14, 34
986, 14, 27
987, 14, 34
988, 14, 34
989, 14, 34
990, 14, 27
991, 14, 34
992, 14, 34
993, 14, 34
994, 14, 27
995, 14, 34
996, 14, 34
997, 14, 34
998, 14, 27
999, 14, 34
1000, 14, 34
1001, 14, 34
1002, 14, 27
1003, 14, 34
1004, 14, 34
1005, 14, 34
1006, 14, 27
1007, 14, 34
1008, 14, 34
1009, 14, 34
1010, 14, 27
1011, 14, 34
1012, 14, 34
1013, 14, 34
1014, 14, 27
1015, 14, 34
1016, 14, 34
1017, 14, 34
1018, 14, 27
1019, 14, 34
1020, 14, 34
1021, 14, 34
1022, 14, 27
1023, 14, 34
0, 15, 96
1, 15, 48
2, 15, 48
3, 15, 48
4, 15, 40
5, 15, 40
6, 15, 40
7, 15, 40
8, 15, 40
9, 15, 40
10, 15, 40
11, 15, 40
12, 15, 40
13, 15, 40
14, 15, 36
15, 15, 36
16, 15, 36
17, 15, 36
18, 15, 36
19, 15, 36
20, 15, 36
21, 15, 36
22, 15, 36
23, 15, 36
24, 15, 36
25, 15, 36
26, 15, 36
27, 15, 36
28, 15, 36
29, 15, 36
30, 15, 36
31, 15, 36
32, 15, 36
33, 15, 36
34, 15, 36
35, 15, 36
36, 15, 36
37, 15, 36
38, 15, 36
39, 15, 36
40, 15, 36
41, 15, 36
42, 15, 36
43, 15, 36
44, 15, 36
45, 15, 36
46, 15, 36
47, 15, 36
48, 15, 36
49, 15, 36
50, 15, 36
51, 15, 36
52, 15, 36
53, 15, 36
54, 15, 36
55, 15, 36
56, 15, 36
57, 15, 36
58, 15, 36
59, 15, 36
60, 15, 36
61, 15, 36
62, 15, 40
63, 15, 40
64, 15, 36
65, 15, 36
66, 15, 36
67, 15, 36
68, 15, 36
69, 15, 36
70, 15, 36
71, 15, 36
72, 15, 36
73, 15, 36
74, 15, 36
75, 15, 36
76, 15, 36
77, 15, 36
78, 15, 36
79, 15, 36
80, 15, 36
81, 15, 36
82, 15, 36
83, 15, 36
84, 15, 36
85, 15, 36
86, 15, 36
87, 15, 36
88, 15, 36
89, 15, 36
90, 15, 36
91, 15, 36
92, 15, 36
93, 15, 36
94, 15, 36
95, 15, 36
96, 15, 36
97, 15, 36
98, 15, 36
99, 15, 36
100, 15, 36
101, 15, 36
102, 15, 36
103, 15, 36
104, 15, 36
105, 15, 36
106, 15, 36
107, 15, 36
108, 15, 36
109, 15, 36
110, 15, 36
111, 15, 36
112, 15, 36
113, 15, 36
114, 15, 36
115, 15, 36
116, 15, 36
117, 15, 36
118, 15, 36
119, 15, 36
120, 15, 36
121, 15, 36
122, 15, 36
123, 15, 36
124, 15, 36
125, 15, 36
126, 15, 40
127, 15, 36
128, 15, 36
129, 15, 36
130, 15, 36
131, 15, 36
132, 15, 36
133, 15, 36
134, 15, 36
135, 15, 36
136, 15, 36
137, 15, 36
138, 15, 36
139, 15, 36
140, 15, 36
141, 15, 36
142, 15, 36
143, 15, 36
144, 15, 36
145, 15, 36
146, 15, 36
147, 15, 36
148, 15, 36
149, 15, 36
150, 15, 36
151, 15, 36
152, 15, 36
153, 15, 36
154, 15, 36
155, 15, 36
156, 15, 36
157, 15, 36
158, 15, 36
159, 15, 36
160, 15, 36
161, 15, 36
162, 15, 36
163, 15, 36
164, 15, 36
165, 15, 36
166, 15, 36
167, 15, 36
168, 15, 36
169, 15, 36
170, 15, 36
171, 15, 36
172, 15, 36
173, 15, 36
174, 15, 36
175, 15, 36
176, 15, 36
177, 15, 36
178, 15, 36
179, 15, 36
180, 15, 36
181, 15, 36
182, 15, 36
183, 15, 36
184, 15, 36
185, 15, 36
186, 15, 36
187, 15, 36
188, 15, 36
189, 15, 36
190, 15, 36
191, 15, 36
192, 15, 36
193, 15, 36
194, 15, 36
195, 15, 36
196, 15, 36
197, 15, 36
198, 15, 36
199, 15, 36
200, 15, 36
201, 15, 36
202, 15, 36
203, 15, 36
204, 15, 36
205, 15, 36
206, 15, 36
207, 15, 36
208, 15, 36
209, 15, 36
210, 15, 36
211, 15, 36
212, 15, 36
213, 15, 36
214, 15, 36
215, 15, 36
216, 15, 36
217, 15, 36
218, 15, 36
219, 15, 36
220, 15, 36
221, 15, 36
222, 15, 36
223, 15, 36
224, 15, 36
225, 15, 36
226, 15, 36
227, 15, 36
228, 15, 36
229, 15, 36
230, 15, 36
231, 15, 36
232, 15, 36
233, 15, 36
234, 15, 36
235, 15, 36
236, 15, 36
237, 15, 36
238, 15, 36
239, 15, 36
240, 15, 36
241, 15, 36
242, 15, 36
243, 15, 36
244, 15, 36
245, 15, 36
246, 15, 36
247, 15, 36
248, 15, 36
249, 15, 36
250, 15, 36
251, 15, 36
252, 15, 36
253, 15, 36
254, 15, 40
255, 15, 36
256, 15, 36
257, 15, 36
258, 15, 36
259, 15, 36
260, 15, 36
261, 15, 36
262, 15, 36
263, 15, 36
264, 15, 36
265, 15, 36
266, 15, 36
267, 15, 36
268, 15, 36
269, 15, 36
270, 15, 36
271, 15, 36
272, 15, 36
273, 15, 36
274, 15, 36
275, 15, 36
276, 15, 36
277, 15, 36
278, 15, 36
279, 15, 36
280, 15, 36
281, 15, 36
282, 15, 36
283, 15, 36
284, 15, 36
285, 15, 36
286, 15, 36
287, 15, 36
288, 15, 36
289, 15, 36
290, 15, 36
291, 15, 36
292, 15, 36
293, 15, 36
294, 15, 36
295, 15, 36
296, 15, 36
297, 15, 36
298, 15, 36
299, 15, 36
300, 15, 36
301, 15, 36
302, 15, 36
303, 15, 36
304, 15, 36
305, 15, 36
306, 15, 36
307, 15, 36
308, 15, 36
309, 15, 36
310, 15, 36
311, 15, 36
312, 15, 36
313, 15, 36
314, 15, 36
315, 15, 36
316, 15, 36
317, 15, 36
318, 15, 40
319, 15, 36
320, 15, 36
321, 15, 36
322, 15, 36
323, 15, 36
324, 15, 36
325, 15, 36
326, 15, 36
327, 15, 36
328, 15, 36
329, 15, 36
330, 15, 36
331, 15, 36
332, 15, 36
333, 15, 36
334, 15, 36
335, 15, 36
336, 15, 36
337, 15, 36
338, 15, 36
339, 15, 36
340, 15, 36
341, 15, 36
342, 15, 36
343, 15, 36
344, 15, 36
345, 15, 36
346, 15, 36
347, 15, 36
348, 15, 36
349, 15, 36
350, 15, 36
351, 15, 36
352, 15, 36
353, 15, 36
354, 15, 36
355, 15, 36
356, 15, 36
357, 15, 36
358, 15, 36
359, 15, 36
360, 15, 36
361, 15, 36
362, 15, 36
363, 15, 36
364, 15, 36
365, 15, 36
366, 15, 36
367, 15, 36
368, 15, 36
369, 15, 36
370, 15, 36
371, 15, 36
372, 15, 36
373, 15, 36
374, 15, 36
375, 15, 36
376, 15, 36
377, 15, 36
378, 15, 36
379, 15, 36
380, 15, 36
381, 15, 36
382, 15, 40
383, 15, 36
384, 15, 36
385, 15, 36
386, 15, 36
387, 15, 36
388, 15, 36
389, 15, 36
390, 15, 36
391, 15, 36
392, 15, 36
393, 15, 36
394, 15, 36
395, 15, 36
396, 15, 36
397, 15, 36
398, 15, 36
399, 15, 36
400, 15, 36
401, 15, 36
402, 15, 36
403, 15, 36
404, 15, 36
405, 15, 36
406, 15, 36
407, 15, 36
408, 15, 36
409, 15, 36
410, 15, 36
411, 15, 36
412, 15, 36
413, 15, 36
414, 15, 36
415, 15, 36
416, 15, 36
417, 15, 36
418, 15, 36
419, 15, 36
420, 15, 36
421, 15, 36
422, 15, 36
423, 15, 36
424, 15, 36
425, 15, 36
426, 15, 36
427, 15, 36
428, 15, 36
429, 15, 36
430, 15, 36
431, 15, 36
432, 15, 36
433, 15, 36
434, 15, 36
435, 15, 36
436, 15, 36
437, 15, 36
438, 15, 36
439, 15, 36
440, 15, 36
441, 15, 36
442, 15, 36
443, 15, 36
444, 15, 36
445, 15, 36
446, 15, 36
447, 15, 36
448, 15, 36
449, 15, 36
450, 15, 36
451, 15, 36
452, 15, 36
453, 15, 36
454, 15, 36
455, 15, 36
456, 15, 36
457, 15, 36
458, 15, 36
459, 15, 36
460, 15, 36
461, 15, 36
462, 15, 36
463, 15, 36
464, 15, 36
465, 15, 36
466, 15, 36
467, 15, 36
468, 15, 36
469, 15, 36
470, 15, 36
471, 15, 36
472, 15, 36
473, 15, 36
474, 15, 36
475, 15, 36
476, 15, 36
477, 15, 36
478, 15, 36
479, 15, 36
480, 15, 36
481, 15, 36
482, 15, 36
483, 15, 36
484, 15, 36
485, 15, 36
486, 15, 36
487, 15, 36
488, 15, 36
489, 15, 36
490, 15, 36
491, 15, 36
492, 15, 36
493, 15, 36
494, 15, 36
495, 15, 36
496, 15, 36
497, 15, 36
498, 15, 36
499, 15, 36
500, 15, 36
501, 15, 36
502, 15, 36
503, 15, 36
504, 15, 36
505, 15, 36
506, 15, 36
507, 15, 36
508, 15, 36
509, 15, 36
510, 15, 40
511, 15, 36
512, 15, 36
513, 15, 36
514, 15, 36
515, 15, 36
516, 15, 36
517, 15, 36
518, 15, 36
519, 15, 36
520, 15, 36
521, 15, 36
522, 15, 36
523, 15, 36
524, 15, 36
525, 15, 36
526, 15, 36
527, 15, 36
528, 15, 36
529, 15, 36
530, 15, 36
531, 15, 36
532, 15, 36
533, 15, 36
534, 15, 36
535, 15, 36
536, 15, 36
537, 15, 36
538, 15, 36
539, 15, 36
540, 15, 36
541, 15, 36
542, 15, 36
543, 15, 36
544, 15, 36
545, 15, 36
546, 15, 36
547, 15, 36
548, 15, 36
549, 15, 36
550, 15, 36
551, 15, 36
552, 15, 36
553, 15, 36
554, 15, 36
555, 15, 36
556, 15, 36
557, 15, 36
558, 15, 36
559, 15, 36
560, 15, 36
561, 15, 36
562, 15, 36
563, 15, 36
564, 15, 36
565, 15, 36
566, 15, 36
567, 15, 36
568, 15, 36
569, 15, 36
570, 15, 36
571, 15, 36
572, 15, 36
573, 15, 36
574, 15, 36
575, 15, 36
576, 15, 36
577, 15, 36
578, 15, 36
579, 15, 36
580, 15, 36
581, 15, 36
582, 15, 36
583, 15, 36
584, 15, 36
585, 15, 36
586, 15, 36
587, 15, 36
588, 15, 36
589, 15, 36
590, 15, 36
591, 15, 36
592, 15, 36
593, 15, 36
594, 15, 36
595, 15, 36
596, 15, 36
597, 15, 36
598, 15, 36
599, 15, 36
600, 15, 36
601, 15, 36
602, 15, 36
603, 15, 36
604, 15, 36
605, 15, 36
606, 15, 36
607, 15, 36
608, 15, 36
609, 15, 36
610, 15, 36
611, 15, 36
612, 15, 36
613, 15, 36
614, 15, 36
615, 15, 36
616, 15, 36
617, 15, 36
618, 15, 36
619, 15, 36
620, 15, 36
621, 15, 36
622, 15, 36
623, 15, 36
624, 15, 36
625, 15, 36
626, 15, 36
627, 15, 36
628, 15, 36
629, 15, 36
630, 15, 36
631, 15, 36
632, 15, 36
633, 15, 36
634, 15, 36
635, 15, 36
636, 15, 36
637, 15, 36
638, 15, 40
639, 15, 36
640, 15, 36
641, 15, 36
642, 15, 36
643, 15, 36
644, 15, 36
645, 15, 36
646, 15, 36
647, 15, 36
648, 15, 36
649, 15, 36
650, 15, 36
651, 15, 36
652, 15, 36
653, 15, 36
654, 15, 36
655, 15, 36
656, 15, 36
657, 15, 36
658, 15, 36
659, 15, 36
660, 15, 36
661, 15, 36
662, 15, 36
663, 15, 36
664, 15, 36
665, 15, 36
666, 15, 36
667, 15, 36
668, 15, 36
669, 15, 36
670, 15, 36
671, 15, 36
672, 15, 36
673, 15, 36
674, 15, 36
675, 15, 36
676, 15, 36
677, 15, 36
678, 15, 36
679, 15, 36
680, 15, 36
681, 15, 36
682, 15, 36
683, 15, 36
684, 15, 36
685, 15, 36
686, 15, 36
687, 15, 36
688, 15, 36
689, 15, 36
690, 15, 36
691, 15, 36
692, 15, 36
693, 15, 36
694, 15, 36
695, 15, 36
696, 15, 36
697, 15, 36
698, 15, 36
699, 15, 36
700, 15, 36
701, 15, 36
702, 15, 40
703, 15, 36
704, 15, 36
705, 15, 36
706, 15, 36
707, 15, 36
708, 15, 36
709, 15, 36
710, 15, 36
711, 15, 36
712, 15, 36
713, 15, 36
714, 15, 36
715, 15, 36
716, 15, 36
717, 15, 36
718, 15, 36
719, 15, 36
720, 15, 36
721, 15, 36
722, 15, 36
723, 15, 36
724, 15, 36
725, 15, 36
726, 15, 36
727, 15, 36
728, 15, 36
729, 15, 36
730, 15, 36
731, 15, 36
732, 15, 36
733, 15, 36
734, 15, 36
735, 15, 36
736, 15, 36
737, 15, 36
738, 15, 36
739, 15, 36
740, 15, 36
741, 15, 36
742, 15, 36
743, 15, 36
744, 15, 36
745, 15, 36
746, 15, 36
747, 15, 36
748, 15, 36
749, 15, 36
750, 15, 36
751, 15, 36
752, 15, 36
753, 15, 36
754, 15, 36
755, 15, 36
756, 15, 36
757, 15, 36
758, 15, 36
759, 15, 36
760, 15, 36
761, 15, 36
762, 15, 36
763, 15, 36
764, 15, 36
765, 15, 36
766, 15, 40
767, 15, 36
768, 15, 36
769, 15, 36
770, 15, 36
771, 15, 36
772, 15, 36
773, 15, 36
774, 15, 36
775, 15, 36
776, 15, 36
777, 15, 36
778, 15, 36
779, 15, 36
780, 15, 36
781, 15, 36
782, 15, 36
783, 15, 36
784, 15, 36
785, 15, 36
786, 15, 36
787, 15, 36
788, 15, 36
789, 15, 36
790, 15, 36
791, 15, 36
792, 15, 36
793, 15, 36
794, 15, 36
795, 15, 36
796, 15, 36
797, 15, 36
798, 15, 36
799, 15, 36
800, 15, 36
801, 15, 36
802, 15, 36
803, 15, 36
804, 15, 36
805, 15, 36
806, 15, 36
807, 15, 36
808, 15, 36
809, 15, 36
810, 15, 36
811, 15, 36
812, 15, 36
813, 15, 36
814, 15, 36
815, 15, 36
816, 15, 36
817, 15, 36
818, 15, 36
819, 15, 36
820, 15, 36
821, 15, 36
822, 15, 36
823, 15, 36
824, 15, 36
825, 15, 36
826, 15, 36
827, 15, 36
828, 15, 36
829, 15, 36
830, 15, 36
831, 15, 36
832, 15, 36
833, 15, 36
834, 15, 36
835, 15, 36
836, 15, 36
837, 15, 36
838, 15, 36
839, 15, 36
840, 15, 36
841, 15, 36
842, 15, 36
843, 15, 36
844, 15, 36
845, 15, 36
846, 15, 36
847, 15, 36
848, 15, 36
849, 15, 36
850, 15, 36
851, 15, 36
852, 15, 36
853, 15, 36
854, 15, 36
855, 15, 36
856, 15, 36
857, 15, 36
858, 15, 36
859, 15, 36
860, 15, 36
861, 15, 36
862, 15, 36
863, 15, 36
864, 15, 36
865, 15, 36
866, 15, 36
867, 15, 36
868, 15, 36
869, 15, 36
870, 15, 36
871, 15, 36
872, 15, 36
873, 15, 36
874, 15, 36
875, 15, 36
876, 15, 36
877, 15, 36
878, 15, 36
879, 15, 36
880, 15, 36
881, 15, 36
882, 15, 36
883, 15, 36
884, 15, 36
885, 15, 36
886, 15, 36
887, 15, 36
888, 15, 36
889, 15, 36
890, 15, 36
891, 15, 36
892, 15, 36
893, 15, 36
894, 15, 40
895, 15, 36
896, 15, 36
897, 15, 36
898, 15, 36
899, 15, 36
900, 15, 36
901, 15, 36
902, 15, 36
903, 15, 36
904, 15, 36
905, 15, 36
906, 15, 36
907, 15, 36
908, 15, 36
909, 15, 36
910, 15, 36
911, 15, 36
912, 15, 36
913, 15, 36
914, 15, 36
915, 15, 36
916, 15, 36
917, 15, 36
918, 15, 36
919, 15, 36
920, 15, 36
921, 15, 36
922, 15, 36
923, 15, 36
924, 15, 36
925, 15, 36
926, 15, 36
927, 15, 36
928, 15, 36
929, 15, 36
930, 15, 36
931, 15, 36
932, 15, 36
933, 15, 36
934, 15, 36
935, 15, 36
936, 15, 36
937, 15, 36
938, 15, 36
939, 15, 36
940, 15, 36
941, 15, 36
942, 15, 36
943, 15, 36
944, 15, 36
945, 15, 36
946, 15, 36
947, 15, 36
948, 15, 36
949, 15, 36
950, 15, 36
951, 15, 36
952, 15, 36
953, 15, 36
954, 15, 36
955, 15, 36
956, 15, 36
957, 15, 36
958, 15, 40
959, 15, 36
960, 15, 36
961, 15, 36
962, 15, 36
963, 15, 36
964, 15, 36
965, 15, 36
966, 15, 36
967, 15, 36
968, 15, 36
969, 15, 36
970, 15, 36
971, 15, 36
972, 15, 36
973, 15, 36
974, 15, 36
975, 15, 36
976, 15, 36
977, 15, 36
978, 15, 36
979, 15, 36
980, 15, 36
981, 15, 36
982, 15, 36
983, 15, 36
984, 15, 36
985, 15, 36
986, 15, 36
987, 15, 36
988, 15, 36
989, 15, 36
990, 15, 36
991, 15, 36
992, 15, 36
993, 15, 36
994, 15, 36
995, 15, 36
996, 15, 36
997, 15, 36
998, 15, 36
999, 15, 36
1000, 15, 36
1001, 15, 36
1002, 15, 36
1003, 15, 36
1004, 15, 36
1005, 15, 36
1006, 15, 36
1007, 15, 36
1008, 15, 36
1009, 15, 36
1010, 15, 36
1011, 15, 36
1012, 15, 36
1013, 15, 36
1014, 15, 36
1015, 15, 36
1016, 15, 36
1017, 15, 36
1018, 15, 36
1019, 15, 36
1020, 15, 36
1021, 15, 36
1022, 15, 36
1023, 15, 36
0, 16, 32
1, 16, 32
2, 16, 34
3, 16, 32
4, 16, 29
5, 16, 29
6, 16, 29
7, 16, 31
8, 16, 52
9, 16, 29
10, 16, 29
11, 16, 29
12, 16, 29
13, 16, 29
14, 16, 29
15, 16, 29
16, 16, 29
17, 16, 29
18, 16, 29
19, 16, 31
20, 16, 29
21, 16, 29
22, 16, 31
23, 16, 29
24, 16, 72
25, 16, 29
26, 16, 31
27, 16, 29
28, 16, 29
29, 16, 31
30, 16, 29
31, 16, 29
32, 16, 31
33, 16, 29
34, 16, 29
35, 16, 29
36, 16, 29
37, 16, 29
38, 16, 29
39, 16, 29
40, 16, 29
41, 16, 29
42, 16, 29
43, 16, 29
44, 16, 29
45, 16, 29
46, 16, 29
47, 16, 29
48, 16, 29
49, 16, 29
50, 16, 29
51, 16, 29
52, 16, 29
53, 16, 29
54, 16, 29
55, 16, 31
56, 16, 29
57, 16, 29
58, 16, 31
59, 16, 29
60, 16, 29
61, 16, 31
62, 16, 38
63, 16, 29
64, 16, 29
65, 16, 29
66, 16, 29
67, 16, 29
68, 16, 29
69, 16, 29
70, 16, 29
71, 16, 29
72, 16, 29
73, 16, 29
74, 16, 31
75, 16, 29
76, 16, 29
77, 16, 31
78, 16, 29
79, 16, 29
80, 16, 31
81, 16, 29
82, 16, 29
83, 16, 31
84, 16, 29
85, 16, 29
86, 16, 29
87, 16, 29
88, 16, 29
89, 16, 29
90, 16, 29
91, 16, 29
92, 16, 29
93, 16, 29
94, 16, 29
95, 16, 29
96, 16, 29
97, 16, 29
98, 16, 29
99, 16, 29
100, 16, 29
101, 16, 29
102, 16, 29
103, 16, 29
104, 16, 29
105, 16, 29
106, 16, 31
107, 16, 29
108, 16, 29
109, 16, 31
110, 16, 29
111, 16, 29
112, 16, 31
113, 16, 29
114, 16, 29
115, 16, 31
116, 16, 29
117, 16, 29
118, 16, 29
119, 16, 29
120, 16, 29
121, 16, 29
122, 16, 29
123, 16, 29
124, 16, 29
125, 16, 29
126, 16, 29
127, 16, 29
128, 16, 29
129, 16, 31
130, 16, 29
131, 16, 29
132, 16, 31
133, 16, 29
134, 16, 29
135, 16, 31
136, 16, 29
137, 16, 29
138, 16, 31
139, 16, 29
140, 16, 29
141, 16, 29
142, 16, 29
143, 16, 29
144, 16, 29
145, 16, 29
146, 16, 29
147, 16, 29
148, 16, 29
149, 16, 29
150, 16, 29
151, 16, 29
152, 16, 29
153, 16, 29
154, 16, 29
155, 16, 29
156, 16, 29
157, 16, 29
158, 16, 29
159, 16, 29
160, 16, 29
161, 16, 31
162, 16, 29
163, 16, 29
164, 16, 31
165, 16, 29
166, 16, 29
167, 16, 31
168, 16, 29
169, 16, 29
170, 16, 31
171, 16, 29
172, 16, 29
173, 16, 29
174, 16, 29
175, 16, 29
176, 16, 29
177, 16, 29
178, 16, 29
179, 16, 29
180, 16, 29
181, 16, 29
182, 16, 29
183, 16, 29
184, 16, 29
185, 16, 29
186, 16, 29
187, 16, 29
188, 16, 29
189, 16, 29
190, 16, 34
191, 16, 29
192, 16, 29
193, 16, 31
194, 16, 29
195, 16, 29
196, 16, 29
197, 16, 29
198, 16, 29
199, 16, 29
200, 16, 29
201, 16, 29
202, 16, 29
203, 16, 29
204, 16, 29
205, 16, 29
206, 16, 29
207, 16, 29
208, 16, 29
209, 16, 29
210, 16, 29
211, 16, 29
212, 16, 29
213, 16, 29
214, 16, 29
215, 16, 29
216, 16, 31
217, 16, 29
218, 16, 29
219, 16, 31
220, 16, 29
221, 16, 29
222, 16, 31
223, 16, 29
224, 16, 29
225, 16, 31
226, 16, 29
227, 16, 29
228, 16, 29
229, 16, 29
230, 16, 29
231, 16, 29
232, 16, 29
233, 16, 29
234, 16, 29
235, 16, 29
236, 16, 29
237, 16, 29
238, 16, 29
239, 16, 29
240, 16, 29
241, 16, 29
242, 16, 29
243, 16, 29
244, 16, 29
245, 16, 29
246, 16, 29
247, 16, 29
248, 16, 31
249, 16, 29
250, 16, 29
251, 16, 31
252, 16, 29
253, 16, 29
254, 16, 34
255, 16, 29
256, 16, 29
257, 16, 29
258, 16, 29
259, 16, 29
260, 16, 29
261, 16, 29
262, 16, 29
263, 16, 29
264, 16, 29
265, 16, 29
266, 16, 29
267, 16, 29
268, 16, 29
269, 16, 29
270, 16, 29
271, 16, 31
272, 16, 29
273, 16, 29
274, 16, 31
275, 16, 29
276, 16, 29
277, 16, 31
278, 16, 29
279, 16, 29
280, 16, 31
281, 16, 29
282, 16, 29
283, 16, 29
284, 16, 29
285, 16, 29
286, 16, 29
287, 16, 29
288, 16, 29
289, 16, 29
290, 16, 29
291, 16, 29
292, 16, 29
293, 16, 29
294, 16, 29
295, 16, 29
296, 16, 29
297, 16, 29
298, 16, 29
299, 16, 29
300, 16, 29
301, 16, 29
302, 16, 29
303, 16, 31
304, 16, 29
305, 16, 29
306, 16, 31
307, 16, 29
308, 16, 29
309, 16, 31
310, 16, 29
311, 16, 29
312, 16, 31
313, 16, 29
314, 16, 29
315, 16, 29
316, 16, 29
317, 16, 29
318, 16, 32
319, 16, 29
320, 16, 29
321, 16, 29
322, 16, 29
323, 16, 29
324, 16, 29
325, 16, 29
326, 16, 31
327, 16, 29
328, 16, 29
329, 16, 31
330, 16, 29
331, 16, 29
332, 16, 31
333, 16, 29
334, 16, 29
335, 16, 31
336, 16, 29
337, 16, 29
338, 16, 29
339, 16, 29
340, 16, 29
341, 16, 29
342, 16, 29
343, 16, 29
344, 16, 29
345, 16, 29
346, 16, 29
347, 16, 29
348, 16, 29
349, 16, 29
350, 16, 29
351, 16, 29
352, 16, 29
353, 16, 29
354, 16, 29
355, 16, 29
356, 16, 29
357, 16, 29
358, 16, 31
359, 16, 29
360, 16, 29
361, 16, 31
362, 16, 29
363, 16, 29
364, 16, 31
365, 16, 29
366, 16, 29
367, 16, 31
368, 16, 29
369, 16, 29
370, 16, 29
371, 16, 29
372, 16, 29
373, 16, 29
374, 16, 29
375, 16, 29
376, 16, 29
377, 16, 29
378, 16, 29
379, 16, 29
380, 16, 29
381, 16, 29
382, 16, 29
383, 16, 29
384, 16, 31
385, 16, 29
386, 16, 29
387, 16, 31
388, 16, 29
389, 16, 29
390, 16, 31
391, 16, 29
392, 16, 29
393, 16, 29
394, 16, 29
395, 16, 29
396, 16, 29
397, 16, 29
398, 16, 29
399, 16, 29
400, 16, 29
401, 16, 29
402, 16, 29
403, 16, 29
404, 16, 29
405, 16, 29
406, 16, 29
407, 16, 29
408, 16, 29
409, 16, 29
410, 16, 29
411, 16, 29
412, 16, 29
413, 16, 31
414, 16, 29
415, 16, 29
416, 16, 31
417, 16, 29
418, 16, 29
419, 16, 31
420, 16, 29
421, 16, 29
422, 16, 31
423, 16, 29
424, 16, 29
425, 16, 29
426, 16, 29
427, 16, 29
428, 16, 29
429, 16, 29
430, 16, 29
431, 16, 29
432, 16, 29
433, 16, 29
434, 16, 29
435, 16, 29
436, 16, 29
437, 16, 29
438, 16, 29
439, 16, 29
440, 16, 29
441, 16, 29
442, 16, 29
443, 16, 29
444, 16, 29
445, 16, 31
446, 16, 32
447, 16, 29
448, 16, 29
449, 16, 29
450, 16, 29
451, 16, 29
452, 16, 29
453, 16, 29
454, 16, 29
455, 16, 29
456, 16, 29
457, 16, 29
458, 16, 29
459, 16, 29
460, 16, 29
461, 16, 29
462, 16, 29
463, 16, 29
464, 16, 29
465, 16, 29
466, 16, 29
467, 16, 29
468, 16, 31
469, 16, 29
470, 16, 29
471, 16, 31
472, 16, 29
473, 16, 29
474, 16, 31
475, 16, 29
476, 16, 29
477, 16, 29
478, 16, 29
479, 16, 29
480, 16, 29
481, 16, 29
482, 16, 29
483, 16, 29
484, 16, 29
485, 16, 29
486, 16, 29
487, 16, 29
488, 16, 29
489, 16, 29
490, 16, 31
491, 16, 29
492, 16, 29
493, 16, 31
494, 16, 29
495, 16, 29
496, 16, 31
497, 16, 29
498, 16, 29
499, 16, 31
500, 16, 29
501, 16, 29
502, 16, 29
503, 16, 29
504, 16, 29
505, 16, 29
506, 16, 29
507, 16, 29
508, 16, 29
509, 16, 29
510, 16, 29
511, 16, 29
512, 16, 29
513, 16, 31
514, 16, 29
515, 16, 29
516, 16, 31
517, 16, 29
518, 16, 29
519, 16, 31
520, 16, 29
521, 16, 29
522, 16, 31
523, 16, 29
524, 16, 29
525, 16, 29
526, 16, 29
527, 16, 29
528, 16, 29
529, 16, 29
530, 16, 29
531, 16, 29
532, 16, 29
533, 16, 29
534, 16, 29
535, 16, 29
536, 16, 29
537, 16, 29
538, 16, 29
539, 16, 29
540, 16, 29
541, 16, 29
542, 16, 29
543, 16, 29
544, 16, 29
545, 16, 31
546, 16, 29
547, 16, 29
548, 16, 31
549, 16, 29
550, 16, 29
551, 16, 31
552, 16, 29
553, 16, 29
554, 16, 31
555, 16, 29
556, 16, 29
557, 16, 29
558, 16, 29
559, 16, 29
560, 16, 29
561, 16, 29
562, 16, 29
563, 16, 29
564, 16, 29
565, 16, 29
566, 16, 29
567, 16, 29
568, 16, 29
569, 16, 29
570, 16, 29
571, 16, 29
572, 16, 29
573, 16, 29
574, 16, 34
575, 16, 29
576, 16, 29
577, 16, 31
578, 16, 29
579, 16, 29
580, 16, 29
581, 16, 29
582, 16, 29
583, 16, 29
584, 16, 29
585, 16, 29
586, 16, 29
587, 16, 29
588, 16, 29
589, 16, 29
590, 16, 29
591, 16, 29
592, 16, 29
593, 16, 29
594, 16, 29
595, 16, 29
596, 16, 29
597, 16, 29
598, 16, 29
599, 16, 29
600, 16, 31
601, 16, 29
602, 16, 29
603, 16, 31
604, 16, 29
605, 16, 29
606, 16, 31
607, 16, 29
608, 16, 29
609, 16, 31
610, 16, 29
611, 16, 29
612, 16, 29
613, 16, 29
614, 16, 29
615, 16, 29
616, 16, 29
617, 16, 29
618, 16, 29
619, 16, 29
620, 16, 29
621, 16, 29
622, 16, 29
623, 16, 29
624, 16, 29
625, 16, 29
626, 16, 29
627, 16, 29
628, 16, 29
629, 16, 29
630, 16, 29
631, 16, 29
632, 16, 31
633, 16, 29
634, 16, 29
635, 16, 31
636, 16, 29
637, 16, 29
638, 16, 34
639, 16, 29
640, 16, 29
641, 16, 29
642, 16, 29
643, 16, 29
644, 16, 29
645, 16, 29
646, 16, 29
647, 16, 29
648, 16, 29
649, 16, 29
650, 16, 29
651, 16, 29
652, 16, 29
653, 16, 29
654, 16, 29
655, 16, 31
656, 16, 29
657, 16, 29
658, 16, 31
659, 16, 29
660, 16, 29
661, 16, 31
662, 16, 29
663, 16, 29
664, 16, 31
665, 16, 29
666, 16, 29
667, 16, 29
668, 16, 29
669, 16, 29
670, 16, 29
671, 16, 29
672, 16, 29
673, 16, 29
674, 16, 29
675, 16, 29
676, 16, 29
677, 16, 29
678, 16, 29
679, 16, 29
680, 16, 29
681, 16, 29
682, 16, 29
683, 16, 29
684, 16, 29
685, 16, 29
686, 16, 29
687, 16, 31
688, 16, 29
689, 16, 29
690, 16, 31
691, 16, 29
692, 16, 29
693, 16, 31
694, 16, 29
695, 16, 29
696, 16, 31
697, 16, 29
698, 16, 29
699, 16, 29
700, 16, 29
701, 16, 29
702, 16, 32
703, 16, 29
704, 16, 29
705, 16, 29
706, 16, 29
707, 16, 29
708, 16, 29
709, 16, 29
710, 16, 31
711, 16, 29
712, 16, 29
713, 16, 31
714, 16, 29
715, 16, 29
716, 16, 31
717, 16, 29
718, 16, 29
719, 16, 31
720, 16, 29
721, 16, 29
722, 16, 29
723, 16, 29
724, 16, 29
725, 16, 29
726, 16, 29
727, 16, 29
728, 16, 29
729, 16, 29
730, 16, 29
731, 16, 29
732, 16, 29
733, 16, 29
734, 16, 29
735, 16, 29
736, 16, 29
737, 16, 29
738, 16, 29
739, 16, 29
740, 16, 29
741, 16, 29
742, 16, 31
743, 16, 29
744, 16, 29
745, 16, 31
746, 16, 29
747, 16, 29
748, 16, 31
749, 16, 29
750, 16, 29
751, 16, 31
752, 16, 29
753, 16, 29
754, 16, 29
755, 16, 29
756, 16, 29
757, 16, 29
758, 16, 29
759, 16, 29
760, 16, 29
761, 16, 29
762, 16, 29
763, 16, 29
764, 16, 29
765, 16, 29
766, 16, 29
767, 16, 29
768, 16, 31
769, 16, 29
770, 16, 29
771, 16, 31
772, 16, 29
773, 16, 29
774, 16, 31
775, 16, 29
776, 16, 29
777, 16, 29
778, 16, 29
779, 16, 29
780, 16, 29
781, 16, 29
782, 16, 29
783, 16, 29
784, 16, 29
785, 16, 29
786, 16, 29
787, 16, 29
788, 16, 29
789, 16, 29
790, 16, 29
791, 16, 29
792, 16, 29
793, 16, 29
794, 16, 29
795, 16, 29
796, 16, 29
797, 16, 31
798, 16, 29
799, 16, 29
800, 16, 31
801, 16, 29
802, 16, 29
803, 16, 31
804, 16, 29
805, 16, 29
806, 16, 31
807, 16, 29
808, 16, 29
809, 16, 29
810, 16, 29
811, 16, 29
812, 16, 29
813, 16, 29
814, 16, 29
815, 16, 29
816, 16, 29
817, 16, 29
818, 16, 29
819, 16, 29
820, 16, 29
821, 16, 29
822, 16, 29
823, 16, 29
824, 16, 29
825, 16, 29
826, 16, 29
827, 16, 29
828, 16, 29
829, 16, 31
830, 16, 32
831, 16, 29
832, 16, 29
833, 16, 29
834, 16, 29
835, 16, 29
836, 16, 29
837, 16, 29
838, 16, 29
839, 16, 29
840, 16, 29
841, 16, 29
842, 16, 29
843, 16, 29
844, 16, 29
845, 16, 29
846, 16, 29
847, 16, 29
848, 16, 29
849, 16, 29
850, 16, 29
851, 16, 29
852, 16, 31
853, 16, 29
854, 16, 29
855, 16, 31
856, 16, 29
857, 16, 29
858, 16, 31
859, 16, 29
860, 16, 29
861, 16, 31
862, 16, 29
863, 16, 29
864, 16, 29
865, 16, 29
866, 16, 29
867, 16, 29
868, 16, 29
869, 16, 29
870, 16, 29
871, 16, 29
872, 16, 29
873, 16, 29
874, 16, 29
875, 16, 29
876, 16, 29
877, 16, 29
878, 16, 29
879, 16, 29
880, 16, 29
881, 16, 29
882, 16, 29
883, 16, 29
884, 16, 31
885, 16, 29
886, 16, 29
887, 16, 31
888, 16, 29
889, 16, 29
890, 16, 31
891, 16, 29
892, 16, 29
893, 16, 31
894, 16, 32
895, 16, 29
896, 16, 29
897, 16, 29
898, 16, 29
899, 16, 29
900, 16, 29
901, 16, 29
902, 16, 29
903, 16, 29
904, 16, 29
905, 16, 29
906, 16, 29
907, 16, 31
908, 16, 29
909, 16, 29
910, 16, 31
911, 16, 29
912, 16, 29
913, 16, 31
914, 16, 29
915, 16, 29
916, 16, 31
917, 16, 29
918, 16, 29
919, 16, 29
920, 16, 29
921, 16, 29
922, 16, 29
923, 16, 29
924, 16, 29
925, 16, 29
926, 16, 29
927, 16, 29
928, 16, 29
929, 16, 29
930, 16, 29
931, 16, 29
932, 16, 29
933, 16, 29
934, 16, 29
935, 16, 29
936, 16, 29
937, 16, 29
938, 16, 29
939, 16, 31
940, 16, 29
941, 16, 29
942, 16, 31
943, 16, 29
944, 16, 29
945, 16, 31
946, 16, 29
947, 16, 29
948, 16, 31
949, 16, 29
950, 16, 29
951, 16, 29
952, 16, 29
953, 16, 29
954, 16, 29
955, 16, 29
956, 16, 29
957, 16, 29
958, 16, 32
959, 16, 29
960, 16, 29
961, 16, 29
962, 16, 31
963, 16, 29
964, 16, 29
965, 16, 31
966, 16, 29
967, 16, 29
968, 16, 31
969, 16, 29
970, 16, 29
971, 16, 31
972, 16, 29
973, 16, 29
974, 16, 29
975, 16, 29
976, 16, 29
977, 16, 29
978, 16, 29
979, 16, 29
980, 16, 29
981, 16, 29
982, 16, 29
983, 16, 29
984, 16, 29
985, 16, 29
986, 16, 29
987, 16, 29
988, 16, 29
989, 16, 29
990, 16, 29
991, 16, 29
992, 16, 29
993, 16, 29
994, 16, 31
995, 16, 29
996, 16, 29
997, 16, 31
998, 16, 29
999, 16, 29
1000, 16, 31
1001, 16, 29
1002, 16, 29
1003, 16, 31
1004, 16, 29
1005, 16, 29
1006, 16, 29
1007, 16, 29
1008, 16, 29
1009, 16, 29
1010, 16, 29
1011, 16, 29
1012, 16, 29
1013, 16, 29
1014, 16, 29
1015, 16, 29
1016, 16, 29
1017, 16, 29
1018, 16, 29
1019, 16, 29
1020, 16, 29
1021, 16, 29
1022, 16, 29
1023, 16, 29
0, 17, 31
1, 17, 34
2, 17, 31
3, 17, 31
4, 17, 28
5, 17, 100
6, 17, 27
7, 17, 27
8, 17, 28
9, 17, 28
10, 17, 28
11, 17, 28
12, 17, 28
13, 17, 27
14, 17, 27
15, 17, 27
16, 17, 27
17, 17, 27
18, 17, 28
19, 17, 28
20, 17, 28
21, 17, 28
22, 17, 28
23, 17, 27
24, 17, 27
25, 17, 27
26, 17, 27
27, 17, 28
28, 17, 28
29, 17, 28
30, 17, 28
31, 17, 28
32, 17, 28
33, 17, 27
34, 17, 27
35, 17, 27
36, 17, 27
37, 17, 28
38, 17, 28
39, 17, 28
40, 17, 28
41, 17, 28
42, 17, 27
43, 17, 27
44, 17, 27
45, 17, 27
46, 17, 27
47, 17, 28
48, 17, 28
49, 17, 28
50, 17, 28
51, 17, 28
52, 17, 27
53, 17, 27
54, 17, 27
55, 17, 27
56, 17, 27
57, 17, 28
58, 17, 28
59, 17, 28
60, 17, 28
61, 17, 28
62, 17, 30
63, 17, 30
64, 17, 27
65, 17, 28
66, 17, 28
67, 17, 28
68, 17, 28
69, 17, 28
70, 17, 28
71, 17, 27
72, 17, 27
73, 17, 27
74, 17, 27
75, 17, 28
76, 17, 28
77, 17, 28
78, 17, 28
79, 17, 28
80, 17, 27
81, 17, 27
82, 17, 27
83, 17, 27
84, 17, 27
85, 17, 28
86, 17, 28
87, 17, 28
88, 17, 28
89, 17, 28
90, 17, 27
91, 17, 27
92, 17, 27
93, 17, 27
94, 17, 27
95, 17, 28
96, 17, 28
97, 17, 28
98, 17, 28
99, 17, 28
100, 17, 27
101, 17, 27
102, 17, 27
103, 17, 27
104, 17, 28
105, 17, 28
106, 17, 28
107, 17, 28
108, 17, 28
109, 17, 27
110, 17, 27
111, 17, 27
112, 17, 27
113, 17, 27
114, 17, 28
115, 17, 28
116, 17, 28
117, 17, 28
118, 17, 28
119, 17, 27
120, 17, 27
121, 17, 27
122, 17, 27
123, 17, 27
124, 17, 28
125, 17, 28
126, 17, 31
127, 17, 28
128, 17, 27
129, 17, 27
130, 17, 27
131, 17, 27
132, 17, 27
133, 17, 28
134, 17, 28
135, 17, 28
136, 17, 28
137, 17, 28
138, 17, 27
139, 17, 27
140, 17, 27
141, 17, 27
142, 17, 27
143, 17, 28
144, 17, 28
145, 17, 28
146, 17, 28
147, 17, 28
148, 17, 27
149, 17, 27
150, 17, 27
151, 17, 27
152, 17, 28
153, 17, 28
154, 17, 28
155, 17, 28
156, 17, 28
157, 17, 28
158, 17, 27
159, 17, 27
160, 17, 27
161, 17, 27
162, 17, 28
163, 17, 28
164, 17, 28
165, 17, 28
166, 17, 28
167, 17, 27
168, 17, 27
169, 17, 27
170, 17, 27
171, 17, 27
172, 17, 28
173, 17, 28
174, 17, 28
175, 17, 28
176, 17, 28
177, 17, 27
178, 17, 27
179, 17, 27
180, 17, 27
181, 17, 27
182, 17, 28
183, 17, 28
184, 17, 28
185, 17, 28
186, 17, 28
187, 17, 27
188, 17, 27
189, 17, 27
190, 17, 30
191, 17, 28
192, 17, 28
193, 17, 28
194, 17, 28
195, 17, 28
196, 17, 27
197, 17, 27
198, 17, 27
199, 17, 27
200, 17, 27
201, 17, 28
202, 17, 28
203, 17, 28
204, 17, 28
205, 17, 28
206, 17, 27
207, 17, 27
208, 17, 27
209, 17, 27
210, 17, 28
211, 17, 28
212, 17, 28
213, 17, 28
214, 17, 28
215, 17, 27
216, 17, 27
217, 17, 27
218, 17, 27
219, 17, 27
220, 17, 28
221, 17, 28
222, 17, 28
223, 17, 28
224, 17, 28
225, 17, 27
226, 17, 27
227, 17, 27
228, 17, 27
229, 17, 27
230, 17, 28
231, 17, 28
232, 17, 28
233, 17, 28
234, 17, 28
235, 17, 27
236, 17, 27
237, 17, 27
238, 17, 27
239, 17, 28
240, 17, 28
241, 17, 28
242, 17, 28
243, 17, 28
244, 17, 28
245, 17, 27
246, 17, 27
247, 17, 27
248, 17, 27
249, 17, 28
250, 17, 28
251, 17, 28
252, 17, 28
253, 17, 28
254, 17, 30
255, 17, 27
256, 17, 27
257, 17, 27
258, 17, 28
259, 17, 28
260, 17, 28
261, 17, 28
262, 17, 28
263, 17, 28
264, 17, 27
265, 17, 27
266, 17, 27
267, 17, 27
268, 17, 28
269, 17, 28
270, 17, 28
271, 17, 28
272, 17, 28
273, 17, 27
274, 17, 27
275, 17, 27
276, 17, 27
277, 17, 27
278, 17, 28
279, 17, 28
280, 17, 28
281, 17, 28
282, 17, 28
283, 17, 27
284, 17, 27
285, 17, 27
286, 17, 27
287, 17, 27
288, 17, 28
289, 17, 28
290, 17, 28
291, 17, 28
292, 17, 28
293, 17, 27
294, 17, 27
295, 17, 27
296, 17, 27
297, 17, 28
298, 17, 28
299, 17, 28
300, 17, 28
301, 17, 28
302, 17, 27
303, 17, 27
304, 17, 27
305, 17, 27
306, 17, 27
307, 17, 28
308, 17, 28
309, 17, 28
310, 17, 28
311, 17, 28
312, 17, 27
313, 17, 27
314, 17, 27
315, 17, 27
316, 17, 27
317, 17, 28
318, 17, 28
319, 17, 28
320, 17, 28
321, 17, 27
322, 17, 27
323, 17, 27
324, 17, 27
325, 17, 27
326, 17, 28
327, 17, 28
328, 17, 28
329, 17, 28
330, 17, 28
331, 17, 27
332, 17, 27
333, 17, 27
334, 17, 27
335, 17, 27
336, 17, 28
337, 17, 28
338, 17, 28
339, 17, 28
340, 17, 28
341, 17, 27
342, 17, 27
343, 17, 27
344, 17, 27
345, 17, 28
346, 17, 28
347, 17, 28
348, 17, 28
349, 17, 28
350, 17, 28
351, 17, 27
352, 17, 27
353, 17, 27
354, 17, 27
355, 17, 28
356, 17, 28
357, 17, 28
358, 17, 28
359, 17, 28
360, 17, 27
361, 17, 27
362, 17, 27
363, 17, 27
364, 17, 27
365, 17, 28
366, 17, 28
367, 17, 28
368, 17, 28
369, 17, 28
370, 17, 27
371, 17, 27
372, 17, 27
373, 17, 27
374, 17, 27
375, 17, 28
376, 17, 28
377, 17, 28
378, 17, 28
379, 17, 28
380, 17, 27
381, 17, 27
382, 17, 30
383, 17, 27
384, 17, 28
385, 17, 28
386, 17, 28
387, 17, 28
388, 17, 28
389, 17, 27
390, 17, 27
391, 17, 27
392, 17, 27
393, 17, 27
394, 17, 28
395, 17, 28
396, 17, 28
397, 17, 28
398, 17, 28
399, 17, 27
400, 17, 27
401, 17, 27
402, 17, 27
403, 17, 28
404, 17, 28
405, 17, 28
406, 17, 28
407, 17, 28
408, 17, 27
409, 17, 27
410, 17, 27
411, 17, 27
412, 17, 27
413, 17, 28
414, 17, 28
415, 17, 28
416, 17, 28
417, 17, 28
418, 17, 27
419, 17, 27
420, 17, 27
421, 17, 27
422, 17, 27
423, 17, 28
424, 17, 28
425, 17, 28
426, 17, 28
427, 17, 28
428, 17, 27
429, 17, 27
430, 17, 27
431, 17, 27
432, 17, 28
433, 17, 28
434, 17, 28
435, 17, 28
436, 17, 28
437, 17, 28
438, 17, 27
439, 17, 27
440, 17, 27
441, 17, 27
442, 17, 28
443, 17, 28
444, 17, 28
445, 17, 28
446, 17, 31
447, 17, 27
448, 17, 27
449, 17, 27
450, 17, 27
451, 17, 28
452, 17, 28
453, 17, 28
454, 17, 28
455, 17, 28
456, 17, 28
457, 17, 27
458, 17, 27
459, 17, 27
460, 17, 27
461, 17, 28
462, 17, 28
463, 17, 28
464, 17, 28
465, 17, 28
466, 17, 27
467, 17, 27
468, 17, 27
469, 17, 27
470, 17, 27
471, 17, 28
472, 17, 28
473, 17, 28
474, 17, 28
475, 17, 28
476, 17, 28
477, 17, 28
478, 17, 28
479, 17, 28
480, 17, 27
481, 17, 27
482, 17, 27
483, 17, 27
484, 17, 28
485, 17, 28
486, 17, 28
487, 17, 28
488, 17, 28
489, 17, 28
490, 17, 27
491, 17, 27
492, 17, 27
493, 17, 27
494, 17, 28
495, 17, 28
496, 17, 28
497, 17, 28
498, 17, 28
499, 17, 27
500, 17, 27
501, 17, 27
502, 17, 27
503, 17, 27
504, 17, 28
505, 17, 28
506, 17, 28
507, 17, 28
508, 17, 28
509, 17, 27
510, 17, 30
511, 17, 27
512, 17, 27
513, 17, 28
514, 17, 28
515, 17, 28
516, 17, 28
517, 17, 28
518, 17, 27
519, 17, 27
520, 17, 27
521, 17, 27
522, 17, 27
523, 17, 28
524, 17, 28
525, 17, 28
526, 17, 28
527, 17, 28
528, 17, 27
529, 17, 27
530, 17, 27
531, 17, 27
532, 17, 27
533, 17, 28
534, 17, 28
535, 17, 28
536, 17, 28
537, 17, 28
538, 17, 27
539, 17, 27
540, 17, 27
541, 17, 27
542, 17, 28
543, 17, 28
544, 17, 28
545, 17, 28
546, 17, 28
547, 17, 27
548, 17, 27
549, 17, 27
550, 17, 27
551, 17, 27
552, 17, 28
553, 17, 28
554, 17, 28
555, 17, 28
556, 17, 28
557, 17, 27
558, 17, 27
559, 17, 27
560, 17, 27
561, 17, 27
562, 17, 28
563, 17, 28
564, 17, 28
565, 17, 28
566, 17, 28
567, 17, 27
568, 17, 27
569, 17, 27
570, 17, 27
571, 17, 28
572, 17, 28
573, 17, 28
574, 17, 31
575, 17, 28
576, 17, 27
577, 17, 27
578, 17, 27
579, 17, 27
580, 17, 27
581, 17, 28
582, 17, 28
583, 17, 28
584, 17, 28
585, 17, 28
586, 17, 27
587, 17, 27
588, 17, 27
589, 17, 27
590, 17, 28
591, 17, 28
592, 17, 28
593, 17, 28
594, 17, 28
595, 17, 28
596, 17, 27
597, 17, 27
598, 17, 27
599, 17, 27
600, 17, 28
601, 17, 28
602, 17, 28
603, 17, 28
604, 17, 28
605, 17, 27
606, 17, 27
607, 17, 27
608, 17, 27
609, 17, 27
610, 17, 28
611, 17, 28
612, 17, 28
613, 17, 28
614, 17, 28
615, 17, 27
616, 17, 27
617, 17, 27
618, 17, 27
619, 17, 27
620, 17, 28
621, 17, 28
622, 17, 28
623, 17, 28
624, 17, 28
625, 17, 27
626, 17, 27
627, 17, 27
628, 17, 27
629, 17, 28
630, 17, 28
631, 17, 28
632, 17, 28
633, 17, 28
634, 17, 27
635, 17, 27
636, 17, 27
637, 17, 27
638, 17, 27
639, 17, 28
640, 17, 28
641, 17, 28
642, 17, 28
643, 17, 28
644, 17, 27
645, 17, 27
646, 17, 27
647, 17, 27
648, 17, 28
649, 17, 28
650, 17, 28
651, 17, 28
652, 17, 28
653, 17, 27
654, 17, 27
655, 17, 27
656, 17, 27
657, 17, 27
658, 17, 28
659, 17, 28
660, 17, 28
661, 17, 28
662, 17, 28
663, 17, 27
664, 17, 27
665, 17, 27
666, 17, 27
667, 17, 27
668, 17, 28
669, 17, 28
670, 17, 28
671, 17, 28
672, 17, 28
673, 17, 27
674, 17, 27
675, 17, 27
676, 17, 27
677, 17, 28
678, 17, 28
679, 17, 28
680, 17, 28
681, 17, 28
682, 17, 28
683, 17, 27
684, 17, 27
685, 17, 27
686, 17, 27
687, 17, 28
688, 17, 28
689, 17, 28
690, 17, 28
691, 17, 28
692, 17, 27
693, 17, 27
694, 17, 27
695, 17, 27
696, 17, 27
697, 17, 28
698, 17, 28
699, 17, 28
700, 17, 28
701, 17, 28
702, 17, 30
703, 17, 27
704, 17, 27
705, 17, 27
706, 17, 28
707, 17, 28
708, 17, 28
709, 17, 28
710, 17, 28
711, 17, 27
712, 17, 27
713, 17, 27
714, 17, 27
715, 17, 27
716, 17, 28
717, 17, 28
718, 17, 28
719, 17, 28
720, 17, 28
721, 17, 27
722, 17, 27
723, 17, 27
724, 17, 27
725, 17, 27
726, 17, 28
727, 17, 28
728, 17, 28
729, 17, 28
730, 17, 28
731, 17, 27
732, 17, 27
733, 17, 27
734, 17, 27
735, 17, 28
736, 17, 28
737, 17, 28
738, 17, 28
739, 17, 28
740, 17, 27
741, 17, 27
742, 17, 27
743, 17, 27
744, 17, 27
745, 17, 28
746, 17, 28
747, 17, 28
748, 17, 28
749, 17, 28
750, 17, 27
751, 17, 27
752, 17, 27
753, 17, 27
754, 17, 27
755, 17, 28
756, 17, 28
757, 17, 28
758, 17, 28
759, 17, 28
760, 17, 27
761, 17, 27
762, 17, 27
763, 17, 27
764, 17, 28
765, 17, 28
766, 17, 31
767, 17, 28
768, 17, 28
769, 17, 27
770, 17, 27
771, 17, 27
772, 17, 27
773, 17, 27
774, 17, 28
775, 17, 28
776, 17, 28
777, 17, 28
778, 17, 28
779, 17, 27
780, 17, 27
781, 17, 27
782, 17, 27
783, 17, 28
784, 17, 28
785, 17, 28
786, 17, 28
787, 17, 28
788, 17, 28
789, 17, 27
790, 17, 27
791, 17, 27
792, 17, 27
793, 17, 28
794, 17, 28
795, 17, 28
796, 17, 28
797, 17, 28
798, 17, 27
799, 17, 27
800, 17, 27
801, 17, 27
802, 17, 27
803, 17, 28
804, 17, 28
805, 17, 28
806, 17, 28
807, 17, 28
808, 17, 27
809, 17, 27
810, 17, 27
811, 17, 27
812, 17, 27
813, 17, 28
814, 17, 28
815, 17, 28
816, 17, 28
817, 17, 28
818, 17, 27
819, 17, 27
820, 17, 27
821, 17, 27
822, 17, 28
823, 17, 28
824, 17, 28
825, 17, 28
826, 17, 28
827, 17, 27
828, 17, 27
829, 17, 27
830, 17, 30
831, 17, 27
832, 17, 28
833, 17, 28
834, 17, 28
835, 17, 28
836, 17, 28
837, 17, 27
838, 17, 27
839, 17, 27
840, 17, 27
841, 17, 28
842, 17, 28
843, 17, 28
844, 17, 28
845, 17, 28
846, 17, 27
847, 17, 27
848, 17, 27
849, 17, 27
850, 17, 27
851, 17, 28
852, 17, 28
853, 17, 28
854, 17, 28
855, 17, 28
856, 17, 27
857, 17, 27
858, 17, 27
859, 17, 27
860, 17, 27
861, 17, 28
862, 17, 28
863, 17, 28
864, 17, 28
865, 17, 28
866, 17, 27
867, 17, 27
868, 17, 27
869, 17, 27
870, 17, 28
871, 17, 28
872, 17, 28
873, 17, 28
874, 17, 28
875, 17, 28
876, 17, 27
877, 17, 27
878, 17, 27
879, 17, 27
880, 17, 28
881, 17, 28
882, 17, 28
883, 17, 28
884, 17, 28
885, 17, 27
886, 17, 27
887, 17, 27
888, 17, 27
889, 17, 27
890, 17, 28
891, 17, 28
892, 17, 28
893, 17, 28
894, 17, 28
895, 17, 27
896, 17, 27
897, 17, 27
898, 17, 27
899, 17, 28
900, 17, 28
901, 17, 28
902, 17, 28
903, 17, 28
904, 17, 27
905, 17, 27
906, 17, 27
907, 17, 27
908, 17, 27
909, 17, 28
910, 17, 28
911, 17, 28
912, 17, 28
913, 17, 28
914, 17, 27
915, 17, 27
916, 17, 27
917, 17, 27
918, 17, 27
919, 17, 28
920, 17, 28
921, 17, 28
922, 17, 28
923, 17, 28
924, 17, 27
925, 17, 27
926, 17, 27
927, 17, 27
928, 17, 28
929, 17, 28
930, 17, 28
931, 17, 28
932, 17, 28
933, 17, 27
934, 17, 27
935, 17, 27
936, 17, 27
937, 17, 27
938, 17, 28
939, 17, 28
940, 17, 28
941, 17, 28
942, 17, 28
943, 17, 27
944, 17, 27
945, 17, 27
946, 17, 27
947, 17, 27
948, 17, 28
949, 17, 28
950, 17, 28
951, 17, 28
952, 17, 28
953, 17, 27
954, 17, 27
955, 17, 27
956, 17, 27
957, 17, 28
958, 17, 31
959, 17, 28
960, 17, 28
961, 17, 28
962, 17, 27
963, 17, 27
964, 17, 27
965, 17, 27
966, 17, 27
967, 17, 28
968, 17, 28
969, 17, 28
970, 17, 28
971, 17, 28
972, 17, 27
973, 17, 27
974, 17, 27
975, 17, 27
976, 17, 28
977, 17, 28
978, 17, 28
979, 17, 28
980, 17, 28
981, 17, 28
982, 17, 27
983, 17, 27
984, 17, 27
985, 17, 27
986, 17, 28
987, 17, 28
988, 17, 28
989, 17, 28
990, 17, 28
991, 17, 27
992, 17, 27
993, 17, 27
994, 17, 27
995, 17, 27
996, 17, 28
997, 17, 28
998, 17, 28
999, 17, 28
1000, 17, 28
1001, 17, 27
1002, 17, 27
1003, 17, 27
1004, 17, 27
1005, 17, 27
1006, 17, 28
1007, 17, 28
1008, 17, 28
1009, 17, 28
1010, 17, 28
1011, 17, 27
1012, 17, 27
1013, 17, 27
1014, 17, 27
1015, 17, 28
1016, 17, 28
1017, 17, 28
1018, 17, 28
1019, 17, 28
1020, 17, 27
1021, 17, 27
1022, 17, 27
1023, 17, 27
0, 18, 30
1, 18, 34
2, 18, 37
3, 18, 27
4, 18, 34
5, 18, 34
6, 18, 27
7, 18, 27
8, 18, 34
9, 18, 34
10, 18, 27
11, 18, 27
12, 18, 34
13, 18, 34
14, 18, 27
15, 18, 27
16, 18, 34
17, 18, 34
18, 18, 27
19, 18, 27
20, 18, 34
21, 18, 34
22, 18, 27
23, 18, 27
24, 18, 34
25, 18, 34
26, 18, 27
27, 18, 27
28, 18, 34
29, 18, 34
30, 18, 27
31, 18, 27
32, 18, 34
33, 18, 34
34, 18, 27
35, 18, 27
36, 18, 34
37, 18, 34
38, 18, 27
39, 18, 27
40, 18, 34
41, 18, 34
42, 18, 27
43, 18, 27
44, 18, 34
45, 18, 34
46, 18, 27
47, 18, 27
48, 18, 34
49, 18, 34
50, 18, 27
51, 18, 27
52, 18, 34
53, 18, 34
54, 18, 27
55, 18, 27
56, 18, 34
57, 18, 34
58, 18, 27
59, 18, 27
60, 18, 34
61, 18, 34
62, 18, 27
63, 18, 30
64, 18, 34
65, 18, 34
66, 18, 27
67, 18, 27
68, 18, 34
69, 18, 34
70, 18, 27
71, 18, 27
72, 18, 34
73, 18, 34
74, 18, 27
75, 18, 27
76, 18, 34
77, 18, 34
78, 18, 27
79, 18, 27
80, 18, 34
81, 18, 34
82, 18, 27
83, 18, 27
84, 18, 34
85, 18, 34
86, 18, 27
87, 18, 27
88, 18, 34
89, 18, 34
90, 18, 27
91, 18, 27
92, 18, 34
93, 18, 34
94, 18, 27
95, 18, 27
96, 18, 34
97, 18, 34
98, 18, 27
99, 18, 27
100, 18, 34
101, 18, 34
102, 18, 27
103, 18, 27
104, 18, 34
105, 18, 34
106, 18, 27
107, 18, 27
108, 18, 34
109, 18, 34
110, 18, 27
111, 18, 27
112, 18, 34
113, 18, 34
114, 18, 27
115, 18, 27
116, 18, 34
117, 18, 34
118, 18, 27
119, 18, 27
120, 18, 34
121, 18, 34
122, 18, 27
123, 18, 27
124, 18, 34
125, 18, 34
126, 18, 30
127, 18, 34
128, 18, 34
129, 18, 34
130, 18, 27
131, 18, 34
132, 18, 34
133, 18, 34
134, 18, 27
135, 18, 34
136, 18, 34
137, 18, 34
138, 18, 27
139, 18, 34
140, 18, 34
141, 18, 34
142, 18, 27
143, 18, 34
144, 18, 34
145, 18, 34
146, 18, 27
147, 18, 34
148, 18, 34
149, 18, 34
150, 18, 27
151, 18, 34
152, 18, 34
153, 18, 34
154, 18, 27
155, 18, 34
156, 18, 34
157, 18, 34
158, 18, 27
159, 18, 34
160, 18, 34
161, 18, 34
162, 18, 27
163, 18, 34
164, 18, 34
165, 18, 34
166, 18, 27
167, 18, 34
168, 18, 34
169, 18, 34
170, 18, 27
171, 18, 34
172, 18, 34
173, 18, 34
174, 18, 27
175, 18, 34
176, 18, 34
177, 18, 34
178, 18, 27
179, 18, 34
180, 18, 34
181, 18, 34
182, 18, 27
183, 18, 34
184, 18, 34
185, 18, 34
186, 18, 27
187, 18, 34
188, 18, 34
189, 18, 34
190, 18, 30
191, 18, 34
192, 18, 34
193, 18, 34
194, 18, 27
195, 18, 34
196, 18, 34
197, 18, 34
198, 18, 27
199, 18, 34
200, 18, 34
201, 18, 34
202, 18, 27
203, 18, 34
204, 18, 34
205, 18, 34
206, 18, 27
207, 18, 34
208, 18, 34
209, 18, 34
210, 18, 27
211, 18, 34
212, 18, 34
213, 18, 34
214, 18, 27
215, 18, 34
216, 18, 34
217, 18, 34
218, 18, 27
219, 18, 34
220, 18, 34
221, 18, 34
222, 18, 27
223, 18, 34
224, 18, 34
225, 18, 34
226, 18, 27
227, 18, 34
228, 18, 34
229, 18, 34
230, 18, 27
231, 18, 34
232, 18, 34
233, 18, 34
234, 18, 27
235, 18, 34
236, 18, 34
237, 18, 34
238, 18, 27
239, 18, 34
240, 18, 34
241, 18, 34
242, 18, 27
243, 18, 34
244, 18, 34
245, 18, 34
246, 18, 27
247, 18, 34
248, 18, 34
249, 18, 34
250, 18, 27
251, 18, 34
252, 18, 34
253, 18, 34
254, 18, 27
255, 18, 34
256, 18, 34
257, 18, 27
258, 18, 27
259, 18, 34
260, 18, 34
261, 18, 27
262, 18, 27
263, 18, 34
264, 18, 34
265, 18, 27
266, 18, 27
267, 18, 34
268, 18, 34
269, 18, 27
270, 18, 27
271, 18, 34
272, 18, 34
273, 18, 27
274, 18, 27
275, 18, 34
276, 18, 34
277, 18, 27
278, 18, 27
279, 18, 34
280, 18, 34
281, 18, 27
282, 18, 27
283, 18, 34
284, 18, 34
285, 18, 27
286, 18, 27
287, 18, 34
288, 18, 34
289, 18, 27
290, 18, 27
291, 18, 34
292, 18, 34
293, 18, 27
294, 18, 27
295, 18, 34
296, 18, 34
297, 18, 27
298, 18, 27
299, 18, 34
300, 18, 34
301, 18, 27
302, 18, 27
303, 18, 34
304, 18, 34
305, 18, 27
306, 18, 27
307, 18, 34
308, 18, 34
309, 18, 27
310, 18, 27
311, 18, 34
312, 18, 34
313, 18, 27
314, 18, 27
315, 18, 34
316, 18, 34
317, 18, 27
318, 18, 30
319, 18, 34
320, 18, 34
321, 18, 27
322, 18, 27
323, 18, 34
324, 18, 34
325, 18, 27
326, 18, 27
327, 18, 34
328, 18, 34
329, 18, 27
330, 18, 27
331, 18, 34
332, 18, 34
333, 18, 27
334, 18, 27
335, 18, 34
336, 18, 34
337, 18, 27
338, 18, 27
339, 18, 34
340, 18, 34
341, 18, 27
342, 18, 27
343, 18, 34
344, 18, 34
345, 18, 27
346, 18, 27
347, 18, 34
348, 18, 34
349, 18, 27
350, 18, 27
351, 18, 34
352, 18, 34
353, 18, 27
354, 18, 27
355, 18, 34
356, 18, 34
357, 18, 27
358, 18, 27
359, 18, 34
360, 18, 34
361, 18, 27
362, 18, 27
363, 18, 34
364, 18, 34
365, 18, 27
366, 18, 27
367, 18, 34
368, 18, 34
369, 18, 27
370, 18, 27
371, 18, 34
372, 18, 34
373, 18, 27
374, 18, 27
375, 18, 34
376, 18, 34
377, 18, 27
378, 18, 27
379, 18, 100
380, 18, 33
381, 18, 30
382, 18, 41
383, 18, 53
384, 18, 100
385, 18, 30
386, 18, 27
387, 18, 27
388, 18, 27
389, 18, 38
390, 18, 27
391, 18, 27
392, 18, 27
393, 18, 27
394, 18, 38
395, 18, 27
396, 18, 27
397, 18, 38
398, 18, 27
399, 18, 38
400, 18, 27
401, 18, 27
402, 18, 38
403, 18, 27
404, 18, 38
405, 18, 27
406, 18, 27
407, 18, 38
408, 18, 27
409, 18, 38
410, 18, 27
411, 18, 27
412, 18, 38
413, 18, 27
414, 18, 38
415, 18, 27
416, 18, 27
417, 18, 38
418, 18, 27
419, 18, 27
420, 18, 27
421, 18, 27
422, 18, 38
423, 18, 27
424, 18, 27
425, 18, 27
426, 18, 27
427, 18, 38
428, 18, 27
429, 18, 27
430, 18, 27
431, 18, 27
432, 18, 38
433, 18, 27
434, 18, 27
435, 18, 27
436, 18, 27
437, 18, 38
438, 18, 27
439, 18, 27
440, 18, 38
441, 18, 27
442, 18, 38
443, 18, 27
444, 18, 27
445, 18, 38
446, 18, 30
447, 18, 38
448, 18, 27
449, 18, 27
450, 18, 38
451, 18, 27
452, 18, 27
453, 18, 27
454, 18, 27
455, 18, 38
456, 18, 27
457, 18, 27
458, 18, 27
459, 18, 27
460, 18, 38
461, 18, 27
462, 18, 27
463, 18, 27
464, 18, 27
465, 18, 38
466, 18, 27
467, 18, 27
468, 18, 27
469, 18, 27
470, 18, 38
471, 18, 27
472, 18, 27
473, 18, 27
474, 18, 27
475, 18, 27
476, 18, 38
477, 18, 27
478, 18, 27
479, 18, 27
480, 18, 27
481, 18, 38
482, 18, 27
483, 18, 27
484, 18, 27
485, 18, 27
486, 18, 38
487, 18, 27
488, 18, 27
489, 18, 38
490, 18, 27
491, 18, 38
492, 18, 27
493, 18, 27
494, 18, 38
495, 18, 27
496, 18, 38
497, 18, 27
498, 18, 27
499, 18, 38
500, 18, 27
501, 18, 38
502, 18, 27
503, 18, 27
504, 18, 38
505, 18, 27
506, 18, 38
507, 18, 27
508, 18, 27
509, 18, 38
510, 18, 30
511, 18, 27
512, 18, 27
513, 18, 27
514, 18, 38
515, 18, 27
516, 18, 27
517, 18, 27
518, 18, 27
519, 18, 38
520, 18, 27
521, 18, 27
522, 18, 27
523, 18, 27
524, 18, 38
525, 18, 27
526, 18, 27
527, 18, 38
528, 18, 27
529, 18, 38
530, 18, 27
531, 18, 27
532, 18, 38
533, 18, 27
534, 18, 38
535, 18, 27
536, 18, 27
537, 18, 38
538, 18, 27
539, 18, 38
540, 18, 27
541, 18, 27
542, 18, 38
543, 18, 27
544, 18, 27
545, 18, 27
546, 18, 27
547, 18, 38
548, 18, 27
549, 18, 27
550, 18, 27
551, 18, 27
552, 18, 38
553, 18, 27
554, 18, 27
555, 18, 27
556, 18, 27
557, 18, 38
558, 18, 27
559, 18, 27
560, 18, 27
561, 18, 27
562, 18, 38
563, 18, 27
564, 18, 27
565, 18, 27
566, 18, 27
567, 18, 38
568, 18, 27
569, 18, 27
570, 18, 38
571, 18, 27
572, 18, 38
573, 18, 27
574, 18, 30
575, 18, 38
576, 18, 27
577, 18, 38
578, 18, 27
579, 18, 27
580, 18, 38
581, 18, 27
582, 18, 27
583, 18, 27
584, 18, 27
585, 18, 38
586, 18, 27
587, 18, 27
588, 18, 27
589, 18, 27
590, 18, 38
591, 18, 27
592, 18, 27
593, 18, 27
594, 18, 27
595, 18, 38
596, 18, 27
597, 18, 27
598, 18, 27
599, 18, 27
600, 18, 38
601, 18, 27
602, 18, 27
603, 18, 38
604, 18, 27
605, 18, 38
606, 18, 27
607, 18, 27
608, 18, 38
609, 18, 27
610, 18, 38
611, 18, 27
612, 18, 27
613, 18, 38
614, 18, 27
615, 18, 38
616, 18, 27
617, 18, 27
618, 18, 38
619, 18, 27
620, 18, 38
621, 18, 27
622, 18, 27
623, 18, 38
624, 18, 27
625, 18, 27
626, 18, 27
627, 18, 27
628, 18, 38
629, 18, 27
630, 18, 27
631, 18, 27
632, 18, 27
633, 18, 38
634, 18, 27
635, 18, 27
636, 18, 27
637, 18, 27
638, 18, 41
639, 18, 27
640, 18, 27
641, 18, 38
642, 18, 27
643, 18, 38
644, 18, 27
645, 18, 27
646, 18, 38
647, 18, 27
648, 18, 38
649, 18, 27
650, 18, 27
651, 18, 38
652, 18, 27
653, 18, 38
654, 18, 27
655, 18, 27
656, 18, 38
657, 18, 27
658, 18, 27
659, 18, 27
660, 18, 27
661, 18, 38
662, 18, 27
663, 18, 27
664, 18, 27
665, 18, 27
666, 18, 38
667, 18, 27
668, 18, 27
669, 18, 27
670, 18, 27
671, 18, 38
672, 18, 27
673, 18, 27
674, 18, 27
675, 18, 27
676, 18, 38
677, 18, 27
678, 18, 27
679, 18, 27
680, 18, 27
681, 18, 38
682, 18, 27
683, 18, 27
684, 18, 38
685, 18, 27
686, 18, 38
687, 18, 27
688, 18, 27
689, 18, 38
690, 18, 27
691, 18, 38
692, 18, 27
693, 18, 27
694, 18, 38
695, 18, 27
696, 18, 38
697, 18, 27
698, 18, 27
699, 18, 38
700, 18, 27
701, 18, 27
702, 18, 27
703, 18, 27
704, 18, 38
705, 18, 27
706, 18, 27
707, 18, 27
708, 18, 27
709, 18, 38
710, 18, 27
711, 18, 27
712, 18, 27
713, 18, 27
714, 18, 38
715, 18, 27
716, 18, 27
717, 18, 38
718, 18, 27
719, 18, 38
720, 18, 27
721, 18, 27
722, 18, 38
723, 18, 27
724, 18, 38
725, 18, 27
726, 18, 27
727, 18, 38
728, 18, 27
729, 18, 38
730, 18, 27
731, 18, 27
732, 18, 38
733, 18, 27
734, 18, 38
735, 18, 27
736, 18, 27
737, 18, 38
738, 18, 27
739, 18, 27
740, 18, 27
741, 18, 27
742, 18, 38
743, 18, 27
744, 18, 27
745, 18, 27
746, 18, 27
747, 18, 38
748, 18, 27
749, 18, 27
750, 18, 27
751, 18, 27
752, 18, 38
753, 18, 27
754, 18, 27
755, 18, 27
756, 18, 27
757, 18, 38
758, 18, 27
759, 18, 27
760, 18, 38
761, 18, 27
762, 18, 38
763, 18, 27
764, 18, 27
765, 18, 38
766, 18, 30
767, 18, 38
768, 18, 27
769, 18, 27
770, 18, 38
771, 18, 27
772, 18, 27
773, 18, 27
774, 18, 27
775, 18, 38
776, 18, 27
777, 18, 27
778, 18, 27
779, 18, 27
780, 18, 38
781, 18, 27
782, 18, 27
783, 18, 27
784, 18, 27
785, 18, 38
786, 18, 27
787, 18, 27
788, 18, 27
789, 18, 27
790, 18, 38
791, 18, 27
792, 18, 27
793, 18, 27
794, 18, 27
795, 18, 38
796, 18, 27
797, 18, 27
798, 18, 38
799, 18, 27
800, 18, 38
801, 18, 27
802, 18, 27
803, 18, 38
804, 18, 27
805, 18, 38
806, 18, 27
807, 18, 27
808, 18, 38
809, 18, 27
810, 18, 38
811, 18, 27
812, 18, 27
813, 18, 38
814, 18, 27
815, 18, 27
816, 18, 27
817, 18, 27
818, 18, 38
819, 18, 27
820, 18, 27
821, 18, 27
822, 18, 27
823, 18, 38
824, 18, 27
825, 18, 27
826, 18, 27
827, 18, 27
828, 18, 38
829, 18, 27
830, 18, 30
831, 18, 38
832, 18, 27
833, 18, 38
834, 18, 27
835, 18, 27
836, 18, 38
837, 18, 27
838, 18, 38
839, 18, 27
840, 18, 27
841, 18, 38
842, 18, 27
843, 18, 38
844, 18, 27
845, 18, 27
846, 18, 38
847, 18, 27
848, 18, 38
849, 18, 27
850, 18, 27
851, 18, 38
852, 18, 27
853, 18, 27
854, 18, 27
855, 18, 27
856, 18, 38
857, 18, 27
858, 18, 27
859, 18, 27
860, 18, 27
861, 18, 38
862, 18, 27
863, 18, 27
864, 18, 27
865, 18, 27
866, 18, 38
867, 18, 27
868, 18, 27
869, 18, 27
870, 18, 27
871, 18, 38
872, 18, 27
873, 18, 27
874, 18, 38
875, 18, 27
876, 18, 38
877, 18, 27
878, 18, 27
879, 18, 38
880, 18, 27
881, 18, 38
882, 18, 27
883, 18, 27
884, 18, 38
885, 18, 27
886, 18, 38
887, 18, 27
888, 18, 27
889, 18, 38
890, 18, 27
891, 18, 27
892, 18, 27
893, 18, 27
894, 18, 41
895, 18, 27
896, 18, 27
897, 18, 27
898, 18, 27
899, 18, 38
900, 18, 27
901, 18, 27
902, 18, 27
903, 18, 27
904, 18, 38
905, 18, 27
906, 18, 27
907, 18, 27
908, 18, 27
909, 18, 38
910, 18, 27
911, 18, 27
912, 18, 38
913, 18, 27
914, 18, 38
915, 18, 27
916, 18, 27
917, 18, 38
918, 18, 27
919, 18, 38
920, 18, 27
921, 18, 27
922, 18, 38
923, 18, 27
924, 18, 38
925, 18, 27
926, 18, 27
927, 18, 38
928, 18, 27
929, 18, 27
930, 18, 27
931, 18, 27
932, 18, 38
933, 18, 27
934, 18, 27
935, 18, 27
936, 18, 27
937, 18, 38
938, 18, 27
939, 18, 27
940, 18, 27
941, 18, 27
942, 18, 38
943, 18, 27
944, 18, 27
945, 18, 27
946, 18, 27
947, 18, 38
948, 18, 27
949, 18, 27
950, 18, 38
951, 18, 27
952, 18, 38
953, 18, 27
954, 18, 27
955, 18, 38
956, 18, 27
957, 18, 38
958, 18, 27
959, 18, 27
960, 18, 38
961, 18, 27
962, 18, 38
963, 18, 27
964, 18, 27
965, 18, 38
966, 18, 27
967, 18, 27
968, 18, 27
969, 18, 27
970, 18, 38
971, 18, 27
972, 18, 27
973, 18, 27
974, 18, 27
975, 18, 38
976, 18, 27
977, 18, 27
978, 18, 27
979, 18, 27
980, 18, 38
981, 18, 27
982, 18, 27
983, 18, 27
984, 18, 27
985, 18, 38
986, 18, 27
987, 18, 27
988, 18, 38
989, 18, 27
990, 18, 38
991, 18, 27
992, 18, 27
993, 18, 38
994, 18, 27
995, 18, 38
996, 18, 27
997, 18, 27
998, 18, 38
999, 18, 27
1000, 18, 38
1001, 18, 27
1002, 18, 27
1003, 18, 38
1004, 18, 27
1005, 18, 27
1006, 18, 27
1007, 18, 27
1008, 18, 38
1009, 18, 27
1010, 18, 27
1011, 18, 27
1012, 18, 27
1013, 18, 38
1014, 18, 27
1015, 18, 27
1016, 18, 27
1017, 18, 27
1018, 18, 38
1019, 18, 27
1020, 18, 27
1021, 18, 27
1022, 18, 27
1023, 18, 38
0, 19, 100
1, 19, 30
2, 19, 33
3, 19, 41
4, 19, 27
5, 19, 38
6, 19, 86
7, 19, 27
8, 19, 100
9, 19, 27
10, 19, 38
11, 19, 27
12, 19, 27
13, 19, 27
14, 19, 27
15, 19, 38
16, 19, 27
17, 19, 27
18, 19, 38
19, 19, 27
20, 19, 38
21, 19, 27
22, 19, 27
23, 19, 38
24, 19, 27
25, 19, 38
26, 19, 27
27, 19, 27
28, 19, 38
29, 19, 27
30, 19, 38
31, 19, 27
32, 19, 27
33, 19, 38
34, 19, 27
35, 19, 27
36, 19, 27
37, 19, 27
38, 19, 38
39, 19, 27
40, 19, 27
41, 19, 27
42, 19, 27
43, 19, 38
44, 19, 27
45, 19, 27
46, 19, 27
47, 19, 27
48, 19, 38
49, 19, 27
50, 19, 27
51, 19, 27
52, 19, 27
53, 19, 38
54, 19, 27
55, 19, 27
56, 19, 38
57, 19, 27
58, 19, 38
59, 19, 27
60, 19, 27
61, 19, 38
62, 19, 27
63, 19, 30
64, 19, 27
65, 19, 27
66, 19, 38
67, 19, 27
68, 19, 27
69, 19, 27
70, 19, 27
71, 19, 38
72, 19, 27
73, 19, 27
74, 19, 27
75, 19, 27
76, 19, 38
77, 19, 27
78, 19, 27
79, 19, 38
80, 19, 27
81, 19, 38
82, 19, 27
83, 19, 27
84, 19, 38
85, 19, 27
86, 19, 38
87, 19, 27
88, 19, 27
89, 19, 38
90, 19, 27
91, 19, 38
92, 19, 27
93, 19, 27
94, 19, 38
95, 19, 27
96, 19, 27
97, 19, 27
98, 19, 27
99, 19, 38
100, 19, 27
101, 19, 27
102, 19, 27
103, 19, 27
104, 19, 38
105, 19, 27
106, 19, 27
107, 19, 27
108, 19, 27
109, 19, 38
110, 19, 27
111, 19, 27
112, 19, 27
113, 19, 27
114, 19, 38
115, 19, 27
116, 19, 27
117, 19, 27
118, 19, 27
119, 19, 38
120, 19, 27
121, 19, 27
122, 19, 38
123, 19, 27
124, 19, 38
125, 19, 27
126, 19, 30
127, 19, 38
128, 19, 27
129, 19, 38
130, 19, 27
131, 19, 27
132, 19, 38
133, 19, 27
134, 19, 27
135, 19, 27
136, 19, 27
137, 19, 38
138, 19, 27
139, 19, 27
140, 19, 27
141, 19, 27
142, 19, 38
143, 19, 27
144, 19, 27
145, 19, 27
146, 19, 27
147, 19, 38
148, 19, 27
149, 19, 27
150, 19, 27
151, 19, 27
152, 19, 38
153, 19, 27
154, 19, 27
155, 19, 38
156, 19, 27
157, 19, 38
158, 19, 27
159, 19, 27
160, 19, 38
161, 19, 27
162, 19, 38
163, 19, 27
164, 19, 27
165, 19, 38
166, 19, 27
167, 19, 38
168, 19, 27
169, 19, 27
170, 19, 38
171, 19, 27
172, 19, 38
173, 19, 27
174, 19, 27
175, 19, 38
176, 19, 27
177, 19, 27
178, 19, 27
179, 19, 27
180, 19, 38
181, 19, 27
182, 19, 27
183, 19, 27
184, 19, 27
185, 19, 38
186, 19, 27
187, 19, 27
188, 19, 27
189, 19, 27
190, 19, 41
191, 19, 27
192, 19, 27
193, 19, 38
194, 19, 27
195, 19, 38
196, 19, 27
197, 19, 27
198, 19, 38
199, 19, 27
200, 19, 38
201, 19, 27
202, 19, 27
203, 19, 38
204, 19, 27
205, 19, 38
206, 19, 27
207, 19, 27
208, 19, 38
209, 19, 27
210, 19, 27
211, 19, 27
212, 19, 27
213, 19, 38
214, 19, 27
215, 19, 27
216, 19, 27
217, 19, 27
218, 19, 38
219, 19, 27
220, 19, 27
221, 19, 27
222, 19, 27
223, 19, 38
224, 19, 27
225, 19, 27
226, 19, 27
227, 19, 27
228, 19, 38
229, 19, 27
230, 19, 27
231, 19, 27
232, 19, 27
233, 19, 38
234, 19, 27
235, 19, 27
236, 19, 38
237, 19, 27
238, 19, 38
239, 19, 27
240, 19, 27
241, 19, 38
242, 19, 27
243, 19, 38
244, 19, 27
245, 19, 27
246, 19, 38
247, 19, 27
248, 19, 38
249, 19, 27
250, 19, 27
251, 19, 38
252, 19, 27
253, 19, 27
254, 19, 27
255, 19, 27
256, 19, 38
257, 19, 27
258, 19, 27
259, 19, 27
260, 19, 27
261, 19, 38
262, 19, 27
263, 19, 27
264, 19, 27
265, 19, 27
266, 19, 38
267, 19, 27
268, 19, 27
269, 19, 38
270, 19, 27
271, 19, 38
272, 19, 27
273, 19, 27
274, 19, 38
275, 19, 27
276, 19, 38
277, 19, 27
278, 19, 27
279, 19, 38
280, 19, 27
281, 19, 38
282, 19, 27
283, 19, 27
284, 19, 38
285, 19, 27
286, 19, 38
287, 19, 27
288, 19, 27
289, 19, 38
290, 19, 27
291, 19, 27
292, 19, 27
293, 19, 27
294, 19, 38
295, 19, 27
296, 19, 27
297, 19, 27
298, 19, 27
299, 19, 38
300, 19, 27
301, 19, 27
302, 19, 27
303, 19, 27
304, 19, 38
305, 19, 27
306, 19, 27
307, 19, 27
308, 19, 27
309, 19, 38
310, 19, 27
311, 19, 27
312, 19, 38
313, 19, 27
314, 19, 38
315, 19, 27
316, 19, 27
317, 19, 38
318, 19, 30
319, 19, 38
320, 19, 27
321, 19, 27
322, 19, 38
323, 19, 27
324, 19, 27
325, 19, 27
326, 19, 27
327, 19, 38
328, 19, 27
329, 19, 27
330, 19, 27
331, 19, 27
332, 19, 38
333, 19, 27
334, 19, 27
335, 19, 27
336, 19, 27
337, 19, 38
338, 19, 27
339, 19, 27
340, 19, 27
341, 19, 27
342, 19, 38
343, 19, 27
344, 19, 27
345, 19, 27
346, 19, 27
347, 19, 38
348, 19, 27
349, 19, 27
350, 19, 38
351, 19, 27
352, 19, 38
353, 19, 27
354, 19, 27
355, 19, 38
356, 19, 27
357, 19, 38
358, 19, 27
359, 19, 27
360, 19, 38
361, 19, 27
362, 19, 38
363, 19, 27
364, 19, 27
365, 19, 38
366, 19, 27
367, 19, 27
368, 19, 27
369, 19, 27
370, 19, 38
371, 19, 27
372, 19, 27
373, 19, 27
374, 19, 27
375, 19, 38
376, 19, 27
377, 19, 27
378, 19, 27
379, 19, 27
380, 19, 38
381, 19, 27
382, 19, 30
383, 19, 38
384, 19, 27
385, 19, 38
386, 19, 27
387, 19, 27
388, 19, 38
389, 19, 27
390, 19, 38
391, 19, 27
392, 19, 27
393, 19, 38
394, 19, 27
395, 19, 38
396, 19, 27
397, 19, 27
398, 19, 38
399, 19, 27
400, 19, 38
401, 19, 27
402, 19, 27
403, 19, 38
404, 19, 27
405, 19, 27
406, 19, 27
407, 19, 27
408, 19, 38
409, 19, 27
410, 19, 27
411, 19, 27
412, 19, 27
413, 19, 38
414, 19, 27
415, 19, 27
416, 19, 27
417, 19, 27
418, 19, 38
419, 19, 27
420, 19, 27
421, 19, 27
422, 19, 27
423, 19, 38
424, 19, 27
425, 19, 27
426, 19, 38
427, 19, 27
428, 19, 38
429, 19, 27
430, 19, 27
431, 19, 38
432, 19, 27
433, 19, 38
434, 19, 27
435, 19, 27
436, 19, 38
437, 19, 27
438, 19, 38
439, 19, 27
440, 19, 27
441, 19, 38
442, 19, 27
443, 19, 27
444, 19, 27
445, 19, 27
446, 19, 41
447, 19, 27
448, 19, 27
449, 19, 27
450, 19, 27
451, 19, 38
452, 19, 27
453, 19, 27
454, 19, 27
455, 19, 27
456, 19, 38
457, 19, 27
458, 19, 27
459, 19, 27
460, 19, 27
461, 19, 38
462, 19, 27
463, 19, 27
464, 19, 38
465, 19, 27
466, 19, 38
467, 19, 27
468, 19, 27
469, 19, 38
470, 19, 27
471, 19, 38
472, 19, 27
473, 19, 27
474, 19, 38
475, 19, 27
476, 19, 27
477, 19, 38
478, 19, 27
479, 19, 27
480, 19, 27
481, 19, 27
482, 19, 38
483, 19, 27
484, 19, 27
485, 19, 27
486, 19, 27
487, 19, 38
488, 19, 27
489, 19, 27
490, 19, 38
491, 19, 27
492, 19, 38
493, 19, 27
494, 19, 27
495, 19, 38
496, 19, 27
497, 19, 38
498, 19, 27
499, 19, 27
500, 19, 38
501, 19, 27
502, 19, 38
503, 19, 27
504, 19, 27
505, 19, 38
506, 19, 27
507, 19, 27
508, 19, 27
509, 19, 27
510, 19, 41
511, 19, 27
512, 19, 27
513, 19, 27
514, 19, 27
515, 19, 38
516, 19, 27
517, 19, 27
518, 19, 27
519, 19, 27
520, 19, 38
521, 19, 27
522, 19, 27
523, 19, 38
524, 19, 27
525, 19, 38
526, 19, 27
527, 19, 27
528, 19, 38
529, 19, 27
530, 19, 38
531, 19, 27
532, 19, 27
533, 19, 38
534, 19, 27
535, 19, 38
536, 19, 27
537, 19, 27
538, 19, 38
539, 19, 27
540, 19, 38
541, 19, 27
542, 19, 27
543, 19, 38
544, 19, 27
545, 19, 27
546, 19, 27
547, 19, 27
548, 19, 38
549, 19, 27
550, 19, 27
551, 19, 27
552, 19, 27
553, 19, 38
554, 19, 27
555, 19, 27
556, 19, 27
557, 19, 27
558, 19, 38
559, 19, 27
560, 19, 27
561, 19, 27
562, 19, 27
563, 19, 38
564, 19, 27
565, 19, 27
566, 19, 38
567, 19, 27
568, 19, 38
569, 19, 27
570, 19, 27
571, 19, 38
572, 19, 27
573, 19, 38
574, 19, 30
575, 19, 27
576, 19, 38
577, 19, 27
578, 19, 27
579, 19, 27
580, 19, 27
581, 19, 38
582, 19, 27
583, 19, 27
584, 19, 27
585, 19, 27
586, 19, 38
587, 19, 27
588, 19, 27
589, 19, 27
590, 19, 27
591, 19, 38
592, 19, 27
593, 19, 27
594, 19, 27
595, 19, 27
596, 19, 38
597, 19, 27
598, 19, 27
599, 19, 27
600, 19, 27
601, 19, 38
602, 19, 27
603, 19, 27
604, 19, 38
605, 19, 27
606, 19, 38
607, 19, 27
608, 19, 27
609, 19, 38
610, 19, 27
611, 19, 38
612, 19, 27
613, 19, 27
614, 19, 38
615, 19, 27
616, 19, 38
617, 19, 27
618, 19, 27
619, 19, 38
620, 19, 27
621, 19, 27
622, 19, 27
623, 19, 27
624, 19, 38
625, 19, 27
626, 19, 27
627, 19, 27
628, 19, 27
629, 19, 38
630, 19, 27
631, 19, 27
632, 19, 27
633, 19, 27
634, 19, 38
635, 19, 27
636, 19, 27
637, 19, 27
638, 19, 27
639, 19, 38
640, 19, 27
641, 19, 27
642, 19, 38
643, 19, 27
644, 19, 38
645, 19, 27
646, 19, 27
647, 19, 38
648, 19, 27
649, 19, 38
650, 19, 27
651, 19, 27
652, 19, 38
653, 19, 27
654, 19, 38
655, 19, 27
656, 19, 27
657, 19, 38
658, 19, 27
659, 19, 27
660, 19, 27
661, 19, 27
662, 19, 38
663, 19, 27
664, 19, 27
665, 19, 27
666, 19, 27
667, 19, 38
668, 19, 27
669, 19, 27
670, 19, 27
671, 19, 27
672, 19, 38
673, 19, 27
674, 19, 27
675, 19, 27
676, 19, 27
677, 19, 38
678, 19, 27
679, 19, 27
680, 19, 38
681, 19, 27
682, 19, 38
683, 19, 27
684, 19, 27
685, 19, 38
686, 19, 27
687, 19, 38
688, 19, 27
689, 19, 27
690, 19, 38
691, 19, 27
692, 19, 38
693, 19, 27
694, 19, 27
695, 19, 38
696, 19, 27
697, 19, 27
698, 19, 27
699, 19, 27
700, 19, 38
701, 19, 27
702, 19, 30
703, 19, 27
704, 19, 27
705, 19, 38
706, 19, 27
707, 19, 27
708, 19, 27
709, 19, 27
710, 19, 38
711, 19, 27
712, 19, 27
713, 19, 27
714, 19, 27
715, 19, 38
716, 19, 27
717, 19, 27
718, 19, 38
719, 19, 27
720, 19, 38
721, 19, 27
722, 19, 27
723, 19, 38
724, 19, 27
725, 19, 38
726, 19, 27
727, 19, 27
728, 19, 38
729, 19, 27
730, 19, 38
731, 19, 27
732, 19, 27
733, 19, 38
734, 19, 27
735, 19, 27
736, 19, 27
737, 19, 27
738, 19, 38
739, 19, 27
740, 19, 27
741, 19, 27
742, 19, 27
743, 19, 38
744, 19, 27
745, 19, 27
746, 19, 27
747, 19, 27
748, 19, 38
749, 19, 27
750, 19, 27
751, 19, 27
752, 19, 27
753, 19, 38
754, 19, 27
755, 19, 27
756, 19, 38
757, 19, 27
758, 19, 38
759, 19, 27
760, 19, 27
761, 19, 38
762, 19, 27
763, 19, 38
764, 19, 27
765, 19, 27
766, 19, 41
767, 19, 27
768, 19, 38
769, 19, 27
770, 19, 27
771, 19, 38
772, 19, 27
773, 19, 27
774, 19, 27
775, 19, 27
776, 19, 38
777, 19, 27
778, 19, 27
779, 19, 27
780, 19, 27
781, 19, 38
782, 19, 27
783, 19, 27
784, 19, 27
785, 19, 27
786, 19, 38
787, 19, 27
788, 19, 27
789, 19, 27
790, 19, 27
791, 19, 38
792, 19, 27
793, 19, 27
794, 19, 38
795, 19, 27
796, 19, 38
797, 19, 27
798, 19, 27
799, 19, 38
800, 19, 27
801, 19, 38
802, 19, 27
803, 19, 27
804, 19, 38
805, 19, 27
806, 19, 38
807, 19, 27
808, 19, 27
809, 19, 38
810, 19, 27
811, 19, 27
812, 19, 27
813, 19, 27
814, 19, 38
815, 19, 27
816, 19, 27
817, 19, 27
818, 19, 27
819, 19, 38
820, 19, 27
821, 19, 27
822, 19, 27
823, 19, 27
824, 19, 38
825, 19, 27
826, 19, 27
827, 19, 27
828, 19, 27
829, 19, 38
830, 19, 30
831, 19, 27
832, 19, 38
833, 19, 27
834, 19, 38
835, 19, 27
836, 19, 27
837, 19, 38
838, 19, 27
839, 19, 38
840, 19, 27
841, 19, 27
842, 19, 38
843, 19, 27
844, 19, 38
845, 19, 27
846, 19, 27
847, 19, 38
848, 19, 27
849, 19, 27
850, 19, 27
851, 19, 27
852, 19, 38
853, 19, 27
854, 19, 27
855, 19, 27
856, 19, 27
857, 19, 38
858, 19, 27
859, 19, 27
860, 19, 27
861, 19, 27
862, 19, 38
863, 19, 27
864, 19, 27
865, 19, 27
866, 19, 27
867, 19, 38
868, 19, 27
869, 19, 27
870, 19, 38
871, 19, 27
872, 19, 38
873, 19, 27
874, 19, 27
875, 19, 38
876, 19, 27
877, 19, 38
878, 19, 27
879, 19, 27
880, 19, 38
881, 19, 27
882, 19, 38
883, 19, 27
884, 19, 27
885, 19, 38
886, 19, 27
887, 19, 38
888, 19, 27
889, 19, 27
890, 19, 38
891, 19, 27
892, 19, 27
893, 19, 27
894, 19, 27
895, 19, 38
896, 19, 27
897, 19, 27
898, 19, 27
899, 19, 27
900, 19, 38
901, 19, 27
902, 19, 27
903, 19, 27
904, 19, 27
905, 19, 38
906, 19, 27
907, 19, 27
908, 19, 38
909, 19, 27
910, 19, 38
911, 19, 27
912, 19, 27
913, 19, 38
914, 19, 27
915, 19, 38
916, 19, 27
917, 19, 27
918, 19, 38
919, 19, 27
920, 19, 38
921, 19, 27
922, 19, 27
923, 19, 38
924, 19, 27
925, 19, 27
926, 19, 27
927, 19, 27
928, 19, 38
929, 19, 27
930, 19, 27
931, 19, 27
932, 19, 27
933, 19, 38
934, 19, 27
935, 19, 27
936, 19, 27
937, 19, 27
938, 19, 38
939, 19, 27
940, 19, 27
941, 19, 27
942, 19, 27
943, 19, 38
944, 19, 27
945, 19, 27
946, 19, 27
947, 19, 27
948, 19, 38
949, 19, 27
950, 19, 27
951, 19, 38
952, 19, 27
953, 19, 38
954, 19, 27
955, 19, 27
956, 19, 38
957, 19, 27
958, 19, 41
959, 19, 27
960, 19, 27
961, 19, 38
962, 19, 27
963, 19, 27
964, 19, 27
965, 19, 27
966, 19, 38
967, 19, 27
968, 19, 27
969, 19, 27
970, 19, 27
971, 19, 38
972, 19, 27
973, 19, 27
974, 19, 27
975, 19, 27
976, 19, 38
977, 19, 27
978, 19, 27
979, 19, 27
980, 19, 27
981, 19, 38
982, 19, 27
983, 19, 27
984, 19, 38
985, 19, 27
986, 19, 38
987, 19, 27
988, 19, 27
989, 19, 38
990, 19, 27
991, 19, 38
992, 19, 27
993, 19, 27
994, 19, 38
995, 19, 27
996, 19, 38
997, 19, 27
998, 19, 27
999, 19, 38
1000, 19, 27
1001, 19, 38
1002, 19, 27
1003, 19, 27
1004, 19, 38
1005, 19, 27
1006, 19, 27
1007, 19, 27
1008, 19, 27
1009, 19, 38
1010, 19, 27
1011, 19, 27
1012, 19, 27
1013, 19, 27
1014, 19, 38
1015, 19, 27
1016, 19, 27
1017, 19, 27
1018, 19, 27
1019, 19, 38
1020, 19, 27
1021, 19, 27
1022, 19, 27
1023, 19, 27
0, 20, 32
1, 20, 34
2, 20, 32
3, 20, 34
4, 20, 29
5, 20, 29
6, 20, 31
7, 20, 29
8, 20, 29
9, 20, 31
10, 20, 29
11, 20, 29
12, 20, 31
13, 20, 29
14, 20, 29
15, 20, 29
16, 20, 29
17, 20, 29
18, 20, 29
19, 20, 29
20, 20, 29
21, 20, 29
22, 20, 29
23, 20, 29
24, 20, 29
25, 20, 29
26, 20, 29
27, 20, 29
28, 20, 29
29, 20, 29
30, 20, 29
31, 20, 29
32, 20, 29
33, 20, 29
34, 20, 29
35, 20, 31
36, 20, 29
37, 20, 29
38, 20, 31
39, 20, 29
40, 20, 29
41, 20, 31
42, 20, 29
43, 20, 29
44, 20, 31
45, 20, 29
46, 20, 29
47, 20, 29
48, 20, 29
49, 20, 29
50, 20, 29
51, 20, 29
52, 20, 29
53, 20, 29
54, 20, 29
55, 20, 29
56, 20, 29
57, 20, 29
58, 20, 29
59, 20, 29
60, 20, 29
61, 20, 29
62, 20, 38
63, 20, 31
64, 20, 29
65, 20, 29
66, 20, 29
67, 20, 29
68, 20, 29
69, 20, 29
70, 20, 29
71, 20, 29
72, 20, 29
73, 20, 29
74, 20, 29
75, 20, 29
76, 20, 29
77, 20, 29
78, 20, 29
79, 20, 29
80, 20, 29
81, 20, 29
82, 20, 29
83, 20, 29
84, 20, 29
85, 20, 29
86, 20, 31
87, 20, 29
88, 20, 29
89, 20, 31
90, 20, 29
91, 20, 29
92, 20, 31
93, 20, 29
94, 20, 29
95, 20, 31
96, 20, 29
97, 20, 29
98, 20, 29
99, 20, 29
100, 20, 29
101, 20, 29
102, 20, 29
103, 20, 29
104, 20, 29
105, 20, 29
106, 20, 29
107, 20, 29
108, 20, 29
109, 20, 29
110, 20, 29
111, 20, 29
112, 20, 29
113, 20, 29
114, 20, 29
115, 20, 29
116, 20, 29
117, 20, 29
118, 20, 31
119, 20, 29
120, 20, 29
121, 20, 31
122, 20, 29
123, 20, 29
124, 20, 31
125, 20, 29
126, 20, 29
127, 20, 29
128, 20, 29
129, 20, 29
130, 20, 29
131, 20, 29
132, 20, 29
133, 20, 29
134, 20, 29
135, 20, 29
136, 20, 29
137, 20, 29
138, 20, 29
139, 20, 29
140, 20, 29
141, 20, 31
142, 20, 29
143, 20, 29
144, 20, 31
145, 20, 29
146, 20, 29
147, 20, 31
148, 20, 29
149, 20, 29
150, 20, 31
151, 20, 29
152, 20, 29
153, 20, 29
154, 20, 29
155, 20, 29
156, 20, 29
157, 20, 29
158, 20, 29
159, 20, 29
160, 20, 29
161, 20, 29
162, 20, 29
163, 20, 29
164, 20, 29
165, 20, 29
166, 20, 29
167, 20, 29
168, 20, 29
169, 20, 29
170, 20, 29
171, 20, 29
172, 20, 29
173, 20, 31
174, 20, 29
175, 20, 29
176, 20, 31
177, 20, 29
178, 20, 29
179, 20, 31
180, 20, 29
181, 20, 29
182, 20, 31
183, 20, 29
184, 20, 29
185, 20, 29
186, 20, 29
187, 20, 29
188, 20, 29
189, 20, 29
190, 20, 32
191, 20, 29
192, 20, 29
193, 20, 29
194, 20, 29
195, 20, 29
196, 20, 31
197, 20, 29
198, 20, 29
199, 20, 31
200, 20, 29
201, 20, 29
202, 20, 31
203, 20, 29
204, 20, 29
205, 20, 31
206, 20, 29
207, 20, 29
208, 20, 29
209, 20, 29
210, 20, 29
211, 20, 29
212, 20, 29
213, 20, 29
214, 20, 29
215, 20, 29
216, 20, 29
217, 20, 29
218, 20, 29
219, 20, 29
220, 20, 29
221, 20, 29
222, 20, 29
223, 20, 29
224, 20, 29
225, 20, 29
226, 20, 29
227, 20, 29
228, 20, 31
229, 20, 29
230, 20, 29
231, 20, 31
232, 20, 29
233, 20, 29
234, 20, 31
235, 20, 29
236, 20, 29
237, 20, 31
238, 20, 29
239, 20, 29
240, 20, 29
241, 20, 29
242, 20, 29
243, 20, 29
244, 20, 29
245, 20, 29
246, 20, 29
247, 20, 29
248, 20, 29
249, 20, 29
250, 20, 29
251, 20, 29
252, 20, 29
253, 20, 29
254, 20, 34
255, 20, 29
256, 20, 29
257, 20, 31
258, 20, 29
259, 20, 29
260, 20, 31
261, 20, 29
262, 20, 29
263, 20, 29
264, 20, 29
265, 20, 29
266, 20, 29
267, 20, 29
268, 20, 29
269, 20, 29
270, 20, 29
271, 20, 29
272, 20, 29
273, 20, 29
274, 20, 29
275, 20, 29
276, 20, 29
277, 20, 29
278, 20, 29
279, 20, 29
280, 20, 29
281, 20, 29
282, 20, 29
283, 20, 31
284, 20, 29
285, 20, 29
286, 20, 31
287, 20, 29
288, 20, 29
289, 20, 31
290, 20, 29
291, 20, 29
292, 20, 31
293, 20, 29
294, 20, 29
295, 20, 29
296, 20, 29
297, 20, 29
298, 20, 29
299, 20, 29
300, 20, 29
301, 20, 29
302, 20, 29
303, 20, 29
304, 20, 29
305, 20, 29
306, 20, 29
307, 20, 29
308, 20, 29
309, 20, 29
310, 20, 29
311, 20, 29
312, 20, 29
313, 20, 29
314, 20, 29
315, 20, 31
316, 20, 29
317, 20, 29
318, 20, 34
319, 20, 29
320, 20, 29
321, 20, 29
322, 20, 29
323, 20, 29
324, 20, 29
325, 20, 29
326, 20, 29
327, 20, 29
328, 20, 29
329, 20, 29
330, 20, 29
331, 20, 29
332, 20, 29
333, 20, 29
334, 20, 29
335, 20, 29
336, 20, 29
337, 20, 29
338, 20, 31
339, 20, 29
340, 20, 29
341, 20, 31
342, 20, 29
343, 20, 29
344, 20, 31
345, 20, 29
346, 20, 29
347, 20, 31
348, 20, 29
349, 20, 29
350, 20, 29
351, 20, 29
352, 20, 29
353, 20, 29
354, 20, 29
355, 20, 29
356, 20, 29
357, 20, 29
358, 20, 29
359, 20, 29
360, 20, 29
361, 20, 29
362, 20, 29
363, 20, 29
364, 20, 29
365, 20, 29
366, 20, 29
367, 20, 29
368, 20, 29
369, 20, 29
370, 20, 31
371, 20, 29
372, 20, 29
373, 20, 31
374, 20, 29
375, 20, 29
376, 20, 31
377, 20, 29
378, 20, 29
379, 20, 31
380, 20, 29
381, 20, 29
382, 20, 29
383, 20, 29
384, 20, 29
385, 20, 29
386, 20, 29
387, 20, 29
388, 20, 29
389, 20, 29
390, 20, 29
391, 20, 29
392, 20, 29
393, 20, 31
394, 20, 29
395, 20, 29
396, 20, 31
397, 20, 29
398, 20, 29
399, 20, 31
400, 20, 29
401, 20, 29
402, 20, 31
403, 20, 29
404, 20, 29
405, 20, 29
406, 20, 29
407, 20, 29
408, 20, 29
409, 20, 29
410, 20, 29
411, 20, 29
412, 20, 29
413, 20, 29
414, 20, 29
415, 20, 29
416, 20, 29
417, 20, 29
418, 20, 29
419, 20, 29
420, 20, 29
421, 20, 29
422, 20, 29
423, 20, 29
424, 20, 29
425, 20, 31
426, 20, 29
427, 20, 29
428, 20, 31
429, 20, 29
430, 20, 29
431, 20, 31
432, 20, 29
433, 20, 29
434, 20, 31
435, 20, 29
436, 20, 29
437, 20, 29
438, 20, 29
439, 20, 29
440, 20, 29
441, 20, 29
442, 20, 29
443, 20, 29
444, 20, 29
445, 20, 29
446, 20, 32
447, 20, 29
448, 20, 31
449, 20, 29
450, 20, 29
451, 20, 31
452, 20, 29
453, 20, 29
454, 20, 31
455, 20, 29
456, 20, 29
457, 20, 31
458, 20, 29
459, 20, 29
460, 20, 29
461, 20, 29
462, 20, 29
463, 20, 29
464, 20, 29
465, 20, 29
466, 20, 29
467, 20, 29
468, 20, 29
469, 20, 29
470, 20, 29
471, 20, 29
472, 20, 29
473, 20, 29
474, 20, 29
475, 20, 29
476, 20, 29
477, 20, 29
478, 20, 29
479, 20, 31
480, 20, 29
481, 20, 29
482, 20, 31
483, 20, 29
484, 20, 29
485, 20, 31
486, 20, 29
487, 20, 29
488, 20, 31
489, 20, 29
490, 20, 29
491, 20, 29
492, 20, 29
493, 20, 29
494, 20, 29
495, 20, 29
496, 20, 29
497, 20, 29
498, 20, 29
499, 20, 29
500, 20, 29
501, 20, 29
502, 20, 29
503, 20, 29
504, 20, 29
505, 20, 29
506, 20, 29
507, 20, 29
508, 20, 29
509, 20, 29
510, 20, 32
511, 20, 31
512, 20, 29
513, 20, 29
514, 20, 29
515, 20, 29
516, 20, 29
517, 20, 29
518, 20, 29
519, 20, 29
520, 20, 29
521, 20, 29
522, 20, 29
523, 20, 29
524, 20, 29
525, 20, 29
526, 20, 29
527, 20, 29
528, 20, 29
529, 20, 29
530, 20, 29
531, 20, 29
532, 20, 29
533, 20, 29
534, 20, 31
535, 20, 29
536, 20, 29
537, 20, 31
538, 20, 29
539, 20, 29
540, 20, 31
541, 20, 29
542, 20, 29
543, 20, 31
544, 20, 29
545, 20, 29
546, 20, 29
547, 20, 29
548, 20, 29
549, 20, 29
550, 20, 29
551, 20, 29
552, 20, 29
553, 20, 29
554, 20, 29
555, 20, 29
556, 20, 29
557, 20, 29
558, 20, 29
559, 20, 29
560, 20, 29
561, 20, 29
562, 20, 29
563, 20, 29
564, 20, 29
565, 20, 29
566, 20, 31
567, 20, 29
568, 20, 29
569, 20, 31
570, 20, 29
571, 20, 29
572, 20, 31
573, 20, 29
574, 20, 29
575, 20, 29
576, 20, 29
577, 20, 29
578, 20, 29
579, 20, 29
580, 20, 29
581, 20, 29
582, 20, 29
583, 20, 29
584, 20, 29
585, 20, 29
586, 20, 29
587, 20, 29
588, 20, 29
589, 20, 31
590, 20, 29
591, 20, 29
592, 20, 31
593, 20, 29
594, 20, 29
595, 20, 31
596, 20, 29
597, 20, 29
598, 20, 31
599, 20, 29
600, 20, 29
601, 20, 29
602, 20, 29
603, 20, 29
604, 20, 29
605, 20, 29
606, 20, 29
607, 20, 29
608, 20, 29
609, 20, 29
610, 20, 29
611, 20, 29
612, 20, 29
613, 20, 29
614, 20, 29
615, 20, 29
616, 20, 29
617, 20, 29
618, 20, 29
619, 20, 29
620, 20, 29
621, 20, 31
622, 20, 29
623, 20, 29
624, 20, 31
625, 20, 29
626, 20, 29
627, 20, 31
628, 20, 29
629, 20, 29
630, 20, 31
631, 20, 29
632, 20, 29
633, 20, 29
634, 20, 29
635, 20, 29
636, 20, 29
637, 20, 29
638, 20, 32
639, 20, 29
640, 20, 29
641, 20, 29
642, 20, 29
643, 20, 29
644, 20, 31
645, 20, 29
646, 20, 29
647, 20, 31
648, 20, 29
649, 20, 29
650, 20, 31
651, 20, 29
652, 20, 29
653, 20, 31
654, 20, 29
655, 20, 29
656, 20, 29
657, 20, 29
658, 20, 29
659, 20, 29
660, 20, 29
661, 20, 29
662, 20, 29
663, 20, 29
664, 20, 29
665, 20, 29
666, 20, 29
667, 20, 29
668, 20, 29
669, 20, 29
670, 20, 29
671, 20, 29
672, 20, 29
673, 20, 29
674, 20, 29
675, 20, 29
676, 20, 31
677, 20, 29
678, 20, 29
679, 20, 31
680, 20, 29
681, 20, 29
682, 20, 31
683, 20, 29
684, 20, 29
685, 20, 31
686, 20, 29
687, 20, 29
688, 20, 29
689, 20, 29
690, 20, 29
691, 20, 29
692, 20, 29
693, 20, 29
694, 20, 29
695, 20, 29
696, 20, 29
697, 20, 29
698, 20, 29
699, 20, 29
700, 20, 29
701, 20, 29
702, 20, 34
703, 20, 29
704, 20, 29
705, 20, 31
706, 20, 29
707, 20, 29
708, 20, 31
709, 20, 29
710, 20, 29
711, 20, 29
712, 20, 29
713, 20, 29
714, 20, 29
715, 20, 29
716, 20, 29
717, 20, 29
718, 20, 29
719, 20, 29
720, 20, 29
721, 20, 29
722, 20, 29
723, 20, 29
724, 20, 29
725, 20, 29
726, 20, 29
727, 20, 29
728, 20, 29
729, 20, 29
730, 20, 29
731, 20, 31
732, 20, 29
733, 20, 29
734, 20, 31
735, 20, 29
736, 20, 29
737, 20, 31
738, 20, 29
739, 20, 29
740, 20, 31
741, 20, 29
742, 20, 29
743, 20, 29
744, 20, 29
745, 20, 29
746, 20, 29
747, 20, 29
748, 20, 29
749, 20, 29
750, 20, 29
751, 20, 29
752, 20, 29
753, 20, 29
754, 20, 29
755, 20, 29
756, 20, 29
757, 20, 29
758, 20, 29
759, 20, 29
760, 20, 29
761, 20, 29
762, 20, 29
763, 20, 31
764, 20, 29
765, 20, 29
766, 20, 34
767, 20, 29
768, 20, 29
769, 20, 29
770, 20, 29
771, 20, 29
772, 20, 29
773, 20, 29
774, 20, 29
775, 20, 29
776, 20, 29
777, 20, 29
778, 20, 29
779, 20, 29
780, 20, 29
781, 20, 29
782, 20, 29
783, 20, 29
784, 20, 29
785, 20, 29
786, 20, 31
787, 20, 29
788, 20, 29
789, 20, 31
790, 20, 29
791, 20, 29
792, 20, 31
793, 20, 29
794, 20, 29
795, 20, 31
796, 20, 29
797, 20, 29
798, 20, 29
799, 20, 29
800, 20, 29
801, 20, 29
802, 20, 29
803, 20, 29
804, 20, 29
805, 20, 29
806, 20, 29
807, 20, 29
808, 20, 29
809, 20, 29
810, 20, 29
811, 20, 29
812, 20, 29
813, 20, 29
814, 20, 29
815, 20, 29
816, 20, 29
817, 20, 29
818, 20, 31
819, 20, 29
820, 20, 29
821, 20, 31
822, 20, 29
823, 20, 29
824, 20, 31
825, 20, 29
826, 20, 29
827, 20, 31
828, 20, 29
829, 20, 29
830, 20, 29
831, 20, 29
832, 20, 29
833, 20, 29
834, 20, 29
835, 20, 29
836, 20, 29
837, 20, 29
838, 20, 29
839, 20, 29
840, 20, 29
841, 20, 31
842, 20, 29
843, 20, 29
844, 20, 31
845, 20, 29
846, 20, 29
847, 20, 31
848, 20, 29
849, 20, 29
850, 20, 31
851, 20, 29
852, 20, 29
853, 20, 29
854, 20, 29
855, 20, 29
856, 20, 29
857, 20, 29
858, 20, 29
859, 20, 29
860, 20, 29
861, 20, 29
862, 20, 29
863, 20, 29
864, 20, 29
865, 20, 29
866, 20, 29
867, 20, 29
868, 20, 29
869, 20, 29
870, 20, 29
871, 20, 29
872, 20, 29
873, 20, 31
874, 20, 29
875, 20, 29
876, 20, 31
877, 20, 29
878, 20, 29
879, 20, 31
880, 20, 29
881, 20, 29
882, 20, 31
883, 20, 29
884, 20, 29
885, 20, 29
886, 20, 29
887, 20, 29
888, 20, 29
889, 20, 29
890, 20, 29
891, 20, 29
892, 20, 29
893, 20, 29
894, 20, 32
895, 20, 29
896, 20, 31
897, 20, 29
898, 20, 29
899, 20, 31
900, 20, 29
901, 20, 29
902, 20, 31
903, 20, 29
904, 20, 29
905, 20, 31
906, 20, 29
907, 20, 29
908, 20, 29
909, 20, 29
910, 20, 29
911, 20, 29
912, 20, 29
913, 20, 29
914, 20, 29
915, 20, 29
916, 20, 29
917, 20, 29
918, 20, 29
919, 20, 29
920, 20, 29
921, 20, 29
922, 20, 29
923, 20, 29
924, 20, 29
925, 20, 29
926, 20, 29
927, 20, 29
928, 20, 31
929, 20, 29
930, 20, 29
931, 20, 31
932, 20, 29
933, 20, 29
934, 20, 31
935, 20, 29
936, 20, 29
937, 20, 31
938, 20, 29
939, 20, 29
940, 20, 29
941, 20, 29
942, 20, 29
943, 20, 29
944, 20, 29
945, 20, 29
946, 20, 29
947, 20, 29
948, 20, 29
949, 20, 29
950, 20, 29
951, 20, 29
952, 20, 29
953, 20, 29
954, 20, 29
955, 20, 29
956, 20, 29
957, 20, 29
958, 20, 32
959, 20, 29
960, 20, 31
961, 20, 29
962, 20, 29
963, 20, 29
964, 20, 29
965, 20, 29
966, 20, 29
967, 20, 29
968, 20, 29
969, 20, 29
970, 20, 29
971, 20, 29
972, 20, 29
973, 20, 29
974, 20, 29
975, 20, 29
976, 20, 29
977, 20, 29
978, 20, 29
979, 20, 29
980, 20, 29
981, 20, 29
982, 20, 29
983, 20, 31
984, 20, 29
985, 20, 29
986, 20, 31
987, 20, 29
988, 20, 29
989, 20, 31
990, 20, 29
991, 20, 29
992, 20, 31
993, 20, 29
994, 20, 29
995, 20, 29
996, 20, 29
997, 20, 29
998, 20, 29
999, 20, 29
1000, 20, 29
1001, 20, 29
1002, 20, 29
1003, 20, 29
1004, 20, 29
1005, 20, 29
1006, 20, 29
1007, 20, 29
1008, 20, 29
1009, 20, 29
1010, 20, 29
1011, 20, 29
1012, 20, 29
1013, 20, 29
1014, 20, 29
1015, 20, 31
1016, 20, 29
1017, 20, 29
1018, 20, 31
1019, 20, 29
1020, 20, 29
1021, 20, 31
1022, 20, 29
1023, 20, 29
0, 21, 100
1, 21, 35
2, 21, 32
3, 21, 35
4, 21, 37
5, 21, 32
6, 21, 93
7, 21, 32
8, 21, 32
9, 21, 32
10, 21, 32
11, 21, 32
12, 21, 37
13, 21, 32
14, 21, 32
15, 21, 37
16, 21, 32
17, 21, 32
18, 21, 37
19, 21, 32
20, 21, 32
21, 21, 37
22, 21, 32
23, 21, 32
24, 21, 37
25, 21, 32
26, 21, 32
27, 21, 37
28, 21, 32
29, 21, 32
30, 21, 37
31, 21, 32
32, 21, 32
33, 21, 37
34, 21, 32
35, 21, 32
36, 21, 32
37, 21, 32
38, 21, 32
39, 21, 32
40, 21, 37
41, 21, 32
42, 21, 32
43, 21, 37
44, 21, 32
45, 21, 32
46, 21, 37
47, 21, 32
48, 21, 32
49, 21, 37
50, 21, 32
51, 21, 32
52, 21, 37
53, 21, 32
54, 21, 32
55, 21, 37
56, 21, 32
57, 21, 32
58, 21, 37
59, 21, 32
60, 21, 32
61, 21, 37
62, 21, 40
63, 21, 32
64, 21, 32
65, 21, 37
66, 21, 32
67, 21, 32
68, 21, 37
69, 21, 32
70, 21, 32
71, 21, 37
72, 21, 32
73, 21, 32
74, 21, 32
75, 21, 32
76, 21, 32
77, 21, 32
78, 21, 37
79, 21, 32
80, 21, 32
81, 21, 37
82, 21, 32
83, 21, 32
84, 21, 37
85, 21, 32
86, 21, 32
87, 21, 37
88, 21, 32
89, 21, 32
90, 21, 37
91, 21, 32
92, 21, 32
93, 21, 37
94, 21, 32
95, 21, 32
96, 21, 37
97, 21, 32
98, 21, 32
99, 21, 37
100, 21, 32
101, 21, 32
102, 21, 32
103, 21, 32
104, 21, 32
105, 21, 32
106, 21, 37
107, 21, 32
108, 21, 32
109, 21, 37
110, 21, 32
111, 21, 32
112, 21, 37
113, 21, 32
114, 21, 32
115, 21, 37
116, 21, 32
117, 21, 32
118, 21, 37
119, 21, 32
120, 21, 32
121, 21, 37
122, 21, 32
123, 21, 32
124, 21, 37
125, 21, 32
126, 21, 32
127, 21, 32
128, 21, 37
129, 21, 32
130, 21, 32
131, 21, 37
132, 21, 32
133, 21, 32
134, 21, 37
135, 21, 32
136, 21, 32
137, 21, 37
138, 21, 32
139, 21, 32
140, 21, 37
141, 21, 32
142, 21, 32
143, 21, 37
144, 21, 32
145, 21, 32
146, 21, 37
147, 21, 32
148, 21, 32
149, 21, 32
150, 21, 32
151, 21, 32
152, 21, 32
153, 21, 37
154, 21, 32
155, 21, 32
156, 21, 37
157, 21, 32
158, 21, 32
159, 21, 37
160, 21, 32
161, 21, 32
162, 21, 37
163, 21, 32
164, 21, 32
165, 21, 37
166, 21, 32
167, 21, 32
168, 21, 37
169, 21, 32
170, 21, 32
171, 21, 37
172, 21, 32
173, 21, 32
174, 21, 37
175, 21, 32
176, 21, 32
177, 21, 32
178, 21, 32
179, 21, 32
180, 21, 32
181, 21, 37
182, 21, 32
183, 21, 32
184, 21, 37
185, 21, 32
186, 21, 32
187, 21, 37
188, 21, 32
189, 21, 32
190, 21, 40
191, 21, 32
192, 21, 32
193, 21, 37
194, 21, 32
195, 21, 32
196, 21, 32
197, 21, 32
198, 21, 32
199, 21, 32
200, 21, 37
201, 21, 32
202, 21, 32
203, 21, 37
204, 21, 32
205, 21, 32
206, 21, 37
207, 21, 32
208, 21, 32
209, 21, 37
210, 21, 32
211, 21, 32
212, 21, 37
213, 21, 32
214, 21, 32
215, 21, 37
216, 21, 32
217, 21, 32
218, 21, 37
219, 21, 32
220, 21, 32
221, 21, 37
222, 21, 32
223, 21, 32
224, 21, 32
225, 21, 32
226, 21, 32
227, 21, 32
228, 21, 37
229, 21, 32
230, 21, 32
231, 21, 37
232, 21, 32
233, 21, 32
234, 21, 37
235, 21, 32
236, 21, 32
237, 21, 37
238, 21, 32
239, 21, 32
240, 21, 37
241, 21, 32
242, 21, 32
243, 21, 37
244, 21, 32
245, 21, 32
246, 21, 37
247, 21, 32
248, 21, 32
249, 21, 37
250, 21, 32
251, 21, 32
252, 21, 32
253, 21, 32
254, 21, 35
255, 21, 32
256, 21, 37
257, 21, 32
258, 21, 32
259, 21, 37
260, 21, 32
261, 21, 32
262, 21, 37
263, 21, 32
264, 21, 32
265, 21, 37
266, 21, 32
267, 21, 32
268, 21, 37
269, 21, 32
270, 21, 32
271, 21, 32
272, 21, 32
273, 21, 32
274, 21, 32
275, 21, 37
276, 21, 32
277, 21, 32
278, 21, 37
279, 21, 32
280, 21, 32
281, 21, 37
282, 21, 32
283, 21, 32
284, 21, 37
285, 21, 32
286, 21, 32
287, 21, 37
288, 21, 32
289, 21, 32
290, 21, 37
291, 21, 32
292, 21, 32
293, 21, 37
294, 21, 32
295, 21, 32
296, 21, 37
297, 21, 32
298, 21, 32
299, 21, 32
300, 21, 32
301, 21, 32
302, 21, 32
303, 21, 37
304, 21, 32
305, 21, 32
306, 21, 37
307, 21, 32
308, 21, 32
309, 21, 37
310, 21, 32
311, 21, 32
312, 21, 37
313, 21, 32
314, 21, 32
315, 21, 37
316, 21, 32
317, 21, 32
318, 21, 40
319, 21, 32
320, 21, 32
321, 21, 32
322, 21, 37
323, 21, 32
324, 21, 32
325, 21, 37
326, 21, 32
327, 21, 32
328, 21, 37
329, 21, 32
330, 21, 32
331, 21, 37
332, 21, 32
333, 21, 32
334, 21, 37
335, 21, 32
336, 21, 32
337, 21, 37
338, 21, 32
339, 21, 32
340, 21, 37
341, 21, 32
342, 21, 32
343, 21, 37
344, 21, 32
345, 21, 32
346, 21, 32
347, 21, 32
348, 21, 32
349, 21, 32
350, 21, 37
351, 21, 32
352, 21, 32
353, 21, 37
354, 21, 32
355, 21, 32
356, 21, 37
357, 21, 32
358, 21, 32
359, 21, 37
360, 21, 32
361, 21, 32
362, 21, 37
363, 21, 32
364, 21, 32
365, 21, 37
366, 21, 32
367, 21, 32
368, 21, 37
369, 21, 32
370, 21, 32
371, 21, 37
372, 21, 32
373, 21, 32
374, 21, 32
375, 21, 32
376, 21, 32
377, 21, 32
378, 21, 37
379, 21, 32
380, 21, 32
381, 21, 37
382, 21, 32
383, 21, 32
384, 21, 37
385, 21, 32
386, 21, 32
387, 21, 37
388, 21, 32
389, 21, 32
390, 21, 37
391, 21, 32
392, 21, 32
393, 21, 32
394, 21, 32
395, 21, 32
396, 21, 32
397, 21, 37
398, 21, 32
399, 21, 32
400, 21, 37
401, 21, 32
402, 21, 32
403, 21, 37
404, 21, 32
405, 21, 32
406, 21, 37
407, 21, 32
408, 21, 32
409, 21, 37
410, 21, 32
411, 21, 32
412, 21, 37
413, 21, 32
414, 21, 32
415, 21, 37
416, 21, 32
417, 21, 32
418, 21, 37
419, 21, 32
420, 21, 32
421, 21, 32
422, 21, 32
423, 21, 32
424, 21, 32
425, 21, 37
426, 21, 32
427, 21, 32
428, 21, 37
429, 21, 32
430, 21, 32
431, 21, 37
432, 21, 32
433, 21, 32
434, 21, 37
435, 21, 32
436, 21, 32
437, 21, 37
438, 21, 32
439, 21, 32
440, 21, 37
441, 21, 32
442, 21, 32
443, 21, 37
444, 21, 32
445, 21, 32
446, 21, 40
447, 21, 37
448, 21, 32
449, 21, 32
450, 21, 37
451, 21, 32
452, 21, 32
453, 21, 37
454, 21, 32
455, 21, 32
456, 21, 37
457, 21, 32
458, 21, 32
459, 21, 37
460, 21, 32
461, 21, 32
462, 21, 37
463, 21, 32
464, 21, 32
465, 21, 37
466, 21, 32
467, 21, 32
468, 21, 32
469, 21, 32
470, 21, 32
471, 21, 32
472, 21, 37
473, 21, 32
474, 21, 32
475, 21, 37
476, 21, 32
477, 21, 32
478, 21, 37
479, 21, 32
480, 21, 32
481, 21, 37
482, 21, 32
483, 21, 32
484, 21, 37
485, 21, 32
486, 21, 32
487, 21, 37
488, 21, 32
489, 21, 32
490, 21, 37
491, 21, 32
492, 21, 32
493, 21, 37
494, 21, 32
495, 21, 32
496, 21, 32
497, 21, 32
498, 21, 32
499, 21, 32
500, 21, 37
501, 21, 32
502, 21, 32
503, 21, 37
504, 21, 32
505, 21, 32
506, 21, 37
507, 21, 32
508, 21, 32
509, 21, 37
510, 21, 35
511, 21, 32
512, 21, 37
513, 21, 32
514, 21, 32
515, 21, 32
516, 21, 32
517, 21, 32
518, 21, 32
519, 21, 37
520, 21, 32
521, 21, 32
522, 21, 37
523, 21, 32
524, 21, 32
525, 21, 37
526, 21, 32
527, 21, 32
528, 21, 37
529, 21, 32
530, 21, 32
531, 21, 37
532, 21, 32
533, 21, 32
534, 21, 37
535, 21, 32
536, 21, 32
537, 21, 37
538, 21, 32
539, 21, 32
540, 21, 37
541, 21, 32
542, 21, 32
543, 21, 32
544, 21, 32
545, 21, 32
546, 21, 32
547, 21, 37
548, 21, 32
549, 21, 32
550, 21, 37
551, 21, 32
552, 21, 32
553, 21, 37
554, 21, 32
555, 21, 32
556, 21, 37
557, 21, 32
558, 21, 32
559, 21, 37
560, 21, 32
561, 21, 32
562, 21, 37
563, 21, 32
564, 21, 32
565, 21, 37
566, 21, 32
567, 21, 32
568, 21, 37
569, 21, 32
570, 21, 32
571, 21, 32
572, 21, 32
573, 21, 32
574, 21, 35
575, 21, 37
576, 21, 32
577, 21, 32
578, 21, 37
579, 21, 32
580, 21, 32
581, 21, 37
582, 21, 32
583, 21, 32
584, 21, 37
585, 21, 32
586, 21, 32
587, 21, 37
588, 21, 32
589, 21, 32
590, 21, 32
591, 21, 32
592, 21, 32
593, 21, 32
594, 21, 37
595, 21, 32
596, 21, 32
597, 21, 37
598, 21, 32
599, 21, 32
600, 21, 37
601, 21, 32
602, 21, 32
603, 21, 37
604, 21, 32
605, 21, 32
606, 21, 37
607, 21, 32
608, 21, 32
609, 21, 37
610, 21, 32
611, 21, 32
612, 21, 37
613, 21, 32
614, 21, 32
615, 21, 37
616, 21, 32
617, 21, 32
618, 21, 32
619, 21, 32
620, 21, 32
621, 21, 32
622, 21, 37
623, 21, 32
624, 21, 32
625, 21, 37
626, 21, 32
627, 21, 32
628, 21, 37
629, 21, 32
630, 21, 32
631, 21, 37
632, 21, 32
633, 21, 32
634, 21, 37
635, 21, 32
636, 21, 32
637, 21, 37
638, 21, 32
639, 21, 32
640, 21, 32
641, 21, 37
642, 21, 32
643, 21, 32
644, 21, 37
645, 21, 32
646, 21, 32
647, 21, 37
648, 21, 32
649, 21, 32
650, 21, 37
651, 21, 32
652, 21, 32
653, 21, 37
654, 21, 32
655, 21, 32
656, 21, 37
657, 21, 32
658, 21, 32
659, 21, 37
660, 21, 32
661, 21, 32
662, 21, 37
663, 21, 32
664, 21, 32
665, 21, 32
666, 21, 32
667, 21, 32
668, 21, 32
669, 21, 37
670, 21, 32
671, 21, 32
672, 21, 37
673, 21, 32
674, 21, 32
675, 21, 37
676, 21, 32
677, 21, 32
678, 21, 37
679, 21, 32
680, 21, 32
681, 21, 37
682, 21, 32
683, 21, 32
684, 21, 37
685, 21, 32
686, 21, 32
687, 21, 37
688, 21, 32
689, 21, 32
690, 21, 37
691, 21, 32
692, 21, 32
693, 21, 32
694, 21, 32
695, 21, 32
696, 21, 32
697, 21, 37
698, 21, 32
699, 21, 32
700, 21, 37
701, 21, 32
702, 21, 35
703, 21, 37
704, 21, 32
705, 21, 32
706, 21, 37
707, 21, 32
708, 21, 32
709, 21, 37
710, 21, 32
711, 21, 32
712, 21, 32
713, 21, 32
714, 21, 32
715, 21, 32
716, 21, 37
717, 21, 32
718, 21, 32
719, 21, 37
720, 21, 32
721, 21, 32
722, 21, 37
723, 21, 32
724, 21, 32
725, 21, 37
726, 21, 32
727, 21, 32
728, 21, 37
729, 21, 32
730, 21, 32
731, 21, 37
732, 21, 32
733, 21, 32
734, 21, 37
735, 21, 32
736, 21, 32
737, 21, 37
738, 21, 32
739, 21, 32
740, 21, 32
741, 21, 32
742, 21, 32
743, 21, 32
744, 21, 37
745, 21, 32
746, 21, 32
747, 21, 37
748, 21, 32
749, 21, 32
750, 21, 37
751, 21, 32
752, 21, 32
753, 21, 37
754, 21, 32
755, 21, 32
756, 21, 37
757, 21, 32
758, 21, 32
759, 21, 37
760, 21, 32
761, 21, 32
762, 21, 37
763, 21, 32
764, 21, 32
765, 21, 37
766, 21, 40
767, 21, 32
768, 21, 32
769, 21, 37
770, 21, 32
771, 21, 32
772, 21, 37
773, 21, 32
774, 21, 32
775, 21, 37
776, 21, 32
777, 21, 32
778, 21, 37
779, 21, 32
780, 21, 32
781, 21, 37
782, 21, 32
783, 21, 32
784, 21, 37
785, 21, 32
786, 21, 32
787, 21, 32
788, 21, 32
789, 21, 32
790, 21, 32
791, 21, 37
792, 21, 32
793, 21, 32
794, 21, 37
795, 21, 32
796, 21, 32
797, 21, 37
798, 21, 32
799, 21, 32
800, 21, 37
801, 21, 32
802, 21, 32
803, 21, 37
804, 21, 32
805, 21, 32
806, 21, 37
807, 21, 32
808, 21, 32
809, 21, 37
810, 21, 32
811, 21, 32
812, 21, 37
813, 21, 32
814, 21, 32
815, 21, 32
816, 21, 32
817, 21, 32
818, 21, 32
819, 21, 37
820, 21, 32
821, 21, 32
822, 21, 37
823, 21, 32
824, 21, 32
825, 21, 37
826, 21, 32
827, 21, 32
828, 21, 37
829, 21, 32
830, 21, 35
831, 21, 37
832, 21, 32
833, 21, 32
834, 21, 32
835, 21, 32
836, 21, 32
837, 21, 32
838, 21, 37
839, 21, 32
840, 21, 32
841, 21, 37
842, 21, 32
843, 21, 32
844, 21, 37
845, 21, 32
846, 21, 32
847, 21, 37
848, 21, 32
849, 21, 32
850, 21, 37
851, 21, 32
852, 21, 32
853, 21, 37
854, 21, 32
855, 21, 32
856, 21, 37
857, 21, 32
858, 21, 32
859, 21, 37
860, 21, 32
861, 21, 32
862, 21, 32
863, 21, 32
864, 21, 32
865, 21, 32
866, 21, 37
867, 21, 32
868, 21, 32
869, 21, 37
870, 21, 32
871, 21, 32
872, 21, 37
873, 21, 32
874, 21, 32
875, 21, 37
876, 21, 32
877, 21, 32
878, 21, 37
879, 21, 32
880, 21, 32
881, 21, 37
882, 21, 32
883, 21, 32
884, 21, 37
885, 21, 32
886, 21, 32
887, 21, 37
888, 21, 32
889, 21, 32
890, 21, 32
891, 21, 32
892, 21, 32
893, 21, 32
894, 21, 37
895, 21, 32
896, 21, 32
897, 21, 37
898, 21, 32
899, 21, 32
900, 21, 37
901, 21, 32
902, 21, 32
903, 21, 37
904, 21, 32
905, 21, 32
906, 21, 37
907, 21, 32
908, 21, 32
909, 21, 32
910, 21, 32
911, 21, 32
912, 21, 32
913, 21, 37
914, 21, 32
915, 21, 32
916, 21, 37
917, 21, 32
918, 21, 32
919, 21, 37
920, 21, 32
921, 21, 32
922, 21, 37
923, 21, 32
924, 21, 32
925, 21, 37
926, 21, 32
927, 21, 32
928, 21, 37
929, 21, 32
930, 21, 32
931, 21, 37
932, 21, 32
933, 21, 32
934, 21, 37
935, 21, 32
936, 21, 32
937, 21, 32
938, 21, 32
939, 21, 32
940, 21, 32
941, 21, 37
942, 21, 32
943, 21, 32
944, 21, 37
945, 21, 32
946, 21, 32
947, 21, 37
948, 21, 32
949, 21, 32
950, 21, 37
951, 21, 32
952, 21, 32
953, 21, 37
954, 21, 32
955, 21, 32
956, 21, 37
957, 21, 32
958, 21, 35
959, 21, 32
960, 21, 37
961, 21, 32
962, 21, 32
963, 21, 37
964, 21, 32
965, 21, 32
966, 21, 37
967, 21, 32
968, 21, 32
969, 21, 37
970, 21, 32
971, 21, 32
972, 21, 37
973, 21, 32
974, 21, 32
975, 21, 37
976, 21, 32
977, 21, 32
978, 21, 37
979, 21, 32
980, 21, 32
981, 21, 37
982, 21, 32
983, 21, 32
984, 21, 32
985, 21, 32
986, 21, 32
987, 21, 32
988, 21, 37
989, 21, 32
990, 21, 32
991, 21, 37
992, 21, 32
993, 21, 32
994, 21, 37
995, 21, 32
996, 21, 32
997, 21, 37
998, 21, 32
999, 21, 32
1000, 21, 37
1001, 21, 32
1002, 21, 32
1003, 21, 37
1004, 21, 32
1005, 21, 32
1006, 21, 37
1007, 21, 32
1008, 21, 32
1009, 21, 37
1010, 21, 32
1011, 21, 32
1012, 21, 32
1013, 21, 32
1014, 21, 32
1015, 21, 32
1016, 21, 37
1017, 21, 32
1018, 21, 32
1019, 21, 37
1020, 21, 32
1021, 21, 32
1022, 21, 37
1023, 21, 32
0, 22, 100
1, 22, 100
2, 22, 100
3, 22, 100
4, 22, 100
5, 22, 100
6, 22, 39
7, 22, 100
8, 22, 100
9, 22, 39
10, 22, 42
11, 22, 50
12, 22, 44
13, 22, 50
14, 22, 47
15, 22, 36
16, 22, 36
17, 22, 39
18, 22, 36
19, 22, 39
20, 22, 50
21, 22, 47
22, 22, 44
23, 22, 47
24, 22, 39
25, 22, 39
26, 22, 36
27, 22, 42
28, 22, 36
29, 22, 39
30, 22, 42
31, 22, 50
32, 22, 50
33, 22, 47
34, 22, 36
35, 22, 36
36, 22, 39
37, 22, 36
38, 22, 47
39, 22, 53
40, 22, 36
41, 22, 33
42, 22, 30
43, 22, 44
44, 22, 33
45, 22, 33
46, 22, 39
47, 22, 47
48, 22, 44
49, 22, 36
50, 22, 36
51, 22, 45
52, 22, 36
53, 22, 47
54, 22, 47
55, 22, 39
56, 22, 33
57, 22, 36
58, 22, 50
59, 22, 47
60, 22, 36
61, 22, 36
62, 22, 39
63, 22, 36
64, 22, 50
65, 22, 50
66, 22, 36
67, 22, 33
68, 22, 36
69, 22, 50
70, 22, 47
71, 22, 62
72, 22, 42
73, 22, 33
74, 22, 36
75, 22, 50
76, 22, 47
77, 22, 36
78, 22, 36
79, 22, 36
80, 22, 36
81, 22, 47
82, 22, 50
83, 22, 42
84, 22, 42
85, 22, 42
86, 22, 36
87, 22, 50
88, 22, 47
89, 22, 36
90, 22, 39
91, 22, 36
92, 22, 50
93, 22, 47
94, 22, 47
95, 22, 33
96, 22, 36
97, 22, 36
98, 22, 47
99, 22, 47
100, 22, 39
101, 22, 33
102, 22, 39
103, 22, 36
104, 22, 50
105, 22, 47
106, 22, 39
107, 22, 36
108, 22, 39
109, 22, 47
110, 22, 50
111, 22, 36
112, 22, 39
113, 22, 36
114, 22, 39
115, 22, 47
116, 22, 47
117, 22, 36
118, 22, 39
119, 22, 39
120, 22, 39
121, 22, 47
122, 22, 50
123, 22, 47
124, 22, 39
125, 22, 42
126, 22, 36
127, 22, 50
128, 22, 47
129, 22, 50
130, 22, 36
131, 22, 47
132, 22, 50
133, 22, 36
134, 22, 36
135, 22, 39
136, 22, 36
137, 22, 50
138, 22, 50
139, 22, 47
140, 22, 47
141, 22, 53
142, 22, 53
143, 22, 42
144, 22, 39
145, 22, 42
146, 22, 36
147, 22, 39
148, 22, 42
149, 22, 47
150, 22, 50
151, 22, 47
152, 22, 39
153, 22, 36
154, 22, 39
155, 22, 36
156, 22, 53
157, 22, 50
158, 22, 50
159, 22, 53
160, 22, 50
161, 22, 36
162, 22, 36
163, 22, 39
164, 22, 39
165, 22, 39
166, 22, 53
167, 22, 53
168, 22, 53
169, 22, 53
170, 22, 39
171, 22, 42
172, 22, 39
173, 22, 36
174, 22, 50
175, 22, 53
176, 22, 47
177, 22, 36
178, 22, 39
179, 22, 36
180, 22, 39
181, 22, 50
182, 22, 47
183, 22, 47
184, 22, 50
185, 22, 39
186, 22, 36
187, 22, 42
188, 22, 39
189, 22, 36
190, 22, 50
191, 22, 50
192, 22, 53
193, 22, 53
194, 22, 56
195, 22, 53
196, 22, 53
197, 22, 56
198, 22, 56
199, 22, 53
200, 22, 39
201, 22, 39
202, 22, 42
203, 22, 36
204, 22, 39
205, 22, 36
206, 22, 50
207, 22, 47
208, 22, 47
209, 22, 53
210, 22, 39
211, 22, 39
212, 22, 36
213, 22, 39
214, 22, 36
215, 22, 47
216, 22, 47
217, 22, 47
218, 22, 39
219, 22, 42
220, 22, 42
221, 22, 45
222, 22, 42
223, 22, 42
224, 22, 45
225, 22, 45
226, 22, 42
227, 22, 45
228, 22, 39
229, 22, 53
230, 22, 53
231, 22, 50
232, 22, 47
233, 22, 50
234, 22, 33
235, 22, 36
236, 22, 42
237, 22, 39
238, 22, 36
239, 22, 39
240, 22, 47
241, 22, 50
242, 22, 53
243, 22, 53
244, 22, 39
245, 22, 33
246, 22, 33
247, 22, 36
248, 22, 47
249, 22, 50
250, 22, 47
251, 22, 42
252, 22, 39
253, 22, 42
254, 22, 39
255, 22, 39
256, 22, 47
257, 22, 47
258, 22, 47
259, 22, 53
260, 22, 53
261, 22, 56
262, 22, 53
263, 22, 53
264, 22, 53
265, 22, 36
266, 22, 42
267, 22, 42
268, 22, 33
269, 22, 36
270, 22, 47
271, 22, 44
272, 22, 39
273, 22, 36
274, 22, 39
275, 22, 36
276, 22, 47
277, 22, 50
278, 22, 44
279, 22, 30
280, 22, 36
281, 22, 33
282, 22, 47
283, 22, 47
284, 22, 36
285, 22, 36
286, 22, 36
287, 22, 36
288, 22, 53
289, 22, 53
290, 22, 47
291, 22, 47
292, 22, 33
293, 22, 36
294, 22, 36
295, 22, 36
296, 22, 50
297, 22, 50
298, 22, 47
299, 22, 33
300, 22, 36
301, 22, 33
302, 22, 50
303, 22, 47
304, 22, 47
305, 22, 39
306, 22, 36
307, 22, 39
308, 22, 36
309, 22, 42
310, 22, 47
311, 22, 47
312, 22, 59
313, 22, 50
314, 22, 56
315, 22, 47
316, 22, 39
317, 22, 39
318, 22, 36
319, 22, 39
320, 22, 50
321, 22, 47
322, 22, 50
323, 22, 36
324, 22, 39
325, 22, 39
326, 22, 39
327, 22, 39
328, 22, 53
329, 22, 50
330, 22, 56
331, 22, 53
332, 22, 50
333, 22, 53
334, 22, 53
335, 22, 36
336, 22, 36
337, 22, 47
338, 22, 50
339, 22, 50
340, 22, 50
341, 22, 39
342, 22, 39
343, 22, 36
344, 22, 39
345, 22, 50
346, 22, 47
347, 22, 47
348, 22, 36
349, 22, 36
350, 22, 36
351, 22, 39
352, 22, 39
353, 22, 47
354, 22, 53
355, 22, 53
356, 22, 39
357, 22, 36
358, 22, 42
359, 22, 45
360, 22, 45
361, 22, 42
362, 22, 39
363, 22, 59
364, 22, 53
365, 22, 53
366, 22, 36
367, 22, 53
368, 22, 53
369, 22, 53
370, 22, 53
371, 22, 53
372, 22, 53
373, 22, 56
374, 22, 53
375, 22, 36
376, 22, 30
377, 22, 30
378, 22, 44
379, 22, 36
380, 22, 36
381, 22, 36
382, 22, 36
383, 22, 50
384, 22, 50
385, 22, 50
386, 22, 39
387, 22, 39
388, 22, 36
389, 22, 44
390, 22, 44
391, 22, 36
392, 22, 36
393, 22, 33
394, 22, 44
395, 22, 33
396, 22, 39
397, 22, 39
398, 22, 36
399, 22, 44
400, 22, 30
401, 22, 36
402, 22, 36
403, 22, 47
404, 22, 44
405, 22, 100
406, 22, 50
407, 22, 47
408, 22, 50
409, 22, 36
410, 22, 39
411, 22, 39
412, 22, 42
413, 22, 36
414, 22, 47
415, 22, 50
416, 22, 47
417, 22, 36
418, 22, 42
419, 22, 48
420, 22, 36
421, 22, 36
422, 22, 33
423, 22, 44
424, 22, 33
425, 22, 33
426, 22, 33
427, 22, 44
428, 22, 33
429, 22, 42
430, 22, 39
431, 22, 39
432, 22, 39
433, 22, 39
434, 22, 53
435, 22, 47
436, 22, 53
437, 22, 44
438, 22, 33
439, 22, 30
440, 22, 44
441, 22, 47
442, 22, 47
443, 22, 36
444, 22, 42
445, 22, 36
446, 22, 42
447, 22, 39
448, 22, 47
449, 22, 50
450, 22, 50
451, 22, 50
452, 22, 39
453, 22, 36
454, 22, 36
455, 22, 39
456, 22, 50
457, 22, 50
458, 22, 50
459, 22, 50
460, 22, 45
461, 22, 36
462, 22, 39
463, 22, 42
464, 22, 42
465, 22, 39
466, 22, 50
467, 22, 50
468, 22, 50
469, 22, 33
470, 22, 36
471, 22, 42
472, 22, 36
473, 22, 36
474, 22, 47
475, 22, 44
476, 22, 39
477, 22, 39
478, 22, 39
479, 22, 39
480, 22, 47
481, 22, 50
482, 22, 47
483, 22, 39
484, 22, 39
485, 22, 39
486, 22, 33
487, 22, 50
488, 22, 50
489, 22, 47
490, 22, 33
491, 22, 39
492, 22, 42
493, 22, 36
494, 22, 47
495, 22, 50
496, 22, 47
497, 22, 36
498, 22, 36
499, 22, 33
500, 22, 36
501, 22, 47
502, 22, 50
503, 22, 50
504, 22, 36
505, 22, 36
506, 22, 39
507, 22, 39
508, 22, 39
509, 22, 47
510, 22, 56
511, 22, 53
512, 22, 47
513, 22, 36
514, 22, 36
515, 22, 33
516, 22, 36
517, 22, 50
518, 22, 47
519, 22, 50
520, 22, 36
521, 22, 42
522, 22, 36
523, 22, 39
524, 22, 50
525, 22, 50
526, 22, 53
527, 22, 47
528, 22, 36
529, 22, 33
530, 22, 39
531, 22, 39
532, 22, 50
533, 22, 50
534, 22, 50
535, 22, 50
536, 22, 53
537, 22, 33
538, 22, 36
539, 22, 36
540, 22, 36
541, 22, 36
542, 22, 47
543, 22, 50
544, 22, 50
545, 22, 36
546, 22, 39
547, 22, 39
548, 22, 42
549, 22, 42
550, 22, 36
551, 22, 50
552, 22, 53
553, 22, 50
554, 22, 39
555, 22, 36
556, 22, 36
557, 22, 39
558, 22, 47
559, 22, 47
560, 22, 50
561, 22, 53
562, 22, 56
563, 22, 39
564, 22, 36
565, 22, 45
566, 22, 36
567, 22, 36
568, 22, 47
569, 22, 50
570, 22, 50
571, 22, 39
572, 22, 36
573, 22, 42
574, 22, 42
575, 22, 45
576, 22, 39
577, 22, 50
578, 22, 47
579, 22, 47
580, 22, 36
581, 22, 36
582, 22, 39
583, 22, 39
584, 22, 36
585, 22, 47
586, 22, 47
587, 22, 53
588, 22, 47
589, 22, 39
590, 22, 36
591, 22, 33
592, 22, 39
593, 22, 42
594, 22, 39
595, 22, 47
596, 22, 53
597, 22, 47
598, 22, 39
599, 22, 39
600, 22, 53
601, 22, 53
602, 22, 53
603, 22, 53
604, 22, 59
605, 22, 50
606, 22, 30
607, 22, 36
608, 22, 36
609, 22, 50
610, 22, 47
611, 22, 53
612, 22, 44
613, 22, 36
614, 22, 36
615, 22, 39
616, 22, 39
617, 22, 50
618, 22, 53
619, 22, 50
620, 22, 56
621, 22, 50
622, 22, 44
623, 22, 36
624, 22, 36
625, 22, 33
626, 22, 36
627, 22, 50
628, 22, 47
629, 22, 47
630, 22, 39
631, 22, 39
632, 22, 42
633, 22, 36
634, 22, 36
635, 22, 47
636, 22, 53
637, 22, 47
638, 22, 53
639, 22, 47
640, 22, 53
641, 22, 50
642, 22, 45
643, 22, 36
644, 22, 36
645, 22, 39
646, 22, 36
647, 22, 47
648, 22, 50
649, 22, 47
650, 22, 33
651, 22, 33
652, 22, 39
653, 22, 39
654, 22, 33
655, 22, 50
656, 22, 50
657, 22, 36
658, 22, 36
659, 22, 39
660, 22, 45
661, 22, 42
662, 22, 42
663, 22, 39
664, 22, 42
665, 22, 42
666, 22, 42
667, 22, 36
668, 22, 42
669, 22, 42
670, 22, 42
671, 22, 50
672, 22, 47
673, 22, 50
674, 22, 39
675, 22, 39
676, 22, 36
677, 22, 39
678, 22, 36
679, 22, 53
680, 22, 50
681, 22, 47
682, 22, 39
683, 22, 36
684, 22, 42
685, 22, 42
686, 22, 39
687, 22, 50
688, 22, 50
689, 22, 47
690, 22, 53
691, 22, 53
692, 22, 56
693, 22, 53
694, 22, 53
695, 22, 53
696, 22, 39
697, 22, 42
698, 22, 42
699, 22, 36
700, 22, 42
701, 22, 50
702, 22, 50
703, 22, 47
704, 22, 50
705, 22, 42
706, 22, 39
707, 22, 36
708, 22, 39
709, 22, 53
710, 22, 50
711, 22, 47
712, 22, 50
713, 22, 36
714, 22, 36
715, 22, 39
716, 22, 42
717, 22, 42
718, 22, 45
719, 22, 42
720, 22, 39
721, 22, 50
722, 22, 47
723, 22, 50
724, 22, 50
725, 22, 48
726, 22, 36
727, 22, 39
728, 22, 36
729, 22, 36
730, 22, 47
731, 22, 53
732, 22, 50
733, 22, 47
734, 22, 36
735, 22, 42
736, 22, 39
737, 22, 39
738, 22, 39
739, 22, 47
740, 22, 50
741, 22, 56
742, 22, 53
743, 22, 53
744, 22, 53
745, 22, 53
746, 22, 53
747, 22, 53
748, 22, 53
749, 22, 39
750, 22, 33
751, 22, 36
752, 22, 36
753, 22, 47
754, 22, 47
755, 22, 47
756, 22, 39
757, 22, 36
758, 22, 36
759, 22, 39
760, 22, 50
761, 22, 50
762, 22, 47
763, 22, 36
764, 22, 39
765, 22, 39
766, 22, 36
767, 22, 36
768, 22, 47
769, 22, 47
770, 22, 50
771, 22, 53
772, 22, 53
773, 22, 50
774, 22, 53
775, 22, 56
776, 22, 53
777, 22, 53
778, 22, 53
779, 22, 56
780, 22, 36
781, 22, 42
782, 22, 42
783, 22, 39
784, 22, 36
785, 22, 51
786, 22, 42
787, 22, 39
788, 22, 47
789, 22, 50
790, 22, 50
791, 22, 47
792, 22, 36
793, 22, 42
794, 22, 39
795, 22, 42
796, 22, 36
797, 22, 47
798, 22, 44
799, 22, 50
800, 22, 33
801, 22, 42
802, 22, 36
803, 22, 36
804, 22, 47
805, 22, 50
806, 22, 47
807, 22, 36
808, 22, 39
809, 22, 42
810, 22, 42
811, 22, 45
812, 22, 42
813, 22, 42
814, 22, 42
815, 22, 36
816, 22, 33
817, 22, 50
818, 22, 47
819, 22, 50
820, 22, 36
821, 22, 39
822, 22, 39
823, 22, 36
824, 22, 36
825, 22, 50
826, 22, 47
827, 22, 36
828, 22, 39
829, 22, 33
830, 22, 63
831, 22, 45
832, 22, 39
833, 22, 33
834, 22, 50
835, 22, 50
836, 22, 47
837, 22, 42
838, 22, 42
839, 22, 36
840, 22, 39
841, 22, 36
842, 22, 50
843, 22, 47
844, 22, 50
845, 22, 36
846, 22, 39
847, 22, 39
848, 22, 42
849, 22, 42
850, 22, 42
851, 22, 36
852, 22, 53
853, 22, 39
854, 22, 36
855, 22, 36
856, 22, 39
857, 22, 53
858, 22, 50
859, 22, 47
860, 22, 53
861, 22, 39
862, 22, 39
863, 22, 36
864, 22, 45
865, 22, 42
866, 22, 42
867, 22, 42
868, 22, 36
869, 22, 42
870, 22, 50
871, 22, 53
872, 22, 50
873, 22, 47
874, 22, 36
875, 22, 36
876, 22, 36
877, 22, 36
878, 22, 36
879, 22, 47
880, 22, 47
881, 22, 39
882, 22, 42
883, 22, 33
884, 22, 39
885, 22, 39
886, 22, 33
887, 22, 50
888, 22, 47
889, 22, 47
890, 22, 53
891, 22, 39
892, 22, 39
893, 22, 39
894, 22, 36
895, 22, 42
896, 22, 42
897, 22, 42
898, 22, 42
899, 22, 42
900, 22, 42
901, 22, 42
902, 22, 39
903, 22, 39
904, 22, 39
905, 22, 42
906, 22, 45
907, 22, 42
908, 22, 42
909, 22, 42
910, 22, 39
911, 22, 33
912, 22, 44
913, 22, 33
914, 22, 33
915, 22, 36
916, 22, 39
917, 22, 44
918, 22, 44
919, 22, 36
920, 22, 36
921, 22, 42
922, 22, 42
923, 22, 45
924, 22, 36
925, 22, 44
926, 22, 50
927, 22, 36
928, 22, 39
929, 22, 36
930, 22, 39
931, 22, 50
932, 22, 50
933, 22, 50
934, 22, 33
935, 22, 36
936, 22, 39
937, 22, 36
938, 22, 50
939, 22, 50
940, 22, 47
941, 22, 36
942, 22, 36
943, 22, 39
944, 22, 39
945, 22, 36
946, 22, 53
947, 22, 47
948, 22, 50
949, 22, 50
950, 22, 36
951, 22, 39
952, 22, 42
953, 22, 39
954, 22, 39
955, 22, 50
956, 22, 47
957, 22, 50
958, 22, 39
959, 22, 36
960, 22, 36
961, 22, 42
962, 22, 39
963, 22, 36
964, 22, 50
965, 22, 47
966, 22, 47
967, 22, 39
968, 22, 42
969, 22, 39
970, 22, 39
971, 22, 36
972, 22, 50
973, 22, 47
974, 22, 44
975, 22, 33
976, 22, 33
977, 22, 36
978, 22, 50
979, 22, 47
980, 22, 36
981, 22, 36
982, 22, 42
983, 22, 39
984, 22, 39
985, 22, 33
986, 22, 44
987, 22, 30
988, 22, 39
989, 22, 33
990, 22, 44
991, 22, 44
992, 22, 33
993, 22, 33
994, 22, 44
995, 22, 44
996, 22, 30
997, 22, 33
998, 22, 44
999, 22, 44
1000, 22, 42
1001, 22, 39
1002, 22, 33
1003, 22, 44
1004, 22, 44
1005, 22, 50
1006, 22, 36
1007, 22, 39
1008, 22, 39
1009, 22, 36
1010, 22, 36
1011, 22, 36
1012, 22, 33
1013, 22, 47
1014, 22, 50
1015, 22, 36
1016, 22, 39
1017, 22, 33
1018, 22, 33
1019, 22, 59
1020, 22, 47
1021, 22, 44
1022, 22, 53
1023, 22, 39
0, 23, 100
1, 23, 53
2, 23, 27
3, 23, 30
4, 23, 50
5, 23, 27
6, 23, 27
7, 23, 27
8, 23, 50
9, 23, 27
10, 23, 27
11, 23, 50
12, 23, 27
13, 23, 27
14, 23, 50
15, 23, 27
16, 23, 27
17, 23, 50
18, 23, 27
19, 23, 27
20, 23, 27
21, 23, 50
22, 23, 27
23, 23, 27
24, 23, 50
25, 23, 27
26, 23, 27
27, 23, 50
28, 23, 27
29, 23, 27
30, 23, 50
31, 23, 50
32, 23, 27
33, 23, 27
34, 23, 50
35, 23, 27
36, 23, 27
37, 23, 50
38, 23, 27
39, 23, 27
40, 23, 50
41, 23, 27
42, 23, 27
43, 23, 27
44, 23, 50
45, 23, 27
46, 23, 27
47, 23, 50
48, 23, 27
49, 23, 27
50, 23, 50
51, 23, 27
52, 23, 27
53, 23, 50
54, 23, 27
55, 23, 27
56, 23, 27
57, 23, 50
58, 23, 27
59, 23, 27
60, 23, 50
61, 23, 27
62, 23, 30
63, 23, 50
64, 23, 27
65, 23, 27
66, 23, 27
67, 23, 50
68, 23, 27
69, 23, 27
70, 23, 50
71, 23, 27
72, 23, 27
73, 23, 50
74, 23, 27
75, 23, 27
76, 23, 50
77, 23, 50
78, 23, 27
79, 23, 27
80, 23, 50
81, 23, 27
82, 23, 27
83, 23, 50
84, 23, 27
85, 23, 27
86, 23, 50
87, 23, 27
88, 23, 27
89, 23, 27
90, 23, 50
91, 23, 27
92, 23, 27
93, 23, 50
94, 23, 27
95, 23, 27
96, 23, 50
97, 23, 27
98, 23, 27
99, 23, 50
100, 23, 27
101, 23, 27
102, 23, 27
103, 23, 50
104, 23, 27
105, 23, 27
106, 23, 50
107, 23, 27
108, 23, 27
109, 23, 50
110, 23, 27
111, 23, 27
112, 23, 50
113, 23, 50
114, 23, 27
115, 23, 27
116, 23, 50
117, 23, 27
118, 23, 27
119, 23, 50
120, 23, 27
121, 23, 27
122, 23, 50
123, 23, 27
124, 23, 27
125, 23, 27
126, 23, 50
127, 23, 27
128, 23, 27
129, 23, 50
130, 23, 27
131, 23, 27
132, 23, 50
133, 23, 27
134, 23, 27
135, 23, 50
136, 23, 50
137, 23, 27
138, 23, 27
139, 23, 50
140, 23, 27
141, 23, 27
142, 23, 50
143, 23, 27
144, 23, 27
145, 23, 50
146, 23, 27
147, 23, 27
148, 23, 27
149, 23, 50
150, 23, 27
151, 23, 27
152, 23, 50
153, 23, 27
154, 23, 27
155, 23, 50
156, 23, 27
157, 23, 27
158, 23, 50
159, 23, 27
160, 23, 27
161, 23, 27
162, 23, 50
163, 23, 27
164, 23, 27
165, 23, 50
166, 23, 27
167, 23, 27
168, 23, 50
169, 23, 27
170, 23, 27
171, 23, 50
172, 23, 50
173, 23, 27
174, 23, 27
175, 23, 50
176, 23, 27
177, 23, 27
178, 23, 50
179, 23, 27
180, 23, 27
181, 23, 50
182, 23, 27
183, 23, 27
184, 23, 27
185, 23, 50
186, 23, 27
187, 23, 27
188, 23, 50
189, 23, 27
190, 23, 30
191, 23, 50
192, 23, 27
193, 23, 27
194, 23, 50
195, 23, 50
196, 23, 27
197, 23, 27
198, 23, 50
199, 23, 27
200, 23, 27
201, 23, 50
202, 23, 27
203, 23, 27
204, 23, 50
205, 23, 27
206, 23, 27
207, 23, 27
208, 23, 50
209, 23, 27
210, 23, 27
211, 23, 50
212, 23, 27
213, 23, 27
214, 23, 50
215, 23, 27
216, 23, 27
217, 23, 50
218, 23, 27
219, 23, 27
220, 23, 27
221, 23, 50
222, 23, 27
223, 23, 27
224, 23, 50
225, 23, 27
226, 23, 27
227, 23, 50
228, 23, 27
229, 23, 27
230, 23, 50
231, 23, 50
232, 23, 27
233, 23, 27
234, 23, 50
235, 23, 27
236, 23, 27
237, 23, 50
238, 23, 27
239, 23, 27
240, 23, 50
241, 23, 27
242, 23, 27
243, 23, 27
244, 23, 50
245, 23, 27
246, 23, 27
247, 23, 50
248, 23, 27
249, 23, 27
250, 23, 50
251, 23, 27
252, 23, 27
253, 23, 50
254, 23, 53
255, 23, 27
256, 23, 27
257, 23, 50
258, 23, 27
259, 23, 27
260, 23, 50
261, 23, 27
262, 23, 27
263, 23, 50
264, 23, 27
265, 23, 27
266, 23, 27
267, 23, 50
268, 23, 27
269, 23, 27
270, 23, 50
271, 23, 27
272, 23, 27
273, 23, 50
274, 23, 27
275, 23, 27
276, 23, 50
277, 23, 27
278, 23, 27
279, 23, 27
280, 23, 50
281, 23, 27
282, 23, 27
283, 23, 50
284, 23, 27
285, 23, 27
286, 23, 50
287, 23, 27
288, 23, 27
289, 23, 50
290, 23, 50
291, 23, 27
292, 23, 27
293, 23, 50
294, 23, 27
295, 23, 27
296, 23, 50
297, 23, 27
298, 23, 27
299, 23, 50
300, 23, 27
301, 23, 27
302, 23, 27
303, 23, 50
304, 23, 27
305, 23, 27
306, 23, 50
307, 23, 27
308, 23, 27
309, 23, 50
310, 23, 27
311, 23, 27
312, 23, 50
313, 23, 27
314, 23, 27
315, 23, 27
316, 23, 50
317, 23, 27
318, 23, 30
319, 23, 50
320, 23, 27
321, 23, 27
322, 23, 50
323, 23, 27
324, 23, 27
325, 23, 27
326, 23, 50
327, 23, 27
328, 23, 27
329, 23, 50
330, 23, 27
331, 23, 27
332, 23, 50
333, 23, 27
334, 23, 27
335, 23, 50
336, 23, 27
337, 23, 27
338, 23, 27
339, 23, 50
340, 23, 27
341, 23, 27
342, 23, 50
343, 23, 27
344, 23, 27
345, 23, 50
346, 23, 27
347, 23, 27
348, 23, 50
349, 23, 50
350, 23, 27
351, 23, 27
352, 23, 50
353, 23, 27
354, 23, 27
355, 23, 50
356, 23, 27
357, 23, 27
358, 23, 50
359, 23, 27
360, 23, 27
361, 23, 27
362, 23, 50
363, 23, 27
364, 23, 27
365, 23, 50
366, 23, 27
367, 23, 27
368, 23, 50
369, 23, 27
370, 23, 27
371, 23, 50
372, 23, 27
373, 23, 27
374, 23, 27
375, 23, 50
376, 23, 27
377, 23, 27
378, 23, 50
379, 23, 27
380, 23, 27
381, 23, 50
382, 23, 27
383, 23, 27
384, 23, 27
385, 23, 50
386, 23, 27
387, 23, 27
388, 23, 50
389, 23, 27
390, 23, 27
391, 23, 50
392, 23, 27
393, 23, 27
394, 23, 50
395, 23, 27
396, 23, 27
397, 23, 27
398, 23, 50
399, 23, 27
400, 23, 27
401, 23, 50
402, 23, 27
403, 23, 27
404, 23, 50
405, 23, 27
406, 23, 27
407, 23, 50
408, 23, 50
409, 23, 27
410, 23, 27
411, 23, 50
412, 23, 27
413, 23, 27
414, 23, 50
415, 23, 27
416, 23, 27
417, 23, 50
418, 23, 27
419, 23, 27
420, 23, 27
421, 23, 50
422, 23, 27
423, 23, 27
424, 23, 50
425, 23, 27
426, 23, 27
427, 23, 50
428, 23, 27
429, 23, 27
430, 23, 50
431, 23, 27
432, 23, 27
433, 23, 27
434, 23, 50
435, 23, 27
436, 23, 27
437, 23, 50
438, 23, 27
439, 23, 27
440, 23, 50
441, 23, 27
442, 23, 27
443, 23, 50
444, 23, 50
445, 23, 27
446, 23, 30
447, 23, 50
448, 23, 27
449, 23, 27
450, 23, 50
451, 23, 27
452, 23, 27
453, 23, 50
454, 23, 27
455, 23, 27
456, 23, 27
457, 23, 50
458, 23, 27
459, 23, 27
460, 23, 50
461, 23, 27
462, 23, 27
463, 23, 50
464, 23, 27
465, 23, 27
466, 23, 50
467, 23, 50
468, 23, 27
469, 23, 27
470, 23, 50
471, 23, 27
472, 23, 27
473, 23, 50
474, 23, 27
475, 23, 27
476, 23, 27
477, 23, 27
478, 23, 50
479, 23, 27
480, 23, 27
481, 23, 50
482, 23, 27
483, 23, 27
484, 23, 50
485, 23, 27
486, 23, 27
487, 23, 50
488, 23, 27
489, 23, 27
490, 23, 27
491, 23, 50
492, 23, 27
493, 23, 27
494, 23, 50
495, 23, 27
496, 23, 27
497, 23, 50
498, 23, 27
499, 23, 27
500, 23, 50
501, 23, 50
502, 23, 27
503, 23, 27
504, 23, 50
505, 23, 27
506, 23, 27
507, 23, 50
508, 23, 27
509, 23, 27
510, 23, 53
511, 23, 27
512, 23, 27
513, 23, 27
514, 23, 50
515, 23, 27
516, 23, 27
517, 23, 50
518, 23, 27
519, 23, 27
520, 23, 50
521, 23, 27
522, 23, 27
523, 23, 50
524, 23, 50
525, 23, 27
526, 23, 27
527, 23, 50
528, 23, 27
529, 23, 27
530, 23, 50
531, 23, 27
532, 23, 27
533, 23, 50
534, 23, 27
535, 23, 27
536, 23, 27
537, 23, 50
538, 23, 27
539, 23, 27
540, 23, 50
541, 23, 27
542, 23, 27
543, 23, 50
544, 23, 27
545, 23, 27
546, 23, 50
547, 23, 27
548, 23, 27
549, 23, 27
550, 23, 50
551, 23, 27
552, 23, 27
553, 23, 50
554, 23, 27
555, 23, 27
556, 23, 50
557, 23, 27
558, 23, 27
559, 23, 50
560, 23, 50
561, 23, 27
562, 23, 27
563, 23, 50
564, 23, 27
565, 23, 27
566, 23, 50
567, 23, 27
568, 23, 27
569, 23, 50
570, 23, 27
571, 23, 27
572, 23, 27
573, 23, 50
574, 23, 30
575, 23, 27
576, 23, 50
577, 23, 27
578, 23, 27
579, 23, 50
580, 23, 27
581, 23, 27
582, 23, 50
583, 23, 50
584, 23, 27
585, 23, 27
586, 23, 50
587, 23, 27
588, 23, 27
589, 23, 50
590, 23, 27
591, 23, 27
592, 23, 50
593, 23, 27
594, 23, 27
595, 23, 27
596, 23, 50
597, 23, 27
598, 23, 27
599, 23, 50
600, 23, 27
601, 23, 27
602, 23, 50
603, 23, 27
604, 23, 27
605, 23, 50
606, 23, 27
607, 23, 27
608, 23, 27
609, 23, 50
610, 23, 27
611, 23, 27
612, 23, 50
613, 23, 27
614, 23, 27
615, 23, 50
616, 23, 27
617, 23, 27
618, 23, 50
619, 23, 50
620, 23, 27
621, 23, 27
622, 23, 50
623, 23, 27
624, 23, 27
625, 23, 50
626, 23, 27
627, 23, 27
628, 23, 50
629, 23, 27
630, 23, 27
631, 23, 27
632, 23, 50
633, 23, 27
634, 23, 27
635, 23, 50
636, 23, 27
637, 23, 27
638, 23, 53
639, 23, 27
640, 23, 27
641, 23, 50
642, 23, 50
643, 23, 27
644, 23, 27
645, 23, 50
646, 23, 27
647, 23, 27
648, 23, 50
649, 23, 27
650, 23, 27
651, 23, 50
652, 23, 27
653, 23, 27
654, 23, 27
655, 23, 50
656, 23, 27
657, 23, 27
658, 23, 50
659, 23, 27
660, 23, 27
661, 23, 50
662, 23, 27
663, 23, 27
664, 23, 50
665, 23, 27
666, 23, 27
667, 23, 27
668, 23, 50
669, 23, 27
670, 23, 27
671, 23, 50
672, 23, 27
673, 23, 27
674, 23, 50
675, 23, 27
676, 23, 27
677, 23, 50
678, 23, 50
679, 23, 27
680, 23, 27
681, 23, 50
682, 23, 27
683, 23, 27
684, 23, 50
685, 23, 27
686, 23, 27
687, 23, 50
688, 23, 27
689, 23, 27
690, 23, 27
691, 23, 50
692, 23, 27
693, 23, 27
694, 23, 50
695, 23, 27
696, 23, 27
697, 23, 50
698, 23, 27
699, 23, 27
700, 23, 50
701, 23, 27
702, 23, 27
703, 23, 27
704, 23, 50
705, 23, 27
706, 23, 27
707, 23, 50
708, 23, 27
709, 23, 27
710, 23, 50
711, 23, 27
712, 23, 27
713, 23, 27
714, 23, 50
715, 23, 27
716, 23, 27
717, 23, 50
718, 23, 27
719, 23, 27
720, 23, 50
721, 23, 27
722, 23, 27
723, 23, 50
724, 23, 27
725, 23, 27
726, 23, 27
727, 23, 50
728, 23, 27
729, 23, 27
730, 23, 50
731, 23, 27
732, 23, 27
733, 23, 50
734, 23, 27
735, 23, 27
736, 23, 50
737, 23, 50
738, 23, 27
739, 23, 27
740, 23, 50
741, 23, 27
742, 23, 27
743, 23, 50
744, 23, 27
745, 23, 27
746, 23, 50
747, 23, 27
748, 23, 27
749, 23, 27
750, 23, 50
751, 23, 27
752, 23, 27
753, 23, 50
754, 23, 27
755, 23, 27
756, 23, 50
757, 23, 27
758, 23, 27
759, 23, 50
760, 23, 27
761, 23, 27
762, 23, 27
763, 23, 50
764, 23, 27
765, 23, 27
766, 23, 53
767, 23, 27
768, 23, 27
769, 23, 50
770, 23, 27
771, 23, 27
772, 23, 27
773, 23, 50
774, 23, 27
775, 23, 27
776, 23, 50
777, 23, 27
778, 23, 27
779, 23, 50
780, 23, 27
781, 23, 27
782, 23, 50
783, 23, 27
784, 23, 27
785, 23, 27
786, 23, 50
787, 23, 27
788, 23, 27
789, 23, 50
790, 23, 27
791, 23, 27
792, 23, 50
793, 23, 27
794, 23, 27
795, 23, 50
796, 23, 50
797, 23, 27
798, 23, 27
799, 23, 50
800, 23, 27
801, 23, 27
802, 23, 50
803, 23, 27
804, 23, 27
805, 23, 50
806, 23, 27
807, 23, 27
808, 23, 27
809, 23, 50
810, 23, 27
811, 23, 27
812, 23, 50
813, 23, 27
814, 23, 27
815, 23, 50
816, 23, 27
817, 23, 27
818, 23, 50
819, 23, 27
820, 23, 27
821, 23, 27
822, 23, 50
823, 23, 27
824, 23, 27
825, 23, 50
826, 23, 27
827, 23, 27
828, 23, 50
829, 23, 27
830, 23, 30
831, 23, 27
832, 23, 50
833, 23, 27
834, 23, 27
835, 23, 50
836, 23, 27
837, 23, 27
838, 23, 50
839, 23, 27
840, 23, 27
841, 23, 50
842, 23, 27
843, 23, 27
844, 23, 27
845, 23, 50
846, 23, 27
847, 23, 27
848, 23, 50
849, 23, 27
850, 23, 27
851, 23, 50
852, 23, 27
853, 23, 27
854, 23, 50
855, 23, 50
856, 23, 27
857, 23, 27
858, 23, 50
859, 23, 27
860, 23, 27
861, 23, 50
862, 23, 27
863, 23, 27
864, 23, 50
865, 23, 27
866, 23, 27
867, 23, 27
868, 23, 50
869, 23, 27
870, 23, 27
871, 23, 50
872, 23, 27
873, 23, 27
874, 23, 50
875, 23, 27
876, 23, 27
877, 23, 50
878, 23, 27
879, 23, 27
880, 23, 27
881, 23, 50
882, 23, 27
883, 23, 27
884, 23, 50
885, 23, 27
886, 23, 27
887, 23, 50
888, 23, 27
889, 23, 27
890, 23, 50
891, 23, 50
892, 23, 27
893, 23, 27
894, 23, 53
895, 23, 27
896, 23, 27
897, 23, 50
898, 23, 27
899, 23, 27
900, 23, 50
901, 23, 27
902, 23, 27
903, 23, 27
904, 23, 50
905, 23, 27
906, 23, 27
907, 23, 50
908, 23, 27
909, 23, 27
910, 23, 50
911, 23, 27
912, 23, 27
913, 23, 50
914, 23, 50
915, 23, 27
916, 23, 27
917, 23, 50
918, 23, 27
919, 23, 27
920, 23, 50
921, 23, 27
922, 23, 27
923, 23, 50
924, 23, 27
925, 23, 27
926, 23, 27
927, 23, 50
928, 23, 27
929, 23, 27
930, 23, 50
931, 23, 27
932, 23, 27
933, 23, 50
934, 23, 27
935, 23, 27
936, 23, 50
937, 23, 27
938, 23, 27
939, 23, 27
940, 23, 50
941, 23, 27
942, 23, 27
943, 23, 50
944, 23, 27
945, 23, 27
946, 23, 50
947, 23, 27
948, 23, 27
949, 23, 50
950, 23, 50
951, 23, 27
952, 23, 27
953, 23, 50
954, 23, 27
955, 23, 27
956, 23, 50
957, 23, 27
958, 23, 27
959, 23, 50
960, 23, 27
961, 23, 27
962, 23, 27
963, 23, 50
964, 23, 27
965, 23, 27
966, 23, 50
967, 23, 27
968, 23, 27
969, 23, 50
970, 23, 27
971, 23, 27
972, 23, 50
973, 23, 50
974, 23, 27
975, 23, 27
976, 23, 50
977, 23, 27
978, 23, 27
979, 23, 50
980, 23, 27
981, 23, 27
982, 23, 50
983, 23, 27
984, 23, 27
985, 23, 27
986, 23, 50
987, 23, 27
988, 23, 27
989, 23, 50
990, 23, 27
991, 23, 27
992, 23, 50
993, 23, 27
994, 23, 27
995, 23, 50
996, 23, 27
997, 23, 27
998, 23, 27
999, 23, 50
1000, 23, 27
1001, 23, 27
1002, 23, 50
1003, 23, 27
1004, 23, 27
1005, 23, 50
1006, 23, 27
1007, 23, 27
1008, 23, 50
1009, 23, 50
1010, 23, 27
1011, 23, 27
1012, 23, 50
1013, 23, 27
1014, 23, 27
1015, 23, 50
1016, 23, 27
1017, 23, 27
1018, 23, 50
1019, 23, 27
1020, 23, 27
1021, 23, 27
1022, 23, 50
1023, 23, 27
0, 24, 32
1, 24, 32
2, 24, 29
3, 24, 34
4, 24, 29
5, 24, 29
6, 24, 29
7, 24, 29
8, 24, 29
9, 24, 29
10, 24, 29
11, 24, 29
12, 24, 29
13, 24, 29
14, 24, 29
15, 24, 29
16, 24, 29
17, 24, 29
18, 24, 29
19, 24, 29
20, 24, 31
21, 24, 29
22, 24, 29
23, 24, 31
24, 24, 29
25, 24, 29
26, 24, 31
27, 24, 29
28, 24, 29
29, 24, 31
30, 24, 29
31, 24, 29
32, 24, 29
33, 24, 29
34, 24, 29
35, 24, 29
36, 24, 29
37, 24, 29
38, 24, 29
39, 24, 29
40, 24, 29
41, 24, 29
42, 24, 29
43, 24, 29
44, 24, 29
45, 24, 29
46, 24, 29
47, 24, 29
48, 24, 29
49, 24, 29
50, 24, 29
51, 24, 29
52, 24, 31
53, 24, 29
54, 24, 29
55, 24, 31
56, 24, 29
57, 24, 29
58, 24, 31
59, 24, 29
60, 24, 29
61, 24, 31
62, 24, 32
63, 24, 29
64, 24, 29
65, 24, 29
66, 24, 31
67, 24, 29
68, 24, 29
69, 24, 31
70, 24, 29
71, 24, 29
72, 24, 31
73, 24, 29
74, 24, 29
75, 24, 31
76, 24, 29
77, 24, 29
78, 24, 29
79, 24, 29
80, 24, 29
81, 24, 29
82, 24, 29
83, 24, 29
84, 24, 29
85, 24, 29
86, 24, 29
87, 24, 29
88, 24, 29
89, 24, 29
90, 24, 29
91, 24, 29
92, 24, 29
93, 24, 29
94, 24, 29
95, 24, 29
96, 24, 29
97, 24, 29
98, 24, 31
99, 24, 29
100, 24, 29
101, 24, 31
102, 24, 29
103, 24, 29
104, 24, 31
105, 24, 29
106, 24, 29
107, 24, 31
108, 24, 29
109, 24, 29
110, 24, 29
111, 24, 29
112, 24, 29
113, 24, 29
114, 24, 29
115, 24, 29
116, 24, 29
117, 24, 29
118, 24, 29
119, 24, 29
120, 24, 29
121, 24, 29
122, 24, 29
123, 24, 29
124, 24, 29
125, 24, 29
126, 24, 29
127, 24, 31
128, 24, 29
129, 24, 29
130, 24, 31
131, 24, 29
132, 24, 29
133, 24, 29
134, 24, 29
135, 24, 29
136, 24, 29
137, 24, 29
138, 24, 29
139, 24, 29
140, 24, 29
141, 24, 29
142, 24, 29
143, 24, 29
144, 24, 29
145, 24, 29
146, 24, 29
147, 24, 29
148, 24, 29
149, 24, 29
150, 24, 29
151, 24, 29
152, 24, 29
153, 24, 31
154, 24, 29
155, 24, 29
156, 24, 31
157, 24, 29
158, 24, 29
159, 24, 31
160, 24, 29
161, 24, 29
162, 24, 31
163, 24, 29
164, 24, 29
165, 24, 29
166, 24, 29
167, 24, 29
168, 24, 29
169, 24, 29
170, 24, 29
171, 24, 29
172, 24, 29
173, 24, 29
174, 24, 29
175, 24, 29
176, 24, 29
177, 24, 29
178, 24, 29
179, 24, 29
180, 24, 29
181, 24, 29
182, 24, 29
183, 24, 29
184, 24, 29
185, 24, 31
186, 24, 29
187, 24, 29
188, 24, 31
189, 24, 29
190, 24, 32
191, 24, 29
192, 24, 29
193, 24, 29
194, 24, 29
195, 24, 29
196, 24, 29
197, 24, 29
198, 24, 29
199, 24, 29
200, 24, 29
201, 24, 29
202, 24, 29
203, 24, 29
204, 24, 29
205, 24, 29
206, 24, 29
207, 24, 29
208, 24, 31
209, 24, 29
210, 24, 29
211, 24, 31
212, 24, 29
213, 24, 29
214, 24, 31
215, 24, 29
216, 24, 29
217, 24, 31
218, 24, 29
219, 24, 29
220, 24, 29
221, 24, 29
222, 24, 29
223, 24, 29
224, 24, 29
225, 24, 29
226, 24, 29
227, 24, 29
228, 24, 29
229, 24, 29
230, 24, 29
231, 24, 29
232, 24, 29
233, 24, 29
234, 24, 29
235, 24, 29
236, 24, 29
237, 24, 29
238, 24, 29
239, 24, 29
240, 24, 31
241, 24, 29
242, 24, 29
243, 24, 31
244, 24, 29
245, 24, 29
246, 24, 31
247, 24, 29
248, 24, 29
249, 24, 31
250, 24, 29
251, 24, 29
252, 24, 29
253, 24, 29
254, 24, 32
255, 24, 29
256, 24, 29
257, 24, 29
258, 24, 29
259, 24, 29
260, 24, 29
261, 24, 29
262, 24, 29
263, 24, 31
264, 24, 29
265, 24, 29
266, 24, 31
267, 24, 29
268, 24, 29
269, 24, 31
270, 24, 29
271, 24, 29
272, 24, 31
273, 24, 29
274, 24, 29
275, 24, 29
276, 24, 29
277, 24, 29
278, 24, 29
279, 24, 29
280, 24, 29
281, 24, 29
282, 24, 29
283, 24, 29
284, 24, 29
285, 24, 29
286, 24, 29
287, 24, 29
288, 24, 29
289, 24, 29
290, 24, 29
291, 24, 29
292, 24, 29
293, 24, 29
294, 24, 29
295, 24, 31
296, 24, 29
297, 24, 29
298, 24, 31
299, 24, 29
300, 24, 29
301, 24, 31
302, 24, 29
303, 24, 29
304, 24, 31
305, 24, 29
306, 24, 29
307, 24, 29
308, 24, 29
309, 24, 29
310, 24, 29
311, 24, 29
312, 24, 29
313, 24, 29
314, 24, 29
315, 24, 29
316, 24, 29
317, 24, 29
318, 24, 34
319, 24, 29
320, 24, 29
321, 24, 31
322, 24, 29
323, 24, 29
324, 24, 31
325, 24, 29
326, 24, 29
327, 24, 31
328, 24, 29
329, 24, 29
330, 24, 29
331, 24, 29
332, 24, 29
333, 24, 29
334, 24, 29
335, 24, 29
336, 24, 29
337, 24, 29
338, 24, 29
339, 24, 29
340, 24, 29
341, 24, 29
342, 24, 29
343, 24, 29
344, 24, 29
345, 24, 29
346, 24, 29
347, 24, 29
348, 24, 29
349, 24, 29
350, 24, 31
351, 24, 29
352, 24, 29
353, 24, 31
354, 24, 29
355, 24, 29
356, 24, 31
357, 24, 29
358, 24, 29
359, 24, 31
360, 24, 29
361, 24, 29
362, 24, 29
363, 24, 29
364, 24, 29
365, 24, 29
366, 24, 29
367, 24, 29
368, 24, 29
369, 24, 29
370, 24, 29
371, 24, 29
372, 24, 29
373, 24, 29
374, 24, 29
375, 24, 29
376, 24, 29
377, 24, 29
378, 24, 29
379, 24, 29
380, 24, 29
381, 24, 29
382, 24, 31
383, 24, 29
384, 24, 29
385, 24, 29
386, 24, 29
387, 24, 29
388, 24, 29
389, 24, 29
390, 24, 29
391, 24, 29
392, 24, 29
393, 24, 29
394, 24, 29
395, 24, 29
396, 24, 29
397, 24, 29
398, 24, 29
399, 24, 29
400, 24, 29
401, 24, 29
402, 24, 29
403, 24, 29
404, 24, 29
405, 24, 31
406, 24, 29
407, 24, 29
408, 24, 31
409, 24, 29
410, 24, 29
411, 24, 31
412, 24, 29
413, 24, 29
414, 24, 31
415, 24, 29
416, 24, 29
417, 24, 29
418, 24, 29
419, 24, 29
420, 24, 29
421, 24, 29
422, 24, 29
423, 24, 29
424, 24, 29
425, 24, 29
426, 24, 29
427, 24, 29
428, 24, 29
429, 24, 29
430, 24, 29
431, 24, 29
432, 24, 29
433, 24, 29
434, 24, 29
435, 24, 29
436, 24, 29
437, 24, 31
438, 24, 29
439, 24, 29
440, 24, 31
441, 24, 29
442, 24, 29
443, 24, 31
444, 24, 29
445, 24, 29
446, 24, 34
447, 24, 29
448, 24, 29
449, 24, 29
450, 24, 29
451, 24, 29
452, 24, 29
453, 24, 29
454, 24, 29
455, 24, 29
456, 24, 29
457, 24, 29
458, 24, 29
459, 24, 29
460, 24, 31
461, 24, 29
462, 24, 29
463, 24, 31
464, 24, 29
465, 24, 29
466, 24, 31
467, 24, 29
468, 24, 29
469, 24, 31
470, 24, 29
471, 24, 29
472, 24, 29
473, 24, 29
474, 24, 29
475, 24, 29
476, 24, 31
477, 24, 29
478, 24, 29
479, 24, 31
480, 24, 29
481, 24, 29
482, 24, 31
483, 24, 29
484, 24, 29
485, 24, 31
486, 24, 29
487, 24, 29
488, 24, 29
489, 24, 29
490, 24, 29
491, 24, 29
492, 24, 29
493, 24, 29
494, 24, 29
495, 24, 29
496, 24, 29
497, 24, 29
498, 24, 29
499, 24, 29
500, 24, 29
501, 24, 29
502, 24, 29
503, 24, 29
504, 24, 29
505, 24, 29
506, 24, 29
507, 24, 29
508, 24, 31
509, 24, 29
510, 24, 32
511, 24, 29
512, 24, 29
513, 24, 29
514, 24, 29
515, 24, 29
516, 24, 29
517, 24, 29
518, 24, 29
519, 24, 29
520, 24, 29
521, 24, 29
522, 24, 29
523, 24, 29
524, 24, 29
525, 24, 29
526, 24, 29
527, 24, 29
528, 24, 29
529, 24, 29
530, 24, 29
531, 24, 31
532, 24, 29
533, 24, 29
534, 24, 31
535, 24, 29
536, 24, 29
537, 24, 31
538, 24, 29
539, 24, 29
540, 24, 31
541, 24, 29
542, 24, 29
543, 24, 29
544, 24, 29
545, 24, 29
546, 24, 29
547, 24, 29
548, 24, 29
549, 24, 29
550, 24, 29
551, 24, 29
552, 24, 29
553, 24, 29
554, 24, 29
555, 24, 29
556, 24, 29
557, 24, 29
558, 24, 29
559, 24, 29
560, 24, 29
561, 24, 29
562, 24, 29
563, 24, 31
564, 24, 29
565, 24, 29
566, 24, 31
567, 24, 29
568, 24, 29
569, 24, 31
570, 24, 29
571, 24, 29
572, 24, 31
573, 24, 29
574, 24, 32
575, 24, 29
576, 24, 29
577, 24, 29
578, 24, 29
579, 24, 29
580, 24, 29
581, 24, 29
582, 24, 29
583, 24, 29
584, 24, 29
585, 24, 29
586, 24, 31
587, 24, 29
588, 24, 29
589, 24, 31
590, 24, 29
591, 24, 29
592, 24, 31
593, 24, 29
594, 24, 29
595, 24, 31
596, 24, 29
597, 24, 29
598, 24, 29
599, 24, 29
600, 24, 29
601, 24, 29
602, 24, 29
603, 24, 29
604, 24, 29
605, 24, 29
606, 24, 29
607, 24, 29
608, 24, 29
609, 24, 29
610, 24, 29
611, 24, 29
612, 24, 29
613, 24, 29
614, 24, 29
615, 24, 29
616, 24, 29
617, 24, 29
618, 24, 31
619, 24, 29
620, 24, 29
621, 24, 31
622, 24, 29
623, 24, 29
624, 24, 31
625, 24, 29
626, 24, 29
627, 24, 31
628, 24, 29
629, 24, 29
630, 24, 29
631, 24, 29
632, 24, 29
633, 24, 29
634, 24, 29
635, 24, 29
636, 24, 29
637, 24, 29
638, 24, 29
639, 24, 29
640, 24, 29
641, 24, 31
642, 24, 29
643, 24, 29
644, 24, 31
645, 24, 29
646, 24, 29
647, 24, 31
648, 24, 29
649, 24, 29
650, 24, 31
651, 24, 29
652, 24, 29
653, 24, 29
654, 24, 29
655, 24, 29
656, 24, 29
657, 24, 29
658, 24, 29
659, 24, 29
660, 24, 29
661, 24, 29
662, 24, 29
663, 24, 29
664, 24, 29
665, 24, 29
666, 24, 29
667, 24, 29
668, 24, 29
669, 24, 29
670, 24, 29
671, 24, 29
672, 24, 29
673, 24, 31
674, 24, 29
675, 24, 29
676, 24, 31
677, 24, 29
678, 24, 29
679, 24, 31
680, 24, 29
681, 24, 29
682, 24, 31
683, 24, 29
684, 24, 29
685, 24, 29
686, 24, 29
687, 24, 29
688, 24, 29
689, 24, 29
690, 24, 29
691, 24, 29
692, 24, 29
693, 24, 29
694, 24, 29
695, 24, 29
696, 24, 29
697, 24, 29
698, 24, 29
699, 24, 29
700, 24, 29
701, 24, 29
702, 24, 34
703, 24, 29
704, 24, 29
705, 24, 31
706, 24, 29
707, 24, 29
708, 24, 29
709, 24, 29
710, 24, 29
711, 24, 29
712, 24, 29
713, 24, 29
714, 24, 29
715, 24, 29
716, 24, 29
717, 24, 29
718, 24, 29
719, 24, 29
720, 24, 29
721, 24, 29
722, 24, 29
723, 24, 29
724, 24, 29
725, 24, 29
726, 24, 29
727, 24, 29
728, 24, 31
729, 24, 29
730, 24, 29
731, 24, 31
732, 24, 29
733, 24, 29
734, 24, 31
735, 24, 29
736, 24, 29
737, 24, 31
738, 24, 29
739, 24, 29
740, 24, 29
741, 24, 29
742, 24, 29
743, 24, 29
744, 24, 29
745, 24, 29
746, 24, 29
747, 24, 29
748, 24, 29
749, 24, 29
750, 24, 29
751, 24, 29
752, 24, 29
753, 24, 29
754, 24, 29
755, 24, 29
756, 24, 29
757, 24, 29
758, 24, 29
759, 24, 29
760, 24, 31
761, 24, 29
762, 24, 29
763, 24, 31
764, 24, 29
765, 24, 29
766, 24, 34
767, 24, 29
768, 24, 29
769, 24, 29
770, 24, 29
771, 24, 29
772, 24, 29
773, 24, 29
774, 24, 29
775, 24, 29
776, 24, 29
777, 24, 29
778, 24, 29
779, 24, 29
780, 24, 29
781, 24, 29
782, 24, 29
783, 24, 31
784, 24, 29
785, 24, 29
786, 24, 31
787, 24, 29
788, 24, 29
789, 24, 31
790, 24, 29
791, 24, 29
792, 24, 31
793, 24, 29
794, 24, 29
795, 24, 29
796, 24, 29
797, 24, 29
798, 24, 29
799, 24, 29
800, 24, 29
801, 24, 29
802, 24, 29
803, 24, 29
804, 24, 29
805, 24, 29
806, 24, 29
807, 24, 29
808, 24, 29
809, 24, 29
810, 24, 29
811, 24, 29
812, 24, 29
813, 24, 29
814, 24, 29
815, 24, 31
816, 24, 29
817, 24, 29
818, 24, 31
819, 24, 29
820, 24, 29
821, 24, 31
822, 24, 29
823, 24, 29
824, 24, 31
825, 24, 29
826, 24, 29
827, 24, 29
828, 24, 29
829, 24, 29
830, 24, 32
831, 24, 29
832, 24, 29
833, 24, 29
834, 24, 29
835, 24, 29
836, 24, 29
837, 24, 29
838, 24, 31
839, 24, 29
840, 24, 29
841, 24, 31
842, 24, 29
843, 24, 29
844, 24, 31
845, 24, 29
846, 24, 29
847, 24, 31
848, 24, 29
849, 24, 29
850, 24, 29
851, 24, 29
852, 24, 29
853, 24, 29
854, 24, 29
855, 24, 29
856, 24, 29
857, 24, 29
858, 24, 29
859, 24, 29
860, 24, 29
861, 24, 29
862, 24, 29
863, 24, 29
864, 24, 29
865, 24, 29
866, 24, 29
867, 24, 29
868, 24, 29
869, 24, 29
870, 24, 31
871, 24, 29
872, 24, 29
873, 24, 31
874, 24, 29
875, 24, 29
876, 24, 31
877, 24, 29
878, 24, 29
879, 24, 31
880, 24, 29
881, 24, 29
882, 24, 29
883, 24, 29
884, 24, 29
885, 24, 29
886, 24, 29
887, 24, 29
888, 24, 29
889, 24, 29
890, 24, 29
891, 24, 29
892, 24, 29
893, 24, 29
894, 24, 29
895, 24, 29
896, 24, 31
897, 24, 29
898, 24, 29
899, 24, 31
900, 24, 29
901, 24, 29
902, 24, 31
903, 24, 29
904, 24, 29
905, 24, 29
906, 24, 29
907, 24, 29
908, 24, 29
909, 24, 29
910, 24, 29
911, 24, 29
912, 24, 29
913, 24, 29
914, 24, 29
915, 24, 29
916, 24, 29
917, 24, 29
918, 24, 29
919, 24, 29
920, 24, 29
921, 24, 29
922, 24, 29
923, 24, 29
924, 24, 29
925, 24, 31
926, 24, 29
927, 24, 29
928, 24, 31
929, 24, 29
930, 24, 29
931, 24, 31
932, 24, 29
933, 24, 29
934, 24, 31
935, 24, 29
936, 24, 29
937, 24, 29
938, 24, 29
939, 24, 29
940, 24, 29
941, 24, 29
942, 24, 29
943, 24, 29
944, 24, 29
945, 24, 29
946, 24, 29
947, 24, 29
948, 24, 29
949, 24, 29
950, 24, 29
951, 24, 29
952, 24, 29
953, 24, 29
954, 24, 29
955, 24, 29
956, 24, 29
957, 24, 31
958, 24, 32
959, 24, 29
960, 24, 29
961, 24, 29
962, 24, 29
963, 24, 29
964, 24, 29
965, 24, 29
966, 24, 29
967, 24, 29
968, 24, 29
969, 24, 29
970, 24, 29
971, 24, 29
972, 24, 29
973, 24, 29
974, 24, 29
975, 24, 29
976, 24, 29
977, 24, 29
978, 24, 29
979, 24, 29
980, 24, 31
981, 24, 29
982, 24, 29
983, 24, 31
984, 24, 29
985, 24, 29
986, 24, 31
987, 24, 29
988, 24, 29
989, 24, 31
990, 24, 29
991, 24, 29
992, 24, 29
993, 24, 29
994, 24, 29
995, 24, 29
996, 24, 29
997, 24, 29
998, 24, 29
999, 24, 29
1000, 24, 29
1001, 24, 29
1002, 24, 29
1003, 24, 29
1004, 24, 29
1005, 24, 29
1006, 24, 29
1007, 24, 29
1008, 24, 29
1009, 24, 29
1010, 24, 29
1011, 24, 29
1012, 24, 31
1013, 24, 29
1014, 24, 29
1015, 24, 31
1016, 24, 29
1017, 24, 29
1018, 24, 31
1019, 24, 29
1020, 24, 29
1021, 24, 31
1022, 24, 29
1023, 24, 29
0, 25, 100
1, 25, 30
2, 25, 30
3, 25, 53
4, 25, 27
5, 25, 27
6, 25, 53
7, 25, 27
8, 25, 100
9, 25, 27
10, 25, 27
11, 25, 50
12, 25, 27
13, 25, 27
14, 25, 50
15, 25, 27
16, 25, 27
17, 25, 50
18, 25, 27
19, 25, 27
20, 25, 27
21, 25, 50
22, 25, 27
23, 25, 27
24, 25, 50
25, 25, 27
26, 25, 27
27, 25, 50
28, 25, 27
29, 25, 27
30, 25, 50
31, 25, 50
32, 25, 27
33, 25, 27
34, 25, 50
35, 25, 27
36, 25, 27
37, 25, 50
38, 25, 27
39, 25, 27
40, 25, 50
41, 25, 27
42, 25, 27
43, 25, 27
44, 25, 50
45, 25, 27
46, 25, 27
47, 25, 50
48, 25, 27
49, 25, 27
50, 25, 50
51, 25, 27
52, 25, 27
53, 25, 50
54, 25, 27
55, 25, 27
56, 25, 27
57, 25, 50
58, 25, 27
59, 25, 27
60, 25, 50
61, 25, 27
62, 25, 30
63, 25, 53
64, 25, 27
65, 25, 27
66, 25, 27
67, 25, 50
68, 25, 27
69, 25, 27
70, 25, 50
71, 25, 27
72, 25, 27
73, 25, 50
74, 25, 27
75, 25, 27
76, 25, 50
77, 25, 50
78, 25, 27
79, 25, 27
80, 25, 50
81, 25, 27
82, 25, 27
83, 25, 50
84, 25, 27
85, 25, 27
86, 25, 50
87, 25, 27
88, 25, 27
89, 25, 100
90, 25, 50
91, 25, 27
92, 25, 27
93, 25, 27
94, 25, 50
95, 25, 27
96, 25, 27
97, 25, 50
98, 25, 27
99, 25, 27
100, 25, 50
101, 25, 27
102, 25, 27
103, 25, 50
104, 25, 50
105, 25, 27
106, 25, 27
107, 25, 50
108, 25, 27
109, 25, 27
110, 25, 50
111, 25, 27
112, 25, 27
113, 25, 50
114, 25, 27
115, 25, 27
116, 25, 27
117, 25, 50
118, 25, 27
119, 25, 27
120, 25, 50
121, 25, 27
122, 25, 27
123, 25, 50
124, 25, 27
125, 25, 27
126, 25, 50
127, 25, 50
128, 25, 27
129, 25, 27
130, 25, 50
131, 25, 27
132, 25, 27
133, 25, 50
134, 25, 27
135, 25, 27
136, 25, 50
137, 25, 27
138, 25, 27
139, 25, 27
140, 25, 50
141, 25, 27
142, 25, 27
143, 25, 50
144, 25, 27
145, 25, 27
146, 25, 50
147, 25, 27
148, 25, 27
149, 25, 50
150, 25, 27
151, 25, 27
152, 25, 27
153, 25, 50
154, 25, 27
155, 25, 27
156, 25, 50
157, 25, 27
158, 25, 27
159, 25, 50
160, 25, 27
161, 25, 27
162, 25, 50
163, 25, 50
164, 25, 27
165, 25, 27
166, 25, 50
167, 25, 27
168, 25, 27
169, 25, 50
170, 25, 27
171, 25, 27
172, 25, 50
173, 25, 27
174, 25, 27
175, 25, 27
176, 25, 50
177, 25, 27
178, 25, 27
179, 25, 50
180, 25, 27
181, 25, 27
182, 25, 50
183, 25, 27
184, 25, 27
185, 25, 50
186, 25, 27
187, 25, 27
188, 25, 27
189, 25, 50
190, 25, 30
191, 25, 27
192, 25, 50
193, 25, 27
194, 25, 27
195, 25, 50
196, 25, 27
197, 25, 27
198, 25, 27
199, 25, 50
200, 25, 27
201, 25, 27
202, 25, 50
203, 25, 27
204, 25, 27
205, 25, 50
206, 25, 27
207, 25, 27
208, 25, 50
209, 25, 27
210, 25, 27
211, 25, 27
212, 25, 50
213, 25, 27
214, 25, 27
215, 25, 50
216, 25, 27
217, 25, 27
218, 25, 50
219, 25, 27
220, 25, 27
221, 25, 50
222, 25, 50
223, 25, 27
224, 25, 27
225, 25, 50
226, 25, 27
227, 25, 27
228, 25, 50
229, 25, 27
230, 25, 27
231, 25, 50
232, 25, 27
233, 25, 27
234, 25, 27
235, 25, 50
236, 25, 27
237, 25, 27
238, 25, 50
239, 25, 27
240, 25, 27
241, 25, 50
242, 25, 27
243, 25, 27
244, 25, 50
245, 25, 27
246, 25, 27
247, 25, 27
248, 25, 50
249, 25, 27
250, 25, 27
251, 25, 50
252, 25, 27
253, 25, 27
254, 25, 53
255, 25, 27
256, 25, 27
257, 25, 27
258, 25, 50
259, 25, 27
260, 25, 27
261, 25, 50
262, 25, 27
263, 25, 27
264, 25, 50
265, 25, 27
266, 25, 27
267, 25, 50
268, 25, 27
269, 25, 27
270, 25, 27
271, 25, 50
272, 25, 27
273, 25, 27
274, 25, 50
275, 25, 27
276, 25, 27
277, 25, 50
278, 25, 27
279, 25, 27
280, 25, 50
281, 25, 50
282, 25, 27
283, 25, 27
284, 25, 50
285, 25, 27
286, 25, 27
287, 25, 50
288, 25, 27
289, 25, 27
290, 25, 50
291, 25, 27
292, 25, 27
293, 25, 27
294, 25, 50
295, 25, 27
296, 25, 27
297, 25, 50
298, 25, 27
299, 25, 27
300, 25, 50
301, 25, 27
302, 25, 27
303, 25, 50
304, 25, 27
305, 25, 27
306, 25, 27
307, 25, 50
308, 25, 27
309, 25, 27
310, 25, 50
311, 25, 27
312, 25, 27
313, 25, 50
314, 25, 27
315, 25, 27
316, 25, 50
317, 25, 50
318, 25, 30
319, 25, 27
320, 25, 50
321, 25, 27
322, 25, 27
323, 25, 50
324, 25, 27
325, 25, 27
326, 25, 50
327, 25, 27
328, 25, 27
329, 25, 27
330, 25, 50
331, 25, 27
332, 25, 27
333, 25, 50
334, 25, 27
335, 25, 27
336, 25, 50
337, 25, 27
338, 25, 27
339, 25, 50
340, 25, 50
341, 25, 27
342, 25, 27
343, 25, 50
344, 25, 27
345, 25, 27
346, 25, 50
347, 25, 27
348, 25, 27
349, 25, 50
350, 25, 27
351, 25, 27
352, 25, 27
353, 25, 50
354, 25, 27
355, 25, 27
356, 25, 50
357, 25, 27
358, 25, 27
359, 25, 50
360, 25, 27
361, 25, 27
362, 25, 50
363, 25, 27
364, 25, 27
365, 25, 27
366, 25, 50
367, 25, 27
368, 25, 27
369, 25, 50
370, 25, 27
371, 25, 27
372, 25, 50
373, 25, 27
374, 25, 27
375, 25, 50
376, 25, 50
377, 25, 27
378, 25, 27
379, 25, 50
380, 25, 27
381, 25, 27
382, 25, 50
383, 25, 27
384, 25, 27
385, 25, 50
386, 25, 27
387, 25, 27
388, 25, 27
389, 25, 50
390, 25, 27
391, 25, 27
392, 25, 50
393, 25, 27
394, 25, 27
395, 25, 50
396, 25, 27
397, 25, 27
398, 25, 50
399, 25, 50
400, 25, 27
401, 25, 27
402, 25, 50
403, 25, 27
404, 25, 27
405, 25, 50
406, 25, 27
407, 25, 27
408, 25, 50
409, 25, 27
410, 25, 27
411, 25, 27
412, 25, 50
413, 25, 27
414, 25, 27
415, 25, 50
416, 25, 27
417, 25, 27
418, 25, 50
419, 25, 27
420, 25, 27
421, 25, 50
422, 25, 27
423, 25, 27
424, 25, 27
425, 25, 50
426, 25, 27
427, 25, 27
428, 25, 50
429, 25, 27
430, 25, 27
431, 25, 50
432, 25, 27
433, 25, 27
434, 25, 50
435, 25, 50
436, 25, 27
437, 25, 27
438, 25, 50
439, 25, 27
440, 25, 27
441, 25, 50
442, 25, 27
443, 25, 27
444, 25, 50
445, 25, 27
446, 25, 30
447, 25, 27
448, 25, 50
449, 25, 27
450, 25, 27
451, 25, 50
452, 25, 27
453, 25, 27
454, 25, 50
455, 25, 27
456, 25, 27
457, 25, 50
458, 25, 50
459, 25, 27
460, 25, 27
461, 25, 50
462, 25, 27
463, 25, 27
464, 25, 50
465, 25, 27
466, 25, 27
467, 25, 50
468, 25, 27
469, 25, 27
470, 25, 27
471, 25, 50
472, 25, 27
473, 25, 27
474, 25, 50
475, 25, 50
476, 25, 27
477, 25, 27
478, 25, 27
479, 25, 50
480, 25, 27
481, 25, 27
482, 25, 50
483, 25, 27
484, 25, 27
485, 25, 50
486, 25, 27
487, 25, 27
488, 25, 50
489, 25, 27
490, 25, 27
491, 25, 27
492, 25, 50
493, 25, 27
494, 25, 27
495, 25, 50
496, 25, 27
497, 25, 27
498, 25, 50
499, 25, 27
500, 25, 27
501, 25, 50
502, 25, 50
503, 25, 27
504, 25, 27
505, 25, 50
506, 25, 27
507, 25, 27
508, 25, 50
509, 25, 27
510, 25, 30
511, 25, 50
512, 25, 27
513, 25, 27
514, 25, 27
515, 25, 50
516, 25, 27
517, 25, 27
518, 25, 50
519, 25, 27
520, 25, 27
521, 25, 50
522, 25, 27
523, 25, 27
524, 25, 50
525, 25, 50
526, 25, 27
527, 25, 27
528, 25, 50
529, 25, 27
530, 25, 27
531, 25, 50
532, 25, 27
533, 25, 27
534, 25, 50
535, 25, 27
536, 25, 27
537, 25, 27
538, 25, 50
539, 25, 27
540, 25, 27
541, 25, 50
542, 25, 27
543, 25, 27
544, 25, 50
545, 25, 27
546, 25, 27
547, 25, 50
548, 25, 27
549, 25, 27
550, 25, 27
551, 25, 50
552, 25, 27
553, 25, 27
554, 25, 50
555, 25, 27
556, 25, 27
557, 25, 50
558, 25, 27
559, 25, 27
560, 25, 50
561, 25, 50
562, 25, 27
563, 25, 27
564, 25, 50
565, 25, 27
566, 25, 27
567, 25, 50
568, 25, 27
569, 25, 27
570, 25, 50
571, 25, 27
572, 25, 27
573, 25, 27
574, 25, 53
575, 25, 27
576, 25, 27
577, 25, 50
578, 25, 27
579, 25, 27
580, 25, 50
581, 25, 27
582, 25, 27
583, 25, 50
584, 25, 50
585, 25, 27
586, 25, 27
587, 25, 50
588, 25, 27
589, 25, 27
590, 25, 50
591, 25, 27
592, 25, 27
593, 25, 50
594, 25, 27
595, 25, 27
596, 25, 27
597, 25, 50
598, 25, 27
599, 25, 27
600, 25, 50
601, 25, 27
602, 25, 27
603, 25, 50
604, 25, 27
605, 25, 27
606, 25, 50
607, 25, 27
608, 25, 27
609, 25, 27
610, 25, 50
611, 25, 27
612, 25, 27
613, 25, 50
614, 25, 27
615, 25, 27
616, 25, 50
617, 25, 27
618, 25, 27
619, 25, 50
620, 25, 50
621, 25, 27
622, 25, 27
623, 25, 50
624, 25, 27
625, 25, 27
626, 25, 50
627, 25, 27
628, 25, 27
629, 25, 50
630, 25, 27
631, 25, 27
632, 25, 27
633, 25, 50
634, 25, 27
635, 25, 27
636, 25, 50
637, 25, 27
638, 25, 27
639, 25, 50
640, 25, 27
641, 25, 27
642, 25, 50
643, 25, 50
644, 25, 27
645, 25, 27
646, 25, 50
647, 25, 27
648, 25, 27
649, 25, 50
650, 25, 27
651, 25, 27
652, 25, 50
653, 25, 27
654, 25, 27
655, 25, 27
656, 25, 50
657, 25, 27
658, 25, 27
659, 25, 50
660, 25, 27
661, 25, 27
662, 25, 50
663, 25, 27
664, 25, 27
665, 25, 50
666, 25, 27
667, 25, 27
668, 25, 27
669, 25, 50
670, 25, 27
671, 25, 27
672, 25, 50
673, 25, 27
674, 25, 27
675, 25, 50
676, 25, 27
677, 25, 27
678, 25, 50
679, 25, 50
680, 25, 27
681, 25, 27
682, 25, 50
683, 25, 27
684, 25, 27
685, 25, 50
686, 25, 27
687, 25, 27
688, 25, 50
689, 25, 27
690, 25, 27
691, 25, 27
692, 25, 50
693, 25, 27
694, 25, 27
695, 25, 50
696, 25, 27
697, 25, 27
698, 25, 50
699, 25, 27
700, 25, 27
701, 25, 50
702, 25, 53
703, 25, 27
704, 25, 27
705, 25, 50
706, 25, 27
707, 25, 27
708, 25, 50
709, 25, 27
710, 25, 27
711, 25, 50
712, 25, 27
713, 25, 27
714, 25, 27
715, 25, 50
716, 25, 27
717, 25, 27
718, 25, 50
719, 25, 27
720, 25, 27
721, 25, 50
722, 25, 27
723, 25, 27
724, 25, 50
725, 25, 27
726, 25, 27
727, 25, 27
728, 25, 50
729, 25, 27
730, 25, 27
731, 25, 50
732, 25, 27
733, 25, 27
734, 25, 50
735, 25, 27
736, 25, 27
737, 25, 50
738, 25, 50
739, 25, 27
740, 25, 27
741, 25, 50
742, 25, 27
743, 25, 27
744, 25, 50
745, 25, 27
746, 25, 27
747, 25, 50
748, 25, 27
749, 25, 27
750, 25, 27
751, 25, 50
752, 25, 27
753, 25, 27
754, 25, 50
755, 25, 27
756, 25, 27
757, 25, 50
758, 25, 27
759, 25, 27
760, 25, 50
761, 25, 27
762, 25, 27
763, 25, 27
764, 25, 50
765, 25, 27
766, 25, 30
767, 25, 50
768, 25, 27
769, 25, 27
770, 25, 50
771, 25, 27
772, 25, 27
773, 25, 27
774, 25, 50
775, 25, 27
776, 25, 27
777, 25, 50
778, 25, 27
779, 25, 27
780, 25, 50
781, 25, 27
782, 25, 27
783, 25, 50
784, 25, 27
785, 25, 27
786, 25, 27
787, 25, 50
788, 25, 27
789, 25, 27
790, 25, 50
791, 25, 27
792, 25, 27
793, 25, 50
794, 25, 27
795, 25, 27
796, 25, 50
797, 25, 50
798, 25, 27
799, 25, 27
800, 25, 50
801, 25, 27
802, 25, 27
803, 25, 50
804, 25, 27
805, 25, 27
806, 25, 50
807, 25, 27
808, 25, 27
809, 25, 27
810, 25, 50
811, 25, 27
812, 25, 27
813, 25, 50
814, 25, 27
815, 25, 27
816, 25, 50
817, 25, 27
818, 25, 27
819, 25, 50
820, 25, 27
821, 25, 27
822, 25, 27
823, 25, 50
824, 25, 27
825, 25, 27
826, 25, 50
827, 25, 27
828, 25, 27
829, 25, 50
830, 25, 30
831, 25, 27
832, 25, 27
833, 25, 50
834, 25, 27
835, 25, 27
836, 25, 50
837, 25, 27
838, 25, 27
839, 25, 50
840, 25, 27
841, 25, 27
842, 25, 50
843, 25, 27
844, 25, 27
845, 25, 27
846, 25, 50
847, 25, 27
848, 25, 27
849, 25, 50
850, 25, 27
851, 25, 27
852, 25, 50
853, 25, 27
854, 25, 27
855, 25, 50
856, 25, 50
857, 25, 27
858, 25, 27
859, 25, 50
860, 25, 27
861, 25, 27
862, 25, 50
863, 25, 27
864, 25, 27
865, 25, 50
866, 25, 27
867, 25, 27
868, 25, 27
869, 25, 50
870, 25, 27
871, 25, 27
872, 25, 50
873, 25, 27
874, 25, 27
875, 25, 50
876, 25, 27
877, 25, 27
878, 25, 50
879, 25, 27
880, 25, 27
881, 25, 27
882, 25, 50
883, 25, 27
884, 25, 27
885, 25, 50
886, 25, 27
887, 25, 27
888, 25, 50
889, 25, 27
890, 25, 27
891, 25, 50
892, 25, 50
893, 25, 27
894, 25, 27
895, 25, 50
896, 25, 27
897, 25, 27
898, 25, 50
899, 25, 27
900, 25, 27
901, 25, 50
902, 25, 27
903, 25, 27
904, 25, 27
905, 25, 50
906, 25, 27
907, 25, 27
908, 25, 50
909, 25, 27
910, 25, 27
911, 25, 50
912, 25, 27
913, 25, 27
914, 25, 50
915, 25, 50
916, 25, 27
917, 25, 27
918, 25, 50
919, 25, 27
920, 25, 27
921, 25, 50
922, 25, 27
923, 25, 27
924, 25, 50
925, 25, 27
926, 25, 27
927, 25, 27
928, 25, 50
929, 25, 27
930, 25, 27
931, 25, 50
932, 25, 27
933, 25, 27
934, 25, 50
935, 25, 27
936, 25, 27
937, 25, 50
938, 25, 27
939, 25, 27
940, 25, 27
941, 25, 50
942, 25, 27
943, 25, 27
944, 25, 50
945, 25, 27
946, 25, 27
947, 25, 50
948, 25, 27
949, 25, 27
950, 25, 50
951, 25, 50
952, 25, 27
953, 25, 27
954, 25, 50
955, 25, 27
956, 25, 27
957, 25, 50
958, 25, 30
959, 25, 27
960, 25, 50
961, 25, 27
962, 25, 27
963, 25, 27
964, 25, 50
965, 25, 27
966, 25, 27
967, 25, 50
968, 25, 27
969, 25, 27
970, 25, 50
971, 25, 27
972, 25, 27
973, 25, 50
974, 25, 50
975, 25, 27
976, 25, 27
977, 25, 50
978, 25, 27
979, 25, 27
980, 25, 50
981, 25, 27
982, 25, 27
983, 25, 50
984, 25, 27
985, 25, 27
986, 25, 27
987, 25, 50
988, 25, 27
989, 25, 27
990, 25, 50
991, 25, 27
992, 25, 27
993, 25, 50
994, 25, 27
995, 25, 27
996, 25, 50
997, 25, 27
998, 25, 27
999, 25, 27
1000, 25, 50
1001, 25, 27
1002, 25, 27
1003, 25, 50
1004, 25, 27
1005, 25, 27
1006, 25, 50
1007, 25, 27
1008, 25, 27
1009, 25, 50
1010, 25, 50
1011, 25, 27
1012, 25, 27
1013, 25, 50
1014, 25, 27
1015, 25, 27
1016, 25, 50
1017, 25, 27
1018, 25, 27
1019, 25, 50
1020, 25, 27
1021, 25, 27
1022, 25, 30
1023, 25, 50
0, 26, 37
1, 26, 37
2, 26, 34
3, 26, 30
4, 26, 34
5, 26, 34
6, 26, 34
7, 26, 27
8, 26, 34
9, 26, 34
10, 26, 34
11, 26, 27
12, 26, 34
13, 26, 34
14, 26, 34
15, 26, 27
16, 26, 34
17, 26, 34
18, 26, 34
19, 26, 27
20, 26, 34
21, 26, 34
22, 26, 34
23, 26, 27
24, 26, 34
25, 26, 34
26, 26, 34
27, 26, 27
28, 26, 34
29, 26, 34
30, 26, 34
31, 26, 27
32, 26, 34
33, 26, 34
34, 26, 34
35, 26, 27
36, 26, 34
37, 26, 34
38, 26, 34
39, 26, 27
40, 26, 34
41, 26, 34
42, 26, 34
43, 26, 27
44, 26, 34
45, 26, 34
46, 26, 34
47, 26, 27
48, 26, 34
49, 26, 34
50, 26, 34
51, 26, 27
52, 26, 34
53, 26, 34
54, 26, 34
55, 26, 27
56, 26, 34
57, 26, 34
58, 26, 34
59, 26, 27
60, 26, 34
61, 26, 34
62, 26, 37
63, 26, 27
64, 26, 34
65, 26, 34
66, 26, 27
67, 26, 27
68, 26, 34
69, 26, 34
70, 26, 27
71, 26, 27
72, 26, 34
73, 26, 34
74, 26, 27
75, 26, 27
76, 26, 34
77, 26, 34
78, 26, 27
79, 26, 27
80, 26, 34
81, 26, 34
82, 26, 27
83, 26, 27
84, 26, 34
85, 26, 34
86, 26, 27
87, 26, 27
88, 26, 34
89, 26, 34
90, 26, 27
91, 26, 27
92, 26, 34
93, 26, 34
94, 26, 27
95, 26, 27
96, 26, 34
97, 26, 34
98, 26, 27
99, 26, 27
100, 26, 34
101, 26, 34
102, 26, 27
103, 26, 27
104, 26, 34
105, 26, 34
106, 26, 27
107, 26, 27
108, 26, 34
109, 26, 34
110, 26, 27
111, 26, 27
112, 26, 34
113, 26, 34
114, 26, 27
115, 26, 27
116, 26, 34
117, 26, 34
118, 26, 27
119, 26, 27
120, 26, 34
121, 26, 34
122, 26, 27
123, 26, 27
124, 26, 34
125, 26, 34
126, 26, 27
127, 26, 27
128, 26, 34
129, 26, 34
130, 26, 27
131, 26, 27
132, 26, 34
133, 26, 34
134, 26, 27
135, 26, 27
136, 26, 34
137, 26, 34
138, 26, 27
139, 26, 27
140, 26, 34
141, 26, 34
142, 26, 27
143, 26, 27
144, 26, 34
145, 26, 34
146, 26, 27
147, 26, 27
148, 26, 34
149, 26, 34
150, 26, 27
151, 26, 27
152, 26, 34
153, 26, 34
154, 26, 27
155, 26, 27
156, 26, 34
157, 26, 34
158, 26, 27
159, 26, 27
160, 26, 34
161, 26, 34
162, 26, 27
163, 26, 27
164, 26, 34
165, 26, 34
166, 26, 27
167, 26, 27
168, 26, 34
169, 26, 34
170, 26, 27
171, 26, 27
172, 26, 34
173, 26, 34
174, 26, 27
175, 26, 27
176, 26, 34
177, 26, 34
178, 26, 27
179, 26, 27
180, 26, 34
181, 26, 34
182, 26, 27
183, 26, 27
184, 26, 34
185, 26, 34
186, 26, 27
187, 26, 27
188, 26, 34
189, 26, 34
190, 26, 30
191, 26, 27
192, 26, 34
193, 26, 34
194, 26, 27
195, 26, 27
196, 26, 34
197, 26, 34
198, 26, 27
199, 26, 27
200, 26, 34
201, 26, 34
202, 26, 27
203, 26, 27
204, 26, 34
205, 26, 34
206, 26, 27
207, 26, 27
208, 26, 34
209, 26, 34
210, 26, 27
211, 26, 27
212, 26, 34
213, 26, 34
214, 26, 27
215, 26, 27
216, 26, 34
217, 26, 34
218, 26, 27
219, 26, 27
220, 26, 34
221, 26, 34
222, 26, 27
223, 26, 27
224, 26, 34
225, 26, 34
226, 26, 27
227, 26, 27
228, 26, 34
229, 26, 34
230, 26, 27
231, 26, 27
232, 26, 34
233, 26, 34
234, 26, 27
235, 26, 27
236, 26, 34
237, 26, 34
238, 26, 27
239, 26, 27
240, 26, 34
241, 26, 34
242, 26, 27
243, 26, 27
244, 26, 34
245, 26, 34
246, 26, 27
247, 26, 27
248, 26, 34
249, 26, 34
250, 26, 27
251, 26, 27
252, 26, 34
253, 26, 34
254, 26, 30
255, 26, 34
256, 26, 34
257, 26, 34
258, 26, 27
259, 26, 34
260, 26, 34
261, 26, 34
262, 26, 27
263, 26, 34
264, 26, 34
265, 26, 34
266, 26, 27
267, 26, 34
268, 26, 34
269, 26, 34
270, 26, 27
271, 26, 34
272, 26, 34
273, 26, 34
274, 26, 27
275, 26, 34
276, 26, 34
277, 26, 34
278, 26, 27
279, 26, 34
280, 26, 34
281, 26, 34
282, 26, 27
283, 26, 34
284, 26, 34
285, 26, 34
286, 26, 27
287, 26, 34
288, 26, 34
289, 26, 34
290, 26, 27
291, 26, 34
292, 26, 34
293, 26, 34
294, 26, 27
295, 26, 34
296, 26, 34
297, 26, 34
298, 26, 27
299, 26, 34
300, 26, 34
301, 26, 34
302, 26, 27
303, 26, 34
304, 26, 34
305, 26, 34
306, 26, 27
307, 26, 34
308, 26, 34
309, 26, 34
310, 26, 27
311, 26, 34
312, 26, 34
313, 26, 34
314, 26, 27
315, 26, 34
316, 26, 34
317, 26, 34
318, 26, 30
319, 26, 34
320, 26, 34
321, 26, 34
322, 26, 27
323, 26, 34
324, 26, 34
325, 26, 34
326, 26, 27
327, 26, 34
328, 26, 34
329, 26, 34
330, 26, 27
331, 26, 34
332, 26, 34
333, 26, 34
334, 26, 27
335, 26, 34
336, 26, 34
337, 26, 34
338, 26, 27
339, 26, 34
340, 26, 34
341, 26, 34
342, 26, 27
343, 26, 34
344, 26, 34
345, 26, 34
346, 26, 27
347, 26, 34
348, 26, 34
349, 26, 34
350, 26, 27
351, 26, 34
352, 26, 34
353, 26, 34
354, 26, 27
355, 26, 34
356, 26, 34
357, 26, 34
358, 26, 27
359, 26, 34
360, 26, 34
361, 26, 34
362, 26, 27
363, 26, 34
364, 26, 34
365, 26, 34
366, 26, 27
367, 26, 34
368, 26, 34
369, 26, 34
370, 26, 27
371, 26, 34
372, 26, 34
373, 26, 34
374, 26, 27
375, 26, 34
376, 26, 34
377, 26, 34
378, 26, 27
379, 26, 34
380, 26, 34
381, 26, 34
382, 26, 27
383, 26, 34
384, 26, 34
385, 26, 27
386, 26, 27
387, 26, 34
388, 26, 34
389, 26, 27
390, 26, 27
391, 26, 34
392, 26, 34
393, 26, 27
394, 26, 27
395, 26, 34
396, 26, 34
397, 26, 27
398, 26, 27
399, 26, 34
400, 26, 34
401, 26, 27
402, 26, 27
403, 26, 34
404, 26, 34
405, 26, 27
406, 26, 27
407, 26, 34
408, 26, 34
409, 26, 27
410, 26, 27
411, 26, 34
412, 26, 34
413, 26, 27
414, 26, 27
415, 26, 34
416, 26, 34
417, 26, 27
418, 26, 27
419, 26, 34
420, 26, 34
421, 26, 27
422, 26, 27
423, 26, 34
424, 26, 34
425, 26, 27
426, 26, 27
427, 26, 34
428, 26, 34
429, 26, 27
430, 26, 27
431, 26, 34
432, 26, 34
433, 26, 27
434, 26, 27
435, 26, 34
436, 26, 34
437, 26, 27
438, 26, 27
439, 26, 34
440, 26, 34
441, 26, 27
442, 26, 27
443, 26, 34
444, 26, 34
445, 26, 27
446, 26, 30
447, 26, 34
448, 26, 34
449, 26, 27
450, 26, 27
451, 26, 34
452, 26, 34
453, 26, 27
454, 26, 27
455, 26, 34
456, 26, 34
457, 26, 27
458, 26, 27
459, 26, 34
460, 26, 34
461, 26, 27
462, 26, 27
463, 26, 34
464, 26, 34
465, 26, 27
466, 26, 27
467, 26, 34
468, 26, 34
469, 26, 27
470, 26, 27
471, 26, 34
472, 26, 34
473, 26, 27
474, 26, 27
475, 26, 27
476, 26, 34
477, 26, 34
478, 26, 27
479, 26, 27
480, 26, 34
481, 26, 34
482, 26, 27
483, 26, 27
484, 26, 34
485, 26, 34
486, 26, 27
487, 26, 27
488, 26, 34
489, 26, 34
490, 26, 27
491, 26, 27
492, 26, 34
493, 26, 34
494, 26, 27
495, 26, 27
496, 26, 34
497, 26, 34
498, 26, 27
499, 26, 27
500, 26, 34
501, 26, 34
502, 26, 27
503, 26, 27
504, 26, 34
505, 26, 34
506, 26, 27
507, 26, 27
508, 26, 34
509, 26, 34
510, 26, 30
511, 26, 34
512, 26, 34
513, 26, 34
514, 26, 27
515, 26, 34
516, 26, 34
517, 26, 34
518, 26, 27
519, 26, 34
520, 26, 34
521, 26, 34
522, 26, 27
523, 26, 34
524, 26, 34
525, 26, 34
526, 26, 27
527, 26, 34
528, 26, 34
529, 26, 34
530, 26, 27
531, 26, 34
532, 26, 34
533, 26, 34
534, 26, 27
535, 26, 34
536, 26, 34
537, 26, 34
538, 26, 27
539, 26, 34
540, 26, 34
541, 26, 34
542, 26, 27
543, 26, 34
544, 26, 34
545, 26, 34
546, 26, 27
547, 26, 34
548, 26, 34
549, 26, 34
550, 26, 27
551, 26, 34
552, 26, 34
553, 26, 34
554, 26, 27
555, 26, 34
556, 26, 34
557, 26, 34
558, 26, 27
559, 26, 34
560, 26, 34
561, 26, 34
562, 26, 27
563, 26, 34
564, 26, 34
565, 26, 34
566, 26, 27
567, 26, 34
568, 26, 34
569, 26, 34
570, 26, 27
571, 26, 34
572, 26, 34
573, 26, 34
574, 26, 30
575, 26, 34
576, 26, 34
577, 26, 34
578, 26, 27
579, 26, 34
580, 26, 34
581, 26, 34
582, 26, 27
583, 26, 34
584, 26, 34
585, 26, 34
586, 26, 27
587, 26, 34
588, 26, 34
589, 26, 34
590, 26, 27
591, 26, 34
592, 26, 34
593, 26, 34
594, 26, 27
595, 26, 34
596, 26, 34
597, 26, 34
598, 26, 27
599, 26, 34
600, 26, 34
601, 26, 34
602, 26, 27
603, 26, 34
604, 26, 34
605, 26, 34
606, 26, 27
607, 26, 34
608, 26, 34
609, 26, 34
610, 26, 27
611, 26, 34
612, 26, 34
613, 26, 34
614, 26, 27
615, 26, 34
616, 26, 34
617, 26, 34
618, 26, 27
619, 26, 34
620, 26, 34
621, 26, 34
622, 26, 27
623, 26, 34
624, 26, 34
625, 26, 34
626, 26, 27
627, 26, 34
628, 26, 34
629, 26, 34
630, 26, 27
631, 26, 34
632, 26, 34
633, 26, 34
634, 26, 27
635, 26, 34
636, 26, 34
637, 26, 34
638, 26, 27
639, 26, 34
640, 26, 34
641, 26, 27
642, 26, 27
643, 26, 34
644, 26, 34
645, 26, 27
646, 26, 27
647, 26, 34
648, 26, 34
649, 26, 27
650, 26, 27
651, 26, 34
652, 26, 34
653, 26, 27
654, 26, 27
655, 26, 34
656, 26, 34
657, 26, 27
658, 26, 27
659, 26, 34
660, 26, 34
661, 26, 27
662, 26, 27
663, 26, 34
664, 26, 34
665, 26, 27
666, 26, 27
667, 26, 34
668, 26, 34
669, 26, 27
670, 26, 27
671, 26, 34
672, 26, 34
673, 26, 27
674, 26, 27
675, 26, 34
676, 26, 34
677, 26, 27
678, 26, 27
679, 26, 34
680, 26, 34
681, 26, 27
682, 26, 27
683, 26, 34
684, 26, 34
685, 26, 27
686, 26, 27
687, 26, 34
688, 26, 34
689, 26, 27
690, 26, 27
691, 26, 34
692, 26, 34
693, 26, 27
694, 26, 27
695, 26, 34
696, 26, 34
697, 26, 27
698, 26, 27
699, 26, 34
700, 26, 34
701, 26, 27
702, 26, 30
703, 26, 34
704, 26, 34
705, 26, 27
706, 26, 27
707, 26, 34
708, 26, 34
709, 26, 27
710, 26, 27
711, 26, 34
712, 26, 34
713, 26, 27
714, 26, 27
715, 26, 34
716, 26, 34
717, 26, 27
718, 26, 27
719, 26, 34
720, 26, 34
721, 26, 27
722, 26, 27
723, 26, 34
724, 26, 34
725, 26, 27
726, 26, 27
727, 26, 34
728, 26, 34
729, 26, 27
730, 26, 27
731, 26, 34
732, 26, 34
733, 26, 27
734, 26, 27
735, 26, 34
736, 26, 34
737, 26, 27
738, 26, 27
739, 26, 34
740, 26, 34
741, 26, 27
742, 26, 27
743, 26, 34
744, 26, 34
745, 26, 27
746, 26, 27
747, 26, 34
748, 26, 34
749, 26, 27
750, 26, 27
751, 26, 34
752, 26, 34
753, 26, 27
754, 26, 27
755, 26, 34
756, 26, 34
757, 26, 27
758, 26, 27
759, 26, 34
760, 26, 34
761, 26, 27
762, 26, 27
763, 26, 34
764, 26, 34
765, 26, 27
766, 26, 30
767, 26, 34
768, 26, 34
769, 26, 27
770, 26, 27
771, 26, 34
772, 26, 34
773, 26, 27
774, 26, 27
775, 26, 34
776, 26, 34
777, 26, 27
778, 26, 27
779, 26, 34
780, 26, 34
781, 26, 27
782, 26, 27
783, 26, 34
784, 26, 34
785, 26, 27
786, 26, 27
787, 26, 34
788, 26, 34
789, 26, 27
790, 26, 27
791, 26, 34
792, 26, 34
793, 26, 27
794, 26, 27
795, 26, 34
796, 26, 34
797, 26, 27
798, 26, 27
799, 26, 34
800, 26, 34
801, 26, 27
802, 26, 27
803, 26, 34
804, 26, 34
805, 26, 27
806, 26, 27
807, 26, 34
808, 26, 34
809, 26, 27
810, 26, 27
811, 26, 34
812, 26, 34
813, 26, 27
814, 26, 27
815, 26, 34
816, 26, 34
817, 26, 27
818, 26, 27
819, 26, 34
820, 26, 34
821, 26, 27
822, 26, 27
823, 26, 34
824, 26, 34
825, 26, 27
826, 26, 27
827, 26, 34
828, 26, 34
829, 26, 27
830, 26, 37
831, 26, 34
832, 26, 34
833, 26, 27
834, 26, 34
835, 26, 34
836, 26, 34
837, 26, 27
838, 26, 34
839, 26, 34
840, 26, 34
841, 26, 27
842, 26, 34
843, 26, 34
844, 26, 34
845, 26, 27
846, 26, 34
847, 26, 34
848, 26, 34
849, 26, 27
850, 26, 34
851, 26, 34
852, 26, 34
853, 26, 27
854, 26, 34
855, 26, 34
856, 26, 34
857, 26, 27
858, 26, 34
859, 26, 34
860, 26, 34
861, 26, 27
862, 26, 34
863, 26, 34
864, 26, 34
865, 26, 27
866, 26, 34
867, 26, 34
868, 26, 34
869, 26, 27
870, 26, 34
871, 26, 34
872, 26, 34
873, 26, 27
874, 26, 34
875, 26, 34
876, 26, 34
877, 26, 27
878, 26, 34
879, 26, 34
880, 26, 34
881, 26, 27
882, 26, 34
883, 26, 34
884, 26, 34
885, 26, 27
886, 26, 34
887, 26, 34
888, 26, 34
889, 26, 27
890, 26, 34
891, 26, 34
892, 26, 34
893, 26, 27
894, 26, 34
895, 26, 34
896, 26, 34
897, 26, 27
898, 26, 34
899, 26, 34
900, 26, 34
901, 26, 27
902, 26, 34
903, 26, 34
904, 26, 34
905, 26, 27
906, 26, 34
907, 26, 34
908, 26, 34
909, 26, 27
910, 26, 34
911, 26, 34
912, 26, 34
913, 26, 27
914, 26, 34
915, 26, 34
916, 26, 34
917, 26, 27
918, 26, 34
919, 26, 34
920, 26, 34
921, 26, 27
922, 26, 34
923, 26, 34
924, 26, 34
925, 26, 27
926, 26, 34
927, 26, 34
928, 26, 34
929, 26, 27
930, 26, 34
931, 26, 34
932, 26, 34
933, 26, 27
934, 26, 34
935, 26, 34
936, 26, 34
937, 26, 27
938, 26, 34
939, 26, 34
940, 26, 34
941, 26, 27
942, 26, 34
943, 26, 34
944, 26, 34
945, 26, 27
946, 26, 34
947, 26, 34
948, 26, 34
949, 26, 27
950, 26, 34
951, 26, 34
952, 26, 34
953, 26, 27
954, 26, 34
955, 26, 34
956, 26, 34
957, 26, 27
958, 26, 37
959, 26, 34
960, 26, 27
961, 26, 27
962, 26, 34
963, 26, 34
964, 26, 27
965, 26, 27
966, 26, 34
967, 26, 34
968, 26, 27
969, 26, 27
970, 26, 34
971, 26, 34
972, 26, 27
973, 26, 27
974, 26, 34
975, 26, 34
976, 26, 27
977, 26, 27
978, 26, 34
979, 26, 34
980, 26, 27
981, 26, 27
982, 26, 34
983, 26, 34
984, 26, 27
985, 26, 27
986, 26, 34
987, 26, 34
988, 26, 27
989, 26, 27
990, 26, 34
991, 26, 34
992, 26, 27
993, 26, 27
994, 26, 34
995, 26, 34
996, 26, 27
997, 26, 27
998, 26, 34
999, 26, 34
1000, 26, 27
1001, 26, 27
1002, 26, 34
1003, 26, 34
1004, 26, 27
1005, 26, 27
1006, 26, 34
1007, 26, 34
1008, 26, 27
1009, 26, 27
1010, 26, 34
1011, 26, 34
1012, 26, 27
1013, 26, 27
1014, 26, 34
1015, 26, 34
1016, 26, 27
1017, 26, 27
1018, 26, 34
1019, 26, 34
1020, 26, 27
1021, 26, 27
1022, 26, 34
1023, 26, 34
0, 27, 30
1, 27, 37
2, 27, 34
3, 27, 37
4, 27, 27
5, 27, 100
6, 27, 34
7, 27, 34
8, 27, 34
9, 27, 27
10, 27, 34
11, 27, 34
12, 27, 34
13, 27, 27
14, 27, 34
15, 27, 34
16, 27, 34
17, 27, 27
18, 27, 34
19, 27, 34
20, 27, 34
21, 27, 27
22, 27, 34
23, 27, 34
24, 27, 34
25, 27, 27
26, 27, 34
27, 27, 34
28, 27, 34
29, 27, 27
30, 27, 34
31, 27, 34
32, 27, 34
33, 27, 27
34, 27, 34
35, 27, 34
36, 27, 34
37, 27, 27
38, 27, 34
39, 27, 34
40, 27, 34
41, 27, 27
42, 27, 34
43, 27, 34
44, 27, 34
45, 27, 27
46, 27, 34
47, 27, 34
48, 27, 34
49, 27, 27
50, 27, 34
51, 27, 34
52, 27, 34
53, 27, 27
54, 27, 34
55, 27, 34
56, 27, 34
57, 27, 27
58, 27, 34
59, 27, 34
60, 27, 34
61, 27, 27
62, 27, 37
63, 27, 37
64, 27, 27
65, 27, 27
66, 27, 34
67, 27, 34
68, 27, 27
69, 27, 27
70, 27, 34
71, 27, 34
72, 27, 27
73, 27, 27
74, 27, 34
75, 27, 34
76, 27, 27
77, 27, 27
78, 27, 34
79, 27, 34
80, 27, 27
81, 27, 27
82, 27, 34
83, 27, 34
84, 27, 27
85, 27, 27
86, 27, 34
87, 27, 34
88, 27, 27
89, 27, 27
90, 27, 34
91, 27, 34
92, 27, 27
93, 27, 27
94, 27, 34
95, 27, 34
96, 27, 27
97, 27, 27
98, 27, 34
99, 27, 34
100, 27, 27
101, 27, 27
102, 27, 34
103, 27, 34
104, 27, 27
105, 27, 27
106, 27, 34
107, 27, 34
108, 27, 27
109, 27, 27
110, 27, 34
111, 27, 34
112, 27, 27
113, 27, 27
114, 27, 34
115, 27, 34
116, 27, 27
117, 27, 27
118, 27, 34
119, 27, 34
120, 27, 27
121, 27, 27
122, 27, 34
123, 27, 34
124, 27, 27
125, 27, 27
126, 27, 37
127, 27, 34
128, 27, 27
129, 27, 27
130, 27, 34
131, 27, 34
132, 27, 27
133, 27, 27
134, 27, 34
135, 27, 34
136, 27, 27
137, 27, 27
138, 27, 34
139, 27, 34
140, 27, 27
141, 27, 27
142, 27, 34
143, 27, 34
144, 27, 27
145, 27, 27
146, 27, 34
147, 27, 34
148, 27, 27
149, 27, 27
150, 27, 34
151, 27, 34
152, 27, 27
153, 27, 27
154, 27, 34
155, 27, 34
156, 27, 27
157, 27, 27
158, 27, 34
159, 27, 34
160, 27, 27
161, 27, 27
162, 27, 34
163, 27, 34
164, 27, 27
165, 27, 27
166, 27, 34
167, 27, 34
168, 27, 27
169, 27, 27
170, 27, 34
171, 27, 34
172, 27, 27
173, 27, 27
174, 27, 34
175, 27, 34
176, 27, 27
177, 27, 27
178, 27, 34
179, 27, 34
180, 27, 27
181, 27, 27
182, 27, 34
183, 27, 34
184, 27, 27
185, 27, 27
186, 27, 34
187, 27, 34
188, 27, 27
189, 27, 27
190, 27, 37
191, 27, 34
192, 27, 27
193, 27, 34
194, 27, 34
195, 27, 34
196, 27, 27
197, 27, 34
198, 27, 34
199, 27, 34
200, 27, 27
201, 27, 34
202, 27, 34
203, 27, 34
204, 27, 27
205, 27, 34
206, 27, 34
207, 27, 34
208, 27, 27
209, 27, 34
210, 27, 34
211, 27, 34
212, 27, 27
213, 27, 34
214, 27, 34
215, 27, 34
216, 27, 27
217, 27, 34
218, 27, 34
219, 27, 34
220, 27, 27
221, 27, 34
222, 27, 34
223, 27, 34
224, 27, 27
225, 27, 34
226, 27, 34
227, 27, 34
228, 27, 27
229, 27, 34
230, 27, 34
231, 27, 34
232, 27, 27
233, 27, 34
234, 27, 34
235, 27, 34
236, 27, 27
237, 27, 34
238, 27, 34
239, 27, 34
240, 27, 27
241, 27, 34
242, 27, 34
243, 27, 34
244, 27, 27
245, 27, 34
246, 27, 34
247, 27, 34
248, 27, 27
249, 27, 34
250, 27, 34
251, 27, 34
252, 27, 27
253, 27, 34
254, 27, 37
255, 27, 34
256, 27, 27
257, 27, 34
258, 27, 34
259, 27, 34
260, 27, 27
261, 27, 34
262, 27, 34
263, 27, 34
264, 27, 27
265, 27, 34
266, 27, 34
267, 27, 34
268, 27, 27
269, 27, 34
270, 27, 34
271, 27, 34
272, 27, 27
273, 27, 34
274, 27, 34
275, 27, 34
276, 27, 27
277, 27, 34
278, 27, 34
279, 27, 34
280, 27, 27
281, 27, 34
282, 27, 34
283, 27, 34
284, 27, 27
285, 27, 34
286, 27, 34
287, 27, 34
288, 27, 27
289, 27, 34
290, 27, 34
291, 27, 34
292, 27, 27
293, 27, 34
294, 27, 34
295, 27, 34
296, 27, 27
297, 27, 34
298, 27, 34
299, 27, 34
300, 27, 27
301, 27, 34
302, 27, 34
303, 27, 34
304, 27, 27
305, 27, 34
306, 27, 34
307, 27, 34
308, 27, 27
309, 27, 34
310, 27, 34
311, 27, 34
312, 27, 27
313, 27, 34
314, 27, 34
315, 27, 34
316, 27, 27
317, 27, 34
318, 27, 34
319, 27, 27
320, 27, 27
321, 27, 34
322, 27, 34
323, 27, 27
324, 27, 27
325, 27, 34
326, 27, 34
327, 27, 27
328, 27, 27
329, 27, 34
330, 27, 34
331, 27, 27
332, 27, 27
333, 27, 34
334, 27, 34
335, 27, 27
336, 27, 27
337, 27, 34
338, 27, 34
339, 27, 27
340, 27, 27
341, 27, 34
342, 27, 34
343, 27, 27
344, 27, 27
345, 27, 34
346, 27, 34
347, 27, 27
348, 27, 27
349, 27, 34
350, 27, 34
351, 27, 27
352, 27, 27
353, 27, 34
354, 27, 34
355, 27, 27
356, 27, 27
357, 27, 34
358, 27, 34
359, 27, 27
360, 27, 27
361, 27, 34
362, 27, 34
363, 27, 27
364, 27, 27
365, 27, 34
366, 27, 34
367, 27, 27
368, 27, 27
369, 27, 34
370, 27, 34
371, 27, 27
372, 27, 27
373, 27, 34
374, 27, 34
375, 27, 27
376, 27, 27
377, 27, 34
378, 27, 34
379, 27, 27
380, 27, 27
381, 27, 34
382, 27, 37
383, 27, 27
384, 27, 27
385, 27, 34
386, 27, 34
387, 27, 27
388, 27, 27
389, 27, 34
390, 27, 34
391, 27, 27
392, 27, 27
393, 27, 34
394, 27, 34
395, 27, 27
396, 27, 27
397, 27, 34
398, 27, 34
399, 27, 27
400, 27, 27
401, 27, 34
402, 27, 34
403, 27, 27
404, 27, 27
405, 27, 34
406, 27, 34
407, 27, 27
408, 27, 27
409, 27, 34
410, 27, 34
411, 27, 27
412, 27, 27
413, 27, 34
414, 27, 34
415, 27, 27
416, 27, 27
417, 27, 34
418, 27, 34
419, 27, 27
420, 27, 27
421, 27, 34
422, 27, 34
423, 27, 27
424, 27, 27
425, 27, 34
426, 27, 34
427, 27, 27
428, 27, 27
429, 27, 34
430, 27, 34
431, 27, 27
432, 27, 27
433, 27, 34
434, 27, 34
435, 27, 27
436, 27, 27
437, 27, 34
438, 27, 34
439, 27, 27
440, 27, 27
441, 27, 34
442, 27, 34
443, 27, 27
444, 27, 27
445, 27, 34
446, 27, 37
447, 27, 27
448, 27, 27
449, 27, 34
450, 27, 34
451, 27, 27
452, 27, 27
453, 27, 34
454, 27, 34
455, 27, 27
456, 27, 27
457, 27, 34
458, 27, 34
459, 27, 27
460, 27, 27
461, 27, 34
462, 27, 34
463, 27, 27
464, 27, 27
465, 27, 34
466, 27, 34
467, 27, 27
468, 27, 27
469, 27, 34
470, 27, 34
471, 27, 27
472, 27, 27
473, 27, 34
474, 27, 34
475, 27, 27
476, 27, 27
477, 27, 34
478, 27, 34
479, 27, 27
480, 27, 27
481, 27, 34
482, 27, 34
483, 27, 27
484, 27, 27
485, 27, 34
486, 27, 34
487, 27, 27
488, 27, 27
489, 27, 34
490, 27, 34
491, 27, 27
492, 27, 27
493, 27, 34
494, 27, 34
495, 27, 27
496, 27, 27
497, 27, 34
498, 27, 34
499, 27, 27
500, 27, 27
501, 27, 34
502, 27, 34
503, 27, 27
504, 27, 27
505, 27, 34
506, 27, 34
507, 27, 27
508, 27, 27
509, 27, 34
510, 27, 37
511, 27, 27
512, 27, 34
513, 27, 34
514, 27, 34
515, 27, 27
516, 27, 34
517, 27, 34
518, 27, 34
519, 27, 27
520, 27, 34
521, 27, 34
522, 27, 34
523, 27, 27
524, 27, 34
525, 27, 34
526, 27, 34
527, 27, 27
528, 27, 34
529, 27, 34
530, 27, 34
531, 27, 27
532, 27, 34
533, 27, 34
534, 27, 34
535, 27, 27
536, 27, 34
537, 27, 34
538, 27, 34
539, 27, 27
540, 27, 34
541, 27, 34
542, 27, 34
543, 27, 27
544, 27, 34
545, 27, 34
546, 27, 34
547, 27, 27
548, 27, 34
549, 27, 34
550, 27, 34
551, 27, 27
552, 27, 34
553, 27, 34
554, 27, 34
555, 27, 27
556, 27, 34
557, 27, 34
558, 27, 34
559, 27, 27
560, 27, 34
561, 27, 34
562, 27, 34
563, 27, 27
564, 27, 34
565, 27, 34
566, 27, 34
567, 27, 27
568, 27, 34
569, 27, 34
570, 27, 34
571, 27, 27
572, 27, 34
573, 27, 34
574, 27, 37
575, 27, 27
576, 27, 34
577, 27, 34
578, 27, 34
579, 27, 27
580, 27, 34
581, 27, 34
582, 27, 34
583, 27, 27
584, 27, 34
585, 27, 34
586, 27, 34
587, 27, 27
588, 27, 34
589, 27, 34
590, 27, 34
591, 27, 27
592, 27, 34
593, 27, 34
594, 27, 34
595, 27, 27
596, 27, 34
597, 27, 34
598, 27, 34
599, 27, 27
600, 27, 34
601, 27, 34
602, 27, 34
603, 27, 27
604, 27, 34
605, 27, 34
606, 27, 34
607, 27, 27
608, 27, 34
609, 27, 34
610, 27, 34
611, 27, 27
612, 27, 34
613, 27, 34
614, 27, 34
615, 27, 27
616, 27, 34
617, 27, 34
618, 27, 34
619, 27, 27
620, 27, 34
621, 27, 34
622, 27, 34
623, 27, 27
624, 27, 34
625, 27, 34
626, 27, 34
627, 27, 27
628, 27, 34
629, 27, 34
630, 27, 34
631, 27, 27
632, 27, 34
633, 27, 34
634, 27, 34
635, 27, 27
636, 27, 34
637, 27, 34
638, 27, 37
639, 27, 27
640, 27, 34
641, 27, 34
642, 27, 27
643, 27, 27
644, 27, 34
645, 27, 34
646, 27, 27
647, 27, 27
648, 27, 34
649, 27, 34
650, 27, 27
651, 27, 27
652, 27, 34
653, 27, 34
654, 27, 27
655, 27, 27
656, 27, 34
657, 27, 34
658, 27, 27
659, 27, 27
660, 27, 34
661, 27, 34
662, 27, 27
663, 27, 27
664, 27, 34
665, 27, 34
666, 27, 27
667, 27, 27
668, 27, 34
669, 27, 34
670, 27, 27
671, 27, 27
672, 27, 34
673, 27, 34
674, 27, 27
675, 27, 27
676, 27, 34
677, 27, 34
678, 27, 27
679, 27, 27
680, 27, 34
681, 27, 34
682, 27, 27
683, 27, 27
684, 27, 34
685, 27, 34
686, 27, 27
687, 27, 27
688, 27, 34
689, 27, 34
690, 27, 27
691, 27, 27
692, 27, 34
693, 27, 34
694, 27, 27
695, 27, 27
696, 27, 34
697, 27, 34
698, 27, 27
699, 27, 27
700, 27, 34
701, 27, 34
702, 27, 27
703, 27, 27
704, 27, 34
705, 27, 34
706, 27, 27
707, 27, 27
708, 27, 34
709, 27, 34
710, 27, 27
711, 27, 27
712, 27, 34
713, 27, 34
714, 27, 27
715, 27, 27
716, 27, 34
717, 27, 34
718, 27, 27
719, 27, 27
720, 27, 34
721, 27, 34
722, 27, 27
723, 27, 27
724, 27, 34
725, 27, 34
726, 27, 27
727, 27, 27
728, 27, 34
729, 27, 34
730, 27, 27
731, 27, 27
732, 27, 34
733, 27, 34
734, 27, 27
735, 27, 27
736, 27, 34
737, 27, 34
738, 27, 27
739, 27, 27
740, 27, 34
741, 27, 34
742, 27, 27
743, 27, 27
744, 27, 34
745, 27, 34
746, 27, 27
747, 27, 27
748, 27, 34
749, 27, 34
750, 27, 27
751, 27, 27
752, 27, 34
753, 27, 34
754, 27, 27
755, 27, 27
756, 27, 34
757, 27, 34
758, 27, 27
759, 27, 27
760, 27, 34
761, 27, 34
762, 27, 27
763, 27, 27
764, 27, 34
765, 27, 34
766, 27, 30
767, 27, 27
768, 27, 34
769, 27, 34
770, 27, 27
771, 27, 27
772, 27, 34
773, 27, 34
774, 27, 27
775, 27, 27
776, 27, 34
777, 27, 34
778, 27, 27
779, 27, 27
780, 27, 34
781, 27, 34
782, 27, 27
783, 27, 27
784, 27, 34
785, 27, 34
786, 27, 27
787, 27, 27
788, 27, 34
789, 27, 34
790, 27, 27
791, 27, 27
792, 27, 34
793, 27, 34
794, 27, 27
795, 27, 27
796, 27, 34
797, 27, 34
798, 27, 27
799, 27, 27
800, 27, 34
801, 27, 34
802, 27, 27
803, 27, 27
804, 27, 34
805, 27, 34
806, 27, 27
807, 27, 27
808, 27, 34
809, 27, 34
810, 27, 27
811, 27, 27
812, 27, 34
813, 27, 34
814, 27, 27
815, 27, 27
816, 27, 34
817, 27, 34
818, 27, 27
819, 27, 27
820, 27, 34
821, 27, 34
822, 27, 27
823, 27, 27
824, 27, 34
825, 27, 34
826, 27, 27
827, 27, 27
828, 27, 34
829, 27, 34
830, 27, 30
831, 27, 34
832, 27, 34
833, 27, 34
834, 27, 27
835, 27, 34
836, 27, 34
837, 27, 34
838, 27, 27
839, 27, 34
840, 27, 34
841, 27, 34
842, 27, 27
843, 27, 34
844, 27, 34
845, 27, 34
846, 27, 27
847, 27, 34
848, 27, 34
849, 27, 34
850, 27, 27
851, 27, 34
852, 27, 34
853, 27, 34
854, 27, 27
855, 27, 34
856, 27, 34
857, 27, 34
858, 27, 27
859, 27, 34
860, 27, 34
861, 27, 34
862, 27, 27
863, 27, 34
864, 27, 34
865, 27, 34
866, 27, 27
867, 27, 34
868, 27, 34
869, 27, 34
870, 27, 27
871, 27, 34
872, 27, 34
873, 27, 34
874, 27, 27
875, 27, 34
876, 27, 34
877, 27, 34
878, 27, 27
879, 27, 34
880, 27, 34
881, 27, 34
882, 27, 27
883, 27, 34
884, 27, 34
885, 27, 34
886, 27, 27
887, 27, 34
888, 27, 34
889, 27, 34
890, 27, 27
891, 27, 34
892, 27, 34
893, 27, 34
894, 27, 30
895, 27, 34
896, 27, 34
897, 27, 34
898, 27, 27
899, 27, 34
900, 27, 34
901, 27, 34
902, 27, 27
903, 27, 34
904, 27, 34
905, 27, 34
906, 27, 27
907, 27, 34
908, 27, 34
909, 27, 34
910, 27, 27
911, 27, 34
912, 27, 34
913, 27, 34
914, 27, 27
915, 27, 34
916, 27, 34
917, 27, 34
918, 27, 27
919, 27, 34
920, 27, 34
921, 27, 34
922, 27, 27
923, 27, 34
924, 27, 34
925, 27, 34
926, 27, 27
927, 27, 34
928, 27, 34
929, 27, 34
930, 27, 27
931, 27, 34
932, 27, 34
933, 27, 34
934, 27, 27
935, 27, 34
936, 27, 34
937, 27, 34
938, 27, 27
939, 27, 34
940, 27, 34
941, 27, 34
942, 27, 27
943, 27, 34
944, 27, 34
945, 27, 34
946, 27, 27
947, 27, 34
948, 27, 34
949, 27, 34
950, 27, 27
951, 27, 34
952, 27, 34
953, 27, 34
954, 27, 27
955, 27, 34
956, 27, 34
957, 27, 34
958, 27, 27
959, 27, 34
960, 27, 34
961, 27, 27
962, 27, 27
963, 27, 34
964, 27, 34
965, 27, 27
966, 27, 27
967, 27, 34
968, 27, 34
969, 27, 27
970, 27, 27
971, 27, 34
972, 27, 34
973, 27, 27
974, 27, 27
975, 27, 34
976, 27, 34
977, 27, 27
978, 27, 27
979, 27, 34
980, 27, 34
981, 27, 27
982, 27, 27
983, 27, 34
984, 27, 34
985, 27, 27
986, 27, 27
987, 27, 34
988, 27, 34
989, 27, 27
990, 27, 27
991, 27, 34
992, 27, 34
993, 27, 27
994, 27, 27
995, 27, 34
996, 27, 34
997, 27, 27
998, 27, 27
999, 27, 34
1000, 27, 34
1001, 27, 27
1002, 27, 27
1003, 27, 34
1004, 27, 34
1005, 27, 27
1006, 27, 27
1007, 27, 34
1008, 27, 34
1009, 27, 27
1010, 27, 27
1011, 27, 34
1012, 27, 34
1013, 27, 27
1014, 27, 27
1015, 27, 34
1016, 27, 34
1017, 27, 27
1018, 27, 27
1019, 27, 34
1020, 27, 34
1021, 27, 27
1022, 27, 27
1023, 27, 34
0, 28, 41
1, 28, 41
2, 28, 30
3, 28, 41
4, 28, 27
5, 28, 27
6, 28, 38
7, 28, 27
8, 28, 66
9, 28, 27
10, 28, 27
11, 28, 27
12, 28, 38
13, 28, 27
14, 28, 27
15, 28, 27
16, 28, 27
17, 28, 38
18, 28, 27
19, 28, 27
20, 28, 38
21, 28, 27
22, 28, 38
23, 28, 27
24, 28, 27
25, 28, 38
26, 28, 27
27, 28, 38
28, 28, 27
29, 28, 27
30, 28, 38
31, 28, 27
32, 28, 38
33, 28, 27
34, 28, 27
35, 28, 38
36, 28, 27
37, 28, 38
38, 28, 27
39, 28, 27
40, 28, 38
41, 28, 27
42, 28, 27
43, 28, 27
44, 28, 27
45, 28, 38
46, 28, 27
47, 28, 27
48, 28, 27
49, 28, 27
50, 28, 38
51, 28, 27
52, 28, 27
53, 28, 27
54, 28, 27
55, 28, 38
56, 28, 27
57, 28, 27
58, 28, 27
59, 28, 27
60, 28, 38
61, 28, 27
62, 28, 30
63, 28, 38
64, 28, 27
65, 28, 38
66, 28, 27
67, 28, 27
68, 28, 38
69, 28, 27
70, 28, 27
71, 28, 27
72, 28, 27
73, 28, 38
74, 28, 27
75, 28, 27
76, 28, 27
77, 28, 27
78, 28, 38
79, 28, 27
80, 28, 27
81, 28, 27
82, 28, 27
83, 28, 38
84, 28, 27
85, 28, 27
86, 28, 27
87, 28, 27
88, 28, 38
89, 28, 27
90, 28, 27
91, 28, 27
92, 28, 27
93, 28, 38
94, 28, 27
95, 28, 27
96, 28, 38
97, 28, 27
98, 28, 38
99, 28, 27
100, 28, 27
101, 28, 38
102, 28, 27
103, 28, 38
104, 28, 27
105, 28, 27
106, 28, 38
107, 28, 27
108, 28, 38
109, 28, 27
110, 28, 27
111, 28, 38
112, 28, 27
113, 28, 27
114, 28, 27
115, 28, 27
116, 28, 38
117, 28, 27
118, 28, 27
119, 28, 27
120, 28, 27
121, 28, 38
122, 28, 27
123, 28, 27
124, 28, 27
125, 28, 27
126, 28, 38
127, 28, 27
128, 28, 27
129, 28, 38
130, 28, 27
131, 28, 38
132, 28, 27
133, 28, 27
134, 28, 38
135, 28, 27
136, 28, 38
137, 28, 27
138, 28, 27
139, 28, 38
140, 28, 27
141, 28, 38
142, 28, 27
143, 28, 27
144, 28, 38
145, 28, 27
146, 28, 38
147, 28, 27
148, 28, 27
149, 28, 38
150, 28, 27
151, 28, 27
152, 28, 27
153, 28, 27
154, 28, 38
155, 28, 27
156, 28, 27
157, 28, 27
158, 28, 27
159, 28, 38
160, 28, 27
161, 28, 27
162, 28, 27
163, 28, 27
164, 28, 38
165, 28, 27
166, 28, 27
167, 28, 27
168, 28, 27
169, 28, 38
170, 28, 27
171, 28, 27
172, 28, 38
173, 28, 27
174, 28, 38
175, 28, 27
176, 28, 27
177, 28, 38
178, 28, 27
179, 28, 38
180, 28, 27
181, 28, 27
182, 28, 38
183, 28, 27
184, 28, 38
185, 28, 27
186, 28, 27
187, 28, 38
188, 28, 27
189, 28, 27
190, 28, 30
191, 28, 27
192, 28, 38
193, 28, 27
194, 28, 27
195, 28, 27
196, 28, 27
197, 28, 38
198, 28, 27
199, 28, 27
200, 28, 27
201, 28, 27
202, 28, 38
203, 28, 27
204, 28, 27
205, 28, 27
206, 28, 27
207, 28, 38
208, 28, 27
209, 28, 27
210, 28, 38
211, 28, 27
212, 28, 38
213, 28, 27
214, 28, 27
215, 28, 38
216, 28, 27
217, 28, 38
218, 28, 27
219, 28, 27
220, 28, 38
221, 28, 27
222, 28, 38
223, 28, 27
224, 28, 27
225, 28, 38
226, 28, 27
227, 28, 27
228, 28, 27
229, 28, 27
230, 28, 38
231, 28, 27
232, 28, 27
233, 28, 27
234, 28, 27
235, 28, 38
236, 28, 27
237, 28, 27
238, 28, 27
239, 28, 27
240, 28, 38
241, 28, 27
242, 28, 27
243, 28, 27
244, 28, 27
245, 28, 38
246, 28, 27
247, 28, 27
248, 28, 38
249, 28, 27
250, 28, 38
251, 28, 27
252, 28, 27
253, 28, 38
254, 28, 30
255, 28, 38
256, 28, 27
257, 28, 27
258, 28, 38
259, 28, 27
260, 28, 38
261, 28, 27
262, 28, 27
263, 28, 38
264, 28, 27
265, 28, 27
266, 28, 27
267, 28, 27
268, 28, 38
269, 28, 27
270, 28, 27
271, 28, 27
272, 28, 27
273, 28, 38
274, 28, 27
275, 28, 27
276, 28, 27
277, 28, 27
278, 28, 38
279, 28, 27
280, 28, 27
281, 28, 27
282, 28, 27
283, 28, 38
284, 28, 27
285, 28, 27
286, 28, 38
287, 28, 27
288, 28, 38
289, 28, 27
290, 28, 27
291, 28, 38
292, 28, 27
293, 28, 38
294, 28, 27
295, 28, 27
296, 28, 38
297, 28, 27
298, 28, 38
299, 28, 27
300, 28, 27
301, 28, 38
302, 28, 27
303, 28, 27
304, 28, 27
305, 28, 27
306, 28, 38
307, 28, 27
308, 28, 27
309, 28, 27
310, 28, 27
311, 28, 38
312, 28, 27
313, 28, 27
314, 28, 27
315, 28, 27
316, 28, 38
317, 28, 27
318, 28, 30
319, 28, 27
320, 28, 27
321, 28, 38
322, 28, 27
323, 28, 27
324, 28, 38
325, 28, 27
326, 28, 38
327, 28, 27
328, 28, 27
329, 28, 38
330, 28, 27
331, 28, 38
332, 28, 27
333, 28, 27
334, 28, 38
335, 28, 27
336, 28, 38
337, 28, 27
338, 28, 27
339, 28, 38
340, 28, 27
341, 28, 27
342, 28, 27
343, 28, 27
344, 28, 38
345, 28, 27
346, 28, 27
347, 28, 27
348, 28, 27
349, 28, 38
350, 28, 27
351, 28, 27
352, 28, 27
353, 28, 27
354, 28, 38
355, 28, 27
356, 28, 27
357, 28, 27
358, 28, 27
359, 28, 38
360, 28, 27
361, 28, 27
362, 28, 38
363, 28, 27
364, 28, 38
365, 28, 27
366, 28, 27
367, 28, 38
368, 28, 27
369, 28, 38
370, 28, 27
371, 28, 27
372, 28, 38
373, 28, 27
374, 28, 38
375, 28, 27
376, 28, 27
377, 28, 38
378, 28, 27
379, 28, 38
380, 28, 27
381, 28, 27
382, 28, 38
383, 28, 27
384, 28, 27
385, 28, 27
386, 28, 27
387, 28, 38
388, 28, 27
389, 28, 27
390, 28, 27
391, 28, 27
392, 28, 38
393, 28, 27
394, 28, 27
395, 28, 27
396, 28, 27
397, 28, 38
398, 28, 27
399, 28, 27
400, 28, 38
401, 28, 27
402, 28, 38
403, 28, 27
404, 28, 27
405, 28, 38
406, 28, 27
407, 28, 38
408, 28, 27
409, 28, 27
410, 28, 38
411, 28, 27
412, 28, 38
413, 28, 27
414, 28, 27
415, 28, 38
416, 28, 27
417, 28, 27
418, 28, 27
419, 28, 27
420, 28, 38
421, 28, 27
422, 28, 27
423, 28, 27
424, 28, 27
425, 28, 38
426, 28, 27
427, 28, 27
428, 28, 27
429, 28, 27
430, 28, 38
431, 28, 27
432, 28, 27
433, 28, 27
434, 28, 27
435, 28, 38
436, 28, 27
437, 28, 27
438, 28, 27
439, 28, 27
440, 28, 38
441, 28, 27
442, 28, 27
443, 28, 38
444, 28, 27
445, 28, 38
446, 28, 30
447, 28, 27
448, 28, 38
449, 28, 27
450, 28, 38
451, 28, 27
452, 28, 27
453, 28, 38
454, 28, 27
455, 28, 27
456, 28, 27
457, 28, 27
458, 28, 38
459, 28, 27
460, 28, 27
461, 28, 27
462, 28, 27
463, 28, 38
464, 28, 27
465, 28, 27
466, 28, 27
467, 28, 27
468, 28, 38
469, 28, 27
470, 28, 27
471, 28, 27
472, 28, 27
473, 28, 38
474, 28, 27
475, 28, 27
476, 28, 27
477, 28, 27
478, 28, 27
479, 28, 38
480, 28, 27
481, 28, 27
482, 28, 27
483, 28, 27
484, 28, 38
485, 28, 27
486, 28, 27
487, 28, 27
488, 28, 27
489, 28, 38
490, 28, 27
491, 28, 27
492, 28, 38
493, 28, 27
494, 28, 38
495, 28, 27
496, 28, 27
497, 28, 38
498, 28, 27
499, 28, 38
500, 28, 27
501, 28, 27
502, 28, 38
503, 28, 27
504, 28, 38
505, 28, 27
506, 28, 27
507, 28, 38
508, 28, 27
509, 28, 27
510, 28, 30
511, 28, 27
512, 28, 38
513, 28, 27
514, 28, 27
515, 28, 27
516, 28, 27
517, 28, 38
518, 28, 27
519, 28, 27
520, 28, 27
521, 28, 27
522, 28, 38
523, 28, 27
524, 28, 27
525, 28, 27
526, 28, 27
527, 28, 38
528, 28, 27
529, 28, 27
530, 28, 38
531, 28, 27
532, 28, 38
533, 28, 27
534, 28, 27
535, 28, 38
536, 28, 27
537, 28, 38
538, 28, 27
539, 28, 27
540, 28, 38
541, 28, 27
542, 28, 38
543, 28, 27
544, 28, 27
545, 28, 38
546, 28, 27
547, 28, 27
548, 28, 27
549, 28, 27
550, 28, 38
551, 28, 27
552, 28, 27
553, 28, 27
554, 28, 27
555, 28, 38
556, 28, 27
557, 28, 27
558, 28, 27
559, 28, 27
560, 28, 38
561, 28, 27
562, 28, 27
563, 28, 27
564, 28, 27
565, 28, 38
566, 28, 27
567, 28, 27
568, 28, 38
569, 28, 27
570, 28, 38
571, 28, 27
572, 28, 27
573, 28, 38
574, 28, 30
575, 28, 38
576, 28, 27
577, 28, 27
578, 28, 38
579, 28, 27
580, 28, 38
581, 28, 27
582, 28, 27
583, 28, 38
584, 28, 27
585, 28, 27
586, 28, 27
587, 28, 27
588, 28, 38
589, 28, 27
590, 28, 27
591, 28, 27
592, 28, 27
593, 28, 38
594, 28, 27
595, 28, 27
596, 28, 27
597, 28, 27
598, 28, 38
599, 28, 27
600, 28, 27
601, 28, 27
602, 28, 27
603, 28, 38
604, 28, 27
605, 28, 27
606, 28, 38
607, 28, 27
608, 28, 38
609, 28, 27
610, 28, 27
611, 28, 38
612, 28, 27
613, 28, 38
614, 28, 27
615, 28, 27
616, 28, 38
617, 28, 27
618, 28, 38
619, 28, 27
620, 28, 27
621, 28, 38
622, 28, 27
623, 28, 27
624, 28, 27
625, 28, 27
626, 28, 38
627, 28, 27
628, 28, 27
629, 28, 27
630, 28, 27
631, 28, 38
632, 28, 27
633, 28, 27
634, 28, 27
635, 28, 27
636, 28, 38
637, 28, 27
638, 28, 30
639, 28, 27
640, 28, 27
641, 28, 38
642, 28, 27
643, 28, 27
644, 28, 38
645, 28, 27
646, 28, 38
647, 28, 27
648, 28, 27
649, 28, 38
650, 28, 27
651, 28, 38
652, 28, 27
653, 28, 27
654, 28, 38
655, 28, 27
656, 28, 38
657, 28, 27
658, 28, 27
659, 28, 38
660, 28, 27
661, 28, 27
662, 28, 27
663, 28, 27
664, 28, 38
665, 28, 27
666, 28, 27
667, 28, 27
668, 28, 27
669, 28, 38
670, 28, 27
671, 28, 27
672, 28, 27
673, 28, 27
674, 28, 38
675, 28, 27
676, 28, 27
677, 28, 27
678, 28, 27
679, 28, 38
680, 28, 27
681, 28, 27
682, 28, 38
683, 28, 27
684, 28, 38
685, 28, 27
686, 28, 27
687, 28, 38
688, 28, 27
689, 28, 38
690, 28, 27
691, 28, 27
692, 28, 38
693, 28, 27
694, 28, 38
695, 28, 27
696, 28, 27
697, 28, 38
698, 28, 27
699, 28, 38
700, 28, 27
701, 28, 27
702, 28, 38
703, 28, 27
704, 28, 27
705, 28, 27
706, 28, 27
707, 28, 38
708, 28, 27
709, 28, 27
710, 28, 27
711, 28, 27
712, 28, 38
713, 28, 27
714, 28, 27
715, 28, 27
716, 28, 27
717, 28, 38
718, 28, 27
719, 28, 27
720, 28, 38
721, 28, 27
722, 28, 38
723, 28, 27
724, 28, 27
725, 28, 38
726, 28, 27
727, 28, 38
728, 28, 27
729, 28, 27
730, 28, 38
731, 28, 27
732, 28, 38
733, 28, 27
734, 28, 27
735, 28, 38
736, 28, 27
737, 28, 27
738, 28, 27
739, 28, 27
740, 28, 38
741, 28, 27
742, 28, 27
743, 28, 27
744, 28, 27
745, 28, 38
746, 28, 27
747, 28, 27
748, 28, 27
749, 28, 27
750, 28, 38
751, 28, 27
752, 28, 27
753, 28, 27
754, 28, 27
755, 28, 38
756, 28, 27
757, 28, 27
758, 28, 27
759, 28, 27
760, 28, 38
761, 28, 27
762, 28, 27
763, 28, 38
764, 28, 27
765, 28, 38
766, 28, 30
767, 28, 27
768, 28, 38
769, 28, 27
770, 28, 38
771, 28, 27
772, 28, 27
773, 28, 38
774, 28, 27
775, 28, 27
776, 28, 27
777, 28, 27
778, 28, 38
779, 28, 27
780, 28, 27
781, 28, 27
782, 28, 27
783, 28, 38
784, 28, 27
785, 28, 27
786, 28, 27
787, 28, 27
788, 28, 38
789, 28, 27
790, 28, 27
791, 28, 27
792, 28, 27
793, 28, 38
794, 28, 27
795, 28, 27
796, 28, 38
797, 28, 27
798, 28, 38
799, 28, 27
800, 28, 27
801, 28, 38
802, 28, 27
803, 28, 38
804, 28, 27
805, 28, 27
806, 28, 38
807, 28, 27
808, 28, 38
809, 28, 27
810, 28, 27
811, 28, 38
812, 28, 27
813, 28, 38
814, 28, 27
815, 28, 27
816, 28, 38
817, 28, 27
818, 28, 27
819, 28, 27
820, 28, 27
821, 28, 38
822, 28, 27
823, 28, 27
824, 28, 27
825, 28, 27
826, 28, 38
827, 28, 27
828, 28, 27
829, 28, 27
830, 28, 30
831, 28, 38
832, 28, 27
833, 28, 27
834, 28, 38
835, 28, 27
836, 28, 38
837, 28, 27
838, 28, 27
839, 28, 38
840, 28, 27
841, 28, 38
842, 28, 27
843, 28, 27
844, 28, 38
845, 28, 27
846, 28, 38
847, 28, 27
848, 28, 27
849, 28, 38
850, 28, 27
851, 28, 27
852, 28, 27
853, 28, 27
854, 28, 38
855, 28, 27
856, 28, 27
857, 28, 27
858, 28, 27
859, 28, 38
860, 28, 27
861, 28, 27
862, 28, 27
863, 28, 27
864, 28, 38
865, 28, 27
866, 28, 27
867, 28, 27
868, 28, 27
869, 28, 38
870, 28, 27
871, 28, 27
872, 28, 27
873, 28, 27
874, 28, 38
875, 28, 27
876, 28, 27
877, 28, 38
878, 28, 27
879, 28, 38
880, 28, 27
881, 28, 27
882, 28, 38
883, 28, 27
884, 28, 38
885, 28, 27
886, 28, 27
887, 28, 38
888, 28, 27
889, 28, 38
890, 28, 27
891, 28, 27
892, 28, 38
893, 28, 27
894, 28, 30
895, 28, 27
896, 28, 27
897, 28, 38
898, 28, 27
899, 28, 27
900, 28, 27
901, 28, 27
902, 28, 38
903, 28, 27
904, 28, 27
905, 28, 27
906, 28, 27
907, 28, 38
908, 28, 27
909, 28, 27
910, 28, 38
911, 28, 27
912, 28, 38
913, 28, 27
914, 28, 27
915, 28, 38
916, 28, 27
917, 28, 38
918, 28, 27
919, 28, 27
920, 28, 38
921, 28, 27
922, 28, 38
923, 28, 27
924, 28, 27
925, 28, 38
926, 28, 27
927, 28, 38
928, 28, 27
929, 28, 27
930, 28, 38
931, 28, 27
932, 28, 27
933, 28, 27
934, 28, 27
935, 28, 38
936, 28, 27
937, 28, 27
938, 28, 27
939, 28, 27
940, 28, 38
941, 28, 27
942, 28, 27
943, 28, 27
944, 28, 27
945, 28, 38
946, 28, 27
947, 28, 27
948, 28, 27
949, 28, 27
950, 28, 38
951, 28, 27
952, 28, 27
953, 28, 38
954, 28, 27
955, 28, 38
956, 28, 27
957, 28, 27
958, 28, 38
959, 28, 27
960, 28, 38
961, 28, 27
962, 28, 27
963, 28, 38
964, 28, 27
965, 28, 27
966, 28, 27
967, 28, 27
968, 28, 38
969, 28, 27
970, 28, 27
971, 28, 27
972, 28, 27
973, 28, 38
974, 28, 27
975, 28, 27
976, 28, 27
977, 28, 27
978, 28, 38
979, 28, 27
980, 28, 27
981, 28, 27
982, 28, 27
983, 28, 38
984, 28, 27
985, 28, 27
986, 28, 27
987, 28, 27
988, 28, 38
989, 28, 27
990, 28, 27
991, 28, 38
992, 28, 27
993, 28, 38
994, 28, 27
995, 28, 27
996, 28, 38
997, 28, 27
998, 28, 38
999, 28, 27
1000, 28, 27
1001, 28, 38
1002, 28, 27
1003, 28, 38
1004, 28, 27
1005, 28, 27
1006, 28, 38
1007, 28, 27
1008, 28, 27
1009, 28, 27
1010, 28, 27
1011, 28, 38
1012, 28, 27
1013, 28, 27
1014, 28, 27
1015, 28, 27
1016, 28, 38
1017, 28, 27
1018, 28, 27
1019, 28, 27
1020, 28, 27
1021, 28, 38
1022, 28, 27
1023, 28, 27
0, 29, 100
1, 29, 37
2, 29, 37
3, 29, 30
4, 29, 34
5, 29, 34
6, 29, 91
7, 29, 34
8, 29, 100
9, 29, 34
10, 29, 34
11, 29, 27
12, 29, 27
13, 29, 34
14, 29, 34
15, 29, 27
16, 29, 27
17, 29, 34
18, 29, 34
19, 29, 27
20, 29, 27
21, 29, 34
22, 29, 34
23, 29, 27
24, 29, 27
25, 29, 34
26, 29, 34
27, 29, 27
28, 29, 27
29, 29, 34
30, 29, 34
31, 29, 27
32, 29, 27
33, 29, 34
34, 29, 34
35, 29, 27
36, 29, 27
37, 29, 34
38, 29, 34
39, 29, 27
40, 29, 27
41, 29, 34
42, 29, 34
43, 29, 27
44, 29, 27
45, 29, 34
46, 29, 34
47, 29, 27
48, 29, 27
49, 29, 34
50, 29, 34
51, 29, 27
52, 29, 27
53, 29, 34
54, 29, 34
55, 29, 27
56, 29, 27
57, 29, 34
58, 29, 34
59, 29, 27
60, 29, 27
61, 29, 34
62, 29, 34
63, 29, 30
64, 29, 34
65, 29, 34
66, 29, 34
67, 29, 27
68, 29, 34
69, 29, 34
70, 29, 34
71, 29, 27
72, 29, 34
73, 29, 34
74, 29, 34
75, 29, 27
76, 29, 34
77, 29, 34
78, 29, 34
79, 29, 27
80, 29, 34
81, 29, 34
82, 29, 34
83, 29, 27
84, 29, 34
85, 29, 34
86, 29, 34
87, 29, 27
88, 29, 34
89, 29, 34
90, 29, 34
91, 29, 27
92, 29, 34
93, 29, 34
94, 29, 34
95, 29, 27
96, 29, 34
97, 29, 34
98, 29, 34
99, 29, 27
100, 29, 34
101, 29, 34
102, 29, 34
103, 29, 27
104, 29, 34
105, 29, 34
106, 29, 34
107, 29, 27
108, 29, 34
109, 29, 34
110, 29, 34
111, 29, 27
112, 29, 34
113, 29, 34
114, 29, 34
115, 29, 27
116, 29, 34
117, 29, 34
118, 29, 34
119, 29, 27
120, 29, 34
121, 29, 34
122, 29, 34
123, 29, 27
124, 29, 34
125, 29, 34
126, 29, 37
127, 29, 27
128, 29, 34
129, 29, 34
130, 29, 27
131, 29, 27
132, 29, 34
133, 29, 34
134, 29, 27
135, 29, 27
136, 29, 34
137, 29, 34
138, 29, 27
139, 29, 27
140, 29, 34
141, 29, 34
142, 29, 27
143, 29, 27
144, 29, 34
145, 29, 34
146, 29, 27
147, 29, 27
148, 29, 34
149, 29, 34
150, 29, 27
151, 29, 27
152, 29, 34
153, 29, 34
154, 29, 27
155, 29, 27
156, 29, 34
157, 29, 34
158, 29, 27
159, 29, 27
160, 29, 34
161, 29, 34
162, 29, 27
163, 29, 27
164, 29, 34
165, 29, 34
166, 29, 27
167, 29, 27
168, 29, 34
169, 29, 34
170, 29, 27
171, 29, 27
172, 29, 34
173, 29, 34
174, 29, 27
175, 29, 27
176, 29, 34
177, 29, 34
178, 29, 27
179, 29, 27
180, 29, 34
181, 29, 34
182, 29, 27
183, 29, 27
184, 29, 34
185, 29, 34
186, 29, 27
187, 29, 27
188, 29, 34
189, 29, 34
190, 29, 30
191, 29, 27
192, 29, 34
193, 29, 34
194, 29, 27
195, 29, 27
196, 29, 34
197, 29, 34
198, 29, 27
199, 29, 27
200, 29, 34
201, 29, 34
202, 29, 27
203, 29, 27
204, 29, 34
205, 29, 34
206, 29, 27
207, 29, 27
208, 29, 34
209, 29, 34
210, 29, 27
211, 29, 27
212, 29, 34
213, 29, 34
214, 29, 27
215, 29, 27
216, 29, 34
217, 29, 34
218, 29, 27
219, 29, 27
220, 29, 34
221, 29, 34
222, 29, 27
223, 29, 27
224, 29, 34
225, 29, 34
226, 29, 27
227, 29, 27
228, 29, 34
229, 29, 34
230, 29, 27
231, 29, 27
232, 29, 34
233, 29, 34
234, 29, 27
235, 29, 27
236, 29, 34
237, 29, 34
238, 29, 27
239, 29, 27
240, 29, 34
241, 29, 34
242, 29, 27
243, 29, 27
244, 29, 34
245, 29, 34
246, 29, 27
247, 29, 27
248, 29, 34
249, 29, 34
250, 29, 27
251, 29, 27
252, 29, 34
253, 29, 34
254, 29, 27
255, 29, 27
256, 29, 34
257, 29, 34
258, 29, 27
259, 29, 27
260, 29, 34
261, 29, 34
262, 29, 27
263, 29, 27
264, 29, 34
265, 29, 34
266, 29, 27
267, 29, 27
268, 29, 34
269, 29, 34
270, 29, 27
271, 29, 27
272, 29, 34
273, 29, 34
274, 29, 27
275, 29, 27
276, 29, 34
277, 29, 34
278, 29, 27
279, 29, 27
280, 29, 34
281, 29, 34
282, 29, 27
283, 29, 27
284, 29, 34
285, 29, 34
286, 29, 27
287, 29, 27
288, 29, 34
289, 29, 34
290, 29, 27
291, 29, 27
292, 29, 34
293, 29, 34
294, 29, 27
295, 29, 27
296, 29, 34
297, 29, 34
298, 29, 27
299, 29, 27
300, 29, 34
301, 29, 34
302, 29, 27
303, 29, 27
304, 29, 34
305, 29, 34
306, 29, 27
307, 29, 27
308, 29, 34
309, 29, 34
310, 29, 27
311, 29, 27
312, 29, 34
313, 29, 34
314, 29, 27
315, 29, 27
316, 29, 34
317, 29, 34
318, 29, 30
319, 29, 34
320, 29, 34
321, 29, 34
322, 29, 27
323, 29, 34
324, 29, 34
325, 29, 34
326, 29, 27
327, 29, 34
328, 29, 34
329, 29, 34
330, 29, 27
331, 29, 34
332, 29, 34
333, 29, 34
334, 29, 27
335, 29, 34
336, 29, 34
337, 29, 34
338, 29, 27
339, 29, 34
340, 29, 34
341, 29, 34
342, 29, 27
343, 29, 34
344, 29, 34
345, 29, 34
346, 29, 27
347, 29, 34
348, 29, 34
349, 29, 34
350, 29, 27
351, 29, 34
352, 29, 34
353, 29, 34
354, 29, 27
355, 29, 34
356, 29, 34
357, 29, 34
358, 29, 27
359, 29, 34
360, 29, 34
361, 29, 34
362, 29, 27
363, 29, 34
364, 29, 34
365, 29, 34
366, 29, 27
367, 29, 34
368, 29, 34
369, 29, 34
370, 29, 27
371, 29, 34
372, 29, 34
373, 29, 34
374, 29, 27
375, 29, 34
376, 29, 34
377, 29, 34
378, 29, 27
379, 29, 34
380, 29, 34
381, 29, 34
382, 29, 30
383, 29, 34
384, 29, 34
385, 29, 34
386, 29, 27
387, 29, 34
388, 29, 34
389, 29, 34
390, 29, 27
391, 29, 34
392, 29, 34
393, 29, 34
394, 29, 27
395, 29, 34
396, 29, 34
397, 29, 34
398, 29, 27
399, 29, 34
400, 29, 34
401, 29, 34
402, 29, 27
403, 29, 34
404, 29, 34
405, 29, 34
406, 29, 27
407, 29, 34
408, 29, 34
409, 29, 34
410, 29, 27
411, 29, 34
412, 29, 34
413, 29, 34
414, 29, 27
415, 29, 34
416, 29, 34
417, 29, 34
418, 29, 27
419, 29, 34
420, 29, 34
421, 29, 34
422, 29, 27
423, 29, 34
424, 29, 34
425, 29, 34
426, 29, 27
427, 29, 34
428, 29, 34
429, 29, 34
430, 29, 27
431, 29, 34
432, 29, 34
433, 29, 34
434, 29, 27
435, 29, 34
436, 29, 34
437, 29, 34
438, 29, 27
439, 29, 34
440, 29, 34
441, 29, 34
442, 29, 27
443, 29, 34
444, 29, 34
445, 29, 34
446, 29, 30
447, 29, 34
448, 29, 34
449, 29, 27
450, 29, 27
451, 29, 34
452, 29, 34
453, 29, 27
454, 29, 27
455, 29, 34
456, 29, 34
457, 29, 27
458, 29, 27
459, 29, 34
460, 29, 34
461, 29, 27
462, 29, 27
463, 29, 34
464, 29, 34
465, 29, 27
466, 29, 27
467, 29, 34
468, 29, 34
469, 29, 27
470, 29, 27
471, 29, 34
472, 29, 34
473, 29, 27
474, 29, 27
475, 29, 27
476, 29, 34
477, 29, 34
478, 29, 34
479, 29, 27
480, 29, 34
481, 29, 34
482, 29, 34
483, 29, 27
484, 29, 34
485, 29, 34
486, 29, 34
487, 29, 27
488, 29, 34
489, 29, 34
490, 29, 34
491, 29, 27
492, 29, 34
493, 29, 34
494, 29, 34
495, 29, 27
496, 29, 34
497, 29, 34
498, 29, 34
499, 29, 27
500, 29, 34
501, 29, 34
502, 29, 34
503, 29, 27
504, 29, 34
505, 29, 34
506, 29, 34
507, 29, 27
508, 29, 34
509, 29, 34
510, 29, 37
511, 29, 27
512, 29, 34
513, 29, 34
514, 29, 27
515, 29, 27
516, 29, 34
517, 29, 34
518, 29, 27
519, 29, 27
520, 29, 34
521, 29, 34
522, 29, 27
523, 29, 27
524, 29, 34
525, 29, 34
526, 29, 27
527, 29, 27
528, 29, 34
529, 29, 34
530, 29, 27
531, 29, 27
532, 29, 34
533, 29, 34
534, 29, 27
535, 29, 27
536, 29, 34
537, 29, 34
538, 29, 27
539, 29, 27
540, 29, 34
541, 29, 34
542, 29, 27
543, 29, 27
544, 29, 34
545, 29, 34
546, 29, 27
547, 29, 27
548, 29, 34
549, 29, 34
550, 29, 27
551, 29, 27
552, 29, 34
553, 29, 34
554, 29, 27
555, 29, 27
556, 29, 34
557, 29, 34
558, 29, 27
559, 29, 27
560, 29, 34
561, 29, 34
562, 29, 27
563, 29, 27
564, 29, 34
565, 29, 34
566, 29, 27
567, 29, 27
568, 29, 34
569, 29, 34
570, 29, 27
571, 29, 27
572, 29, 34
573, 29, 34
574, 29, 27
575, 29, 27
576, 29, 34
577, 29, 34
578, 29, 27
579, 29, 27
580, 29, 34
581, 29, 34
582, 29, 27
583, 29, 27
584, 29, 34
585, 29, 34
586, 29, 27
587, 29, 27
588, 29, 34
589, 29, 34
590, 29, 27
591, 29, 27
592, 29, 34
593, 29, 34
594, 29, 27
595, 29, 27
596, 29, 34
597, 29, 34
598, 29, 27
599, 29, 27
600, 29, 34
601, 29, 34
602, 29, 27
603, 29, 27
604, 29, 34
605, 29, 34
606, 29, 27
607, 29, 27
608, 29, 34
609, 29, 34
610, 29, 27
611, 29, 27
612, 29, 34
613, 29, 34
614, 29, 27
615, 29, 27
616, 29, 34
617, 29, 34
618, 29, 27
619, 29, 27
620, 29, 34
621, 29, 34
622, 29, 27
623, 29, 27
624, 29, 34
625, 29, 34
626, 29, 27
627, 29, 27
628, 29, 34
629, 29, 34
630, 29, 27
631, 29, 27
632, 29, 34
633, 29, 34
634, 29, 27
635, 29, 27
636, 29, 34
637, 29, 34
638, 29, 30
639, 29, 27
640, 29, 34
641, 29, 34
642, 29, 27
643, 29, 27
644, 29, 34
645, 29, 34
646, 29, 27
647, 29, 27
648, 29, 34
649, 29, 34
650, 29, 27
651, 29, 27
652, 29, 34
653, 29, 34
654, 29, 27
655, 29, 27
656, 29, 34
657, 29, 34
658, 29, 27
659, 29, 27
660, 29, 34
661, 29, 34
662, 29, 27
663, 29, 27
664, 29, 34
665, 29, 34
666, 29, 27
667, 29, 27
668, 29, 34
669, 29, 34
670, 29, 27
671, 29, 27
672, 29, 34
673, 29, 34
674, 29, 27
675, 29, 27
676, 29, 34
677, 29, 34
678, 29, 27
679, 29, 27
680, 29, 34
681, 29, 34
682, 29, 27
683, 29, 27
684, 29, 34
685, 29, 34
686, 29, 27
687, 29, 27
688, 29, 34
689, 29, 34
690, 29, 27
691, 29, 27
692, 29, 34
693, 29, 34
694, 29, 27
695, 29, 27
696, 29, 34
697, 29, 34
698, 29, 27
699, 29, 27
700, 29, 34
701, 29, 34
702, 29, 30
703, 29, 34
704, 29, 34
705, 29, 34
706, 29, 27
707, 29, 34
708, 29, 34
709, 29, 34
710, 29, 27
711, 29, 34
712, 29, 34
713, 29, 34
714, 29, 27
715, 29, 34
716, 29, 34
717, 29, 34
718, 29, 27
719, 29, 34
720, 29, 34
721, 29, 34
722, 29, 27
723, 29, 34
724, 29, 34
725, 29, 34
726, 29, 27
727, 29, 34
728, 29, 34
729, 29, 34
730, 29, 27
731, 29, 34
732, 29, 34
733, 29, 34
734, 29, 27
735, 29, 34
736, 29, 34
737, 29, 34
738, 29, 27
739, 29, 34
740, 29, 34
741, 29, 34
742, 29, 27
743, 29, 34
744, 29, 34
745, 29, 34
746, 29, 27
747, 29, 34
748, 29, 34
749, 29, 34
750, 29, 27
751, 29, 34
752, 29, 34
753, 29, 34
754, 29, 27
755, 29, 34
756, 29, 34
757, 29, 34
758, 29, 27
759, 29, 34
760, 29, 34
761, 29, 34
762, 29, 27
763, 29, 34
764, 29, 34
765, 29, 34
766, 29, 30
767, 29, 34
768, 29, 34
769, 29, 34
770, 29, 27
771, 29, 34
772, 29, 34
773, 29, 34
774, 29, 27
775, 29, 34
776, 29, 34
777, 29, 34
778, 29, 27
779, 29, 34
780, 29, 34
781, 29, 34
782, 29, 27
783, 29, 34
784, 29, 34
785, 29, 34
786, 29, 27
787, 29, 34
788, 29, 34
789, 29, 34
790, 29, 27
791, 29, 34
792, 29, 34
793, 29, 34
794, 29, 27
795, 29, 34
796, 29, 34
797, 29, 34
798, 29, 27
799, 29, 34
800, 29, 34
801, 29, 34
802, 29, 27
803, 29, 34
804, 29, 34
805, 29, 34
806, 29, 27
807, 29, 34
808, 29, 34
809, 29, 34
810, 29, 27
811, 29, 34
812, 29, 34
813, 29, 34
814, 29, 27
815, 29, 34
816, 29, 34
817, 29, 34
818, 29, 27
819, 29, 34
820, 29, 34
821, 29, 34
822, 29, 27
823, 29, 34
824, 29, 34
825, 29, 34
826, 29, 27
827, 29, 34
828, 29, 34
829, 29, 34
830, 29, 27
831, 29, 34
832, 29, 34
833, 29, 27
834, 29, 27
835, 29, 34
836, 29, 34
837, 29, 27
838, 29, 27
839, 29, 34
840, 29, 34
841, 29, 27
842, 29, 27
843, 29, 34
844, 29, 34
845, 29, 27
846, 29, 27
847, 29, 34
848, 29, 34
849, 29, 27
850, 29, 27
851, 29, 34
852, 29, 34
853, 29, 27
854, 29, 27
855, 29, 34
856, 29, 34
857, 29, 27
858, 29, 27
859, 29, 34
860, 29, 34
861, 29, 27
862, 29, 27
863, 29, 34
864, 29, 34
865, 29, 27
866, 29, 27
867, 29, 34
868, 29, 34
869, 29, 27
870, 29, 27
871, 29, 34
872, 29, 34
873, 29, 27
874, 29, 27
875, 29, 34
876, 29, 34
877, 29, 27
878, 29, 27
879, 29, 34
880, 29, 34
881, 29, 27
882, 29, 27
883, 29, 34
884, 29, 34
885, 29, 27
886, 29, 27
887, 29, 34
888, 29, 34
889, 29, 27
890, 29, 27
891, 29, 34
892, 29, 34
893, 29, 27
894, 29, 30
895, 29, 34
896, 29, 34
897, 29, 27
898, 29, 27
899, 29, 34
900, 29, 34
901, 29, 27
902, 29, 27
903, 29, 34
904, 29, 34
905, 29, 27
906, 29, 27
907, 29, 34
908, 29, 34
909, 29, 27
910, 29, 27
911, 29, 34
912, 29, 34
913, 29, 27
914, 29, 27
915, 29, 34
916, 29, 34
917, 29, 27
918, 29, 27
919, 29, 34
920, 29, 34
921, 29, 27
922, 29, 27
923, 29, 34
924, 29, 34
925, 29, 27
926, 29, 27
927, 29, 34
928, 29, 34
929, 29, 27
930, 29, 27
931, 29, 34
932, 29, 34
933, 29, 27
934, 29, 27
935, 29, 34
936, 29, 34
937, 29, 27
938, 29, 27
939, 29, 34
940, 29, 34
941, 29, 27
942, 29, 27
943, 29, 34
944, 29, 34
945, 29, 27
946, 29, 27
947, 29, 34
948, 29, 34
949, 29, 27
950, 29, 27
951, 29, 34
952, 29, 34
953, 29, 27
954, 29, 27
955, 29, 34
956, 29, 34
957, 29, 27
958, 29, 30
959, 29, 34
960, 29, 34
961, 29, 27
962, 29, 27
963, 29, 34
964, 29, 34
965, 29, 27
966, 29, 27
967, 29, 34
968, 29, 34
969, 29, 27
970, 29, 27
971, 29, 34
972, 29, 34
973, 29, 27
974, 29, 27
975, 29, 34
976, 29, 34
977, 29, 27
978, 29, 27
979, 29, 34
980, 29, 34
981, 29, 27
982, 29, 27
983, 29, 34
984, 29, 34
985, 29, 27
986, 29, 27
987, 29, 34
988, 29, 34
989, 29, 27
990, 29, 27
991, 29, 34
992, 29, 34
993, 29, 27
994, 29, 27
995, 29, 34
996, 29, 34
997, 29, 27
998, 29, 27
999, 29, 34
1000, 29, 34
1001, 29, 27
1002, 29, 27
1003, 29, 34
1004, 29, 34
1005, 29, 27
1006, 29, 27
1007, 29, 34
1008, 29, 34
1009, 29, 27
1010, 29, 27
1011, 29, 34
1012, 29, 34
1013, 29, 27
1014, 29, 27
1015, 29, 34
1016, 29, 34
1017, 29, 27
1018, 29, 27
1019, 29, 34
1020, 29, 34
1021, 29, 27
1022, 29, 27
1023, 29, 34
0, 30, 37
1, 30, 37
2, 30, 34
3, 30, 30
4, 30, 34
5, 30, 34
6, 30, 27
7, 30, 27
8, 30, 37
9, 30, 34
10, 30, 27
11, 30, 34
12, 30, 34
13, 30, 34
14, 30, 27
15, 30, 34
16, 30, 34
17, 30, 34
18, 30, 27
19, 30, 34
20, 30, 34
21, 30, 34
22, 30, 27
23, 30, 34
24, 30, 34
25, 30, 34
26, 30, 27
27, 30, 34
28, 30, 34
29, 30, 34
30, 30, 27
31, 30, 34
32, 30, 34
33, 30, 34
34, 30, 27
35, 30, 34
36, 30, 34
37, 30, 34
38, 30, 27
39, 30, 34
40, 30, 34
41, 30, 34
42, 30, 27
43, 30, 34
44, 30, 34
45, 30, 34
46, 30, 27
47, 30, 34
48, 30, 34
49, 30, 34
50, 30, 27
51, 30, 34
52, 30, 34
53, 30, 34
54, 30, 27
55, 30, 34
56, 30, 34
57, 30, 34
58, 30, 27
59, 30, 34
60, 30, 34
61, 30, 34
62, 30, 30
63, 30, 37
64, 30, 34
65, 30, 27
66, 30, 27
67, 30, 34
68, 30, 34
69, 30, 27
70, 30, 27
71, 30, 34
72, 30, 34
73, 30, 27
74, 30, 27
75, 30, 34
76, 30, 34
77, 30, 27
78, 30, 27
79, 30, 34
80, 30, 34
81, 30, 27
82, 30, 27
83, 30, 34
84, 30, 34
85, 30, 27
86, 30, 27
87, 30, 34
88, 30, 34
89, 30, 27
90, 30, 27
91, 30, 34
92, 30, 34
93, 30, 27
94, 30, 27
95, 30, 34
96, 30, 34
97, 30, 27
98, 30, 27
99, 30, 34
100, 30, 34
101, 30, 27
102, 30, 27
103, 30, 34
104, 30, 34
105, 30, 27
106, 30, 27
107, 30, 34
108, 30, 34
109, 30, 27
110, 30, 27
111, 30, 34
112, 30, 34
113, 30, 27
114, 30, 27
115, 30, 34
116, 30, 34
117, 30, 27
118, 30, 27
119, 30, 34
120, 30, 34
121, 30, 27
122, 30, 27
123, 30, 34
124, 30, 34
125, 30, 27
126, 30, 30
127, 30, 34
128, 30, 34
129, 30, 27
130, 30, 27
131, 30, 34
132, 30, 34
133, 30, 27
134, 30, 27
135, 30, 34
136, 30, 34
137, 30, 27
138, 30, 27
139, 30, 34
140, 30, 34
141, 30, 27
142, 30, 27
143, 30, 34
144, 30, 34
145, 30, 27
146, 30, 27
147, 30, 34
148, 30, 34
149, 30, 27
150, 30, 27
151, 30, 34
152, 30, 34
153, 30, 27
154, 30, 27
155, 30, 34
156, 30, 34
157, 30, 27
158, 30, 27
159, 30, 34
160, 30, 34
161, 30, 27
162, 30, 27
163, 30, 34
164, 30, 34
165, 30, 27
166, 30, 27
167, 30, 34
168, 30, 34
169, 30, 27
170, 30, 27
171, 30, 34
172, 30, 34
173, 30, 27
174, 30, 27
175, 30, 34
176, 30, 34
177, 30, 27
178, 30, 27
179, 30, 34
180, 30, 34
181, 30, 27
182, 30, 27
183, 30, 34
184, 30, 34
185, 30, 27
186, 30, 27
187, 30, 34
188, 30, 34
189, 30, 27
190, 30, 30
191, 30, 34
192, 30, 34
193, 30, 27
194, 30, 27
195, 30, 34
196, 30, 34
197, 30, 27
198, 30, 27
199, 30, 34
200, 30, 34
201, 30, 27
202, 30, 27
203, 30, 34
204, 30, 34
205, 30, 27
206, 30, 27
207, 30, 34
208, 30, 34
209, 30, 27
210, 30, 27
211, 30, 34
212, 30, 34
213, 30, 27
214, 30, 27
215, 30, 34
216, 30, 34
217, 30, 27
218, 30, 27
219, 30, 34
220, 30, 34
221, 30, 27
222, 30, 27
223, 30, 34
224, 30, 34
225, 30, 27
226, 30, 27
227, 30, 34
228, 30, 34
229, 30, 27
230, 30, 27
231, 30, 34
232, 30, 34
233, 30, 27
234, 30, 27
235, 30, 34
236, 30, 34
237, 30, 27
238, 30, 27
239, 30, 34
240, 30, 34
241, 30, 27
242, 30, 27
243, 30, 34
244, 30, 34
245, 30, 27
246, 30, 27
247, 30, 34
248, 30, 34
249, 30, 27
250, 30, 27
251, 30, 34
252, 30, 34
253, 30, 27
254, 30, 37
255, 30, 34
256, 30, 34
257, 30, 27
258, 30, 34
259, 30, 34
260, 30, 34
261, 30, 27
262, 30, 34
263, 30, 34
264, 30, 34
265, 30, 27
266, 30, 34
267, 30, 34
268, 30, 34
269, 30, 27
270, 30, 34
271, 30, 34
272, 30, 34
273, 30, 27
274, 30, 34
275, 30, 34
276, 30, 34
277, 30, 27
278, 30, 34
279, 30, 34
280, 30, 34
281, 30, 27
282, 30, 34
283, 30, 34
284, 30, 34
285, 30, 27
286, 30, 34
287, 30, 34
288, 30, 34
289, 30, 27
290, 30, 34
291, 30, 34
292, 30, 34
293, 30, 27
294, 30, 34
295, 30, 34
296, 30, 34
297, 30, 27
298, 30, 34
299, 30, 34
300, 30, 34
301, 30, 27
302, 30, 34
303, 30, 34
304, 30, 34
305, 30, 27
306, 30, 34
307, 30, 34
308, 30, 34
309, 30, 27
310, 30, 34
311, 30, 34
312, 30, 34
313, 30, 27
314, 30, 34
315, 30, 34
316, 30, 34
317, 30, 27
318, 30, 34
319, 30, 34
320, 30, 34
321, 30, 27
322, 30, 34
323, 30, 34
324, 30, 34
325, 30, 27
326, 30, 34
327, 30, 34
328, 30, 34
329, 30, 27
330, 30, 34
331, 30, 34
332, 30, 34
333, 30, 27
334, 30, 34
335, 30, 34
336, 30, 34
337, 30, 27
338, 30, 34
339, 30, 34
340, 30, 34
341, 30, 27
342, 30, 34
343, 30, 34
344, 30, 34
345, 30, 27
346, 30, 34
347, 30, 34
348, 30, 34
349, 30, 27
350, 30, 34
351, 30, 34
352, 30, 34
353, 30, 27
354, 30, 34
355, 30, 34
356, 30, 34
357, 30, 27
358, 30, 34
359, 30, 34
360, 30, 34
361, 30, 27
362, 30, 34
363, 30, 34
364, 30, 34
365, 30, 27
366, 30, 34
367, 30, 34
368, 30, 34
369, 30, 27
370, 30, 34
371, 30, 34
372, 30, 34
373, 30, 27
374, 30, 34
375, 30, 34
376, 30, 34
377, 30, 27
378, 30, 34
379, 30, 34
380, 30, 34
381, 30, 27
382, 30, 37
383, 30, 34
384, 30, 27
385, 30, 27
386, 30, 34
387, 30, 34
388, 30, 27
389, 30, 27
390, 30, 34
391, 30, 34
392, 30, 27
393, 30, 27
394, 30, 34
395, 30, 34
396, 30, 27
397, 30, 27
398, 30, 34
399, 30, 34
400, 30, 27
401, 30, 27
402, 30, 34
403, 30, 34
404, 30, 27
405, 30, 27
406, 30, 34
407, 30, 34
408, 30, 27
409, 30, 27
410, 30, 34
411, 30, 34
412, 30, 27
413, 30, 27
414, 30, 34
415, 30, 34
416, 30, 27
417, 30, 27
418, 30, 34
419, 30, 34
420, 30, 27
421, 30, 27
422, 30, 34
423, 30, 34
424, 30, 27
425, 30, 27
426, 30, 34
427, 30, 34
428, 30, 27
429, 30, 27
430, 30, 34
431, 30, 34
432, 30, 27
433, 30, 27
434, 30, 34
435, 30, 34
436, 30, 27
437, 30, 27
438, 30, 34
439, 30, 34
440, 30, 27
441, 30, 27
442, 30, 34
443, 30, 34
444, 30, 27
445, 30, 27
446, 30, 37
447, 30, 34
448, 30, 27
449, 30, 27
450, 30, 34
451, 30, 34
452, 30, 27
453, 30, 27
454, 30, 34
455, 30, 34
456, 30, 27
457, 30, 27
458, 30, 34
459, 30, 34
460, 30, 27
461, 30, 27
462, 30, 34
463, 30, 34
464, 30, 27
465, 30, 27
466, 30, 34
467, 30, 34
468, 30, 27
469, 30, 27
470, 30, 34
471, 30, 34
472, 30, 27
473, 30, 27
474, 30, 34
475, 30, 34
476, 30, 34
477, 30, 34
478, 30, 27
479, 30, 34
480, 30, 34
481, 30, 34
482, 30, 27
483, 30, 34
484, 30, 34
485, 30, 34
486, 30, 27
487, 30, 34
488, 30, 34
489, 30, 34
490, 30, 27
491, 30, 34
492, 30, 34
493, 30, 34
494, 30, 27
495, 30, 34
496, 30, 34
497, 30, 34
498, 30, 27
499, 30, 34
500, 30, 34
501, 30, 34
502, 30, 27
503, 30, 34
504, 30, 34
505, 30, 34
506, 30, 27
507, 30, 34
508, 30, 34
509, 30, 34
510, 30, 30
511, 30, 34
512, 30, 34
513, 30, 27
514, 30, 27
515, 30, 34
516, 30, 34
517, 30, 27
518, 30, 27
519, 30, 34
520, 30, 34
521, 30, 27
522, 30, 27
523, 30, 34
524, 30, 34
525, 30, 27
526, 30, 27
527, 30, 34
528, 30, 34
529, 30, 27
530, 30, 27
531, 30, 34
532, 30, 34
533, 30, 27
534, 30, 27
535, 30, 34
536, 30, 34
537, 30, 27
538, 30, 27
539, 30, 34
540, 30, 34
541, 30, 27
542, 30, 27
543, 30, 34
544, 30, 34
545, 30, 27
546, 30, 27
547, 30, 34
548, 30, 34
549, 30, 27
550, 30, 27
551, 30, 34
552, 30, 34
553, 30, 27
554, 30, 27
555, 30, 34
556, 30, 34
557, 30, 27
558, 30, 27
559, 30, 34
560, 30, 34
561, 30, 27
562, 30, 27
563, 30, 34
564, 30, 34
565, 30, 27
566, 30, 27
567, 30, 34
568, 30, 34
569, 30, 27
570, 30, 27
571, 30, 34
572, 30, 34
573, 30, 27
574, 30, 30
575, 30, 34
576, 30, 34
577, 30, 27
578, 30, 27
579, 30, 34
580, 30, 34
581, 30, 27
582, 30, 27
583, 30, 34
584, 30, 34
585, 30, 27
586, 30, 27
587, 30, 34
588, 30, 34
589, 30, 27
590, 30, 27
591, 30, 34
592, 30, 34
593, 30, 27
594, 30, 27
595, 30, 34
596, 30, 34
597, 30, 27
598, 30, 27
599, 30, 34
600, 30, 34
601, 30, 27
602, 30, 27
603, 30, 34
604, 30, 34
605, 30, 27
606, 30, 27
607, 30, 34
608, 30, 34
609, 30, 27
610, 30, 27
611, 30, 34
612, 30, 34
613, 30, 27
614, 30, 27
615, 30, 34
616, 30, 34
617, 30, 27
618, 30, 27
619, 30, 34
620, 30, 34
621, 30, 27
622, 30, 27
623, 30, 34
624, 30, 34
625, 30, 27
626, 30, 27
627, 30, 34
628, 30, 34
629, 30, 27
630, 30, 27
631, 30, 34
632, 30, 34
633, 30, 27
634, 30, 27
635, 30, 34
636, 30, 34
637, 30, 27
638, 30, 27
639, 30, 34
640, 30, 34
641, 30, 27
642, 30, 27
643, 30, 34
644, 30, 34
645, 30, 27
646, 30, 27
647, 30, 34
648, 30, 34
649, 30, 27
650, 30, 27
651, 30, 34
652, 30, 34
653, 30, 27
654, 30, 27
655, 30, 34
656, 30, 34
657, 30, 27
658, 30, 27
659, 30, 34
660, 30, 34
661, 30, 27
662, 30, 27
663, 30, 34
664, 30, 34
665, 30, 27
666, 30, 27
667, 30, 34
668, 30, 34
669, 30, 27
670, 30, 27
671, 30, 34
672, 30, 34
673, 30, 27
674, 30, 27
675, 30, 34
676, 30, 34
677, 30, 27
678, 30, 27
679, 30, 34
680, 30, 34
681, 30, 27
682, 30, 27
683, 30, 34
684, 30, 34
685, 30, 27
686, 30, 27
687, 30, 34
688, 30, 34
689, 30, 27
690, 30, 27
691, 30, 34
692, 30, 34
693, 30, 27
694, 30, 27
695, 30, 34
696, 30, 34
697, 30, 27
698, 30, 27
699, 30, 34
700, 30, 34
701, 30, 27
702, 30, 37
703, 30, 34
704, 30, 34
705, 30, 27
706, 30, 34
707, 30, 34
708, 30, 34
709, 30, 27
710, 30, 34
711, 30, 34
712, 30, 34
713, 30, 27
714, 30, 34
715, 30, 34
716, 30, 34
717, 30, 27
718, 30, 34
719, 30, 34
720, 30, 34
721, 30, 27
722, 30, 34
723, 30, 34
724, 30, 34
725, 30, 27
726, 30, 34
727, 30, 34
728, 30, 34
729, 30, 27
730, 30, 34
731, 30, 34
732, 30, 34
733, 30, 27
734, 30, 34
735, 30, 34
736, 30, 34
737, 30, 27
738, 30, 34
739, 30, 34
740, 30, 34
741, 30, 27
742, 30, 34
743, 30, 34
744, 30, 34
745, 30, 27
746, 30, 34
747, 30, 34
748, 30, 34
749, 30, 27
750, 30, 34
751, 30, 34
752, 30, 34
753, 30, 27
754, 30, 34
755, 30, 34
756, 30, 34
757, 30, 27
758, 30, 34
759, 30, 34
760, 30, 34
761, 30, 27
762, 30, 34
763, 30, 34
764, 30, 34
765, 30, 27
766, 30, 37
767, 30, 34
768, 30, 34
769, 30, 27
770, 30, 34
771, 30, 34
772, 30, 34
773, 30, 27
774, 30, 34
775, 30, 34
776, 30, 34
777, 30, 27
778, 30, 34
779, 30, 34
780, 30, 34
781, 30, 27
782, 30, 34
783, 30, 34
784, 30, 34
785, 30, 27
786, 30, 34
787, 30, 34
788, 30, 34
789, 30, 27
790, 30, 34
791, 30, 34
792, 30, 34
793, 30, 27
794, 30, 34
795, 30, 34
796, 30, 34
797, 30, 27
798, 30, 34
799, 30, 34
800, 30, 34
801, 30, 27
802, 30, 34
803, 30, 34
804, 30, 34
805, 30, 27
806, 30, 34
807, 30, 34
808, 30, 34
809, 30, 27
810, 30, 34
811, 30, 34
812, 30, 34
813, 30, 27
814, 30, 34
815, 30, 34
816, 30, 34
817, 30, 27
818, 30, 34
819, 30, 34
820, 30, 34
821, 30, 27
822, 30, 34
823, 30, 34
824, 30, 34
825, 30, 27
826, 30, 34
827, 30, 34
828, 30, 34
829, 30, 27
830, 30, 37
831, 30, 34
832, 30, 27
833, 30, 27
834, 30, 34
835, 30, 34
836, 30, 27
837, 30, 27
838, 30, 34
839, 30, 34
840, 30, 27
841, 30, 27
842, 30, 34
843, 30, 34
844, 30, 27
845, 30, 27
846, 30, 34
847, 30, 34
848, 30, 27
849, 30, 27
850, 30, 34
851, 30, 34
852, 30, 27
853, 30, 27
854, 30, 34
855, 30, 34
856, 30, 27
857, 30, 27
858, 30, 34
859, 30, 34
860, 30, 27
861, 30, 27
862, 30, 34
863, 30, 34
864, 30, 27
865, 30, 27
866, 30, 34
867, 30, 34
868, 30, 27
869, 30, 27
870, 30, 34
871, 30, 34
872, 30, 27
873, 30, 27
874, 30, 34
875, 30, 34
876, 30, 27
877, 30, 27
878, 30, 34
879, 30, 34
880, 30, 27
881, 30, 27
882, 30, 34
883, 30, 34
884, 30, 27
885, 30, 27
886, 30, 34
887, 30, 34
888, 30, 27
889, 30, 27
890, 30, 34
891, 30, 34
892, 30, 27
893, 30, 27
894, 30, 34
895, 30, 34
896, 30, 27
897, 30, 27
898, 30, 34
899, 30, 34
900, 30, 27
901, 30, 27
902, 30, 34
903, 30, 34
904, 30, 27
905, 30, 27
906, 30, 34
907, 30, 34
908, 30, 27
909, 30, 27
910, 30, 34
911, 30, 34
912, 30, 27
913, 30, 27
914, 30, 34
915, 30, 34
916, 30, 27
917, 30, 27
918, 30, 34
919, 30, 34
920, 30, 27
921, 30, 27
922, 30, 34
923, 30, 34
924, 30, 27
925, 30, 27
926, 30, 34
927, 30, 34
928, 30, 27
929, 30, 27
930, 30, 34
931, 30, 34
932, 30, 27
933, 30, 27
934, 30, 34
935, 30, 34
936, 30, 27
937, 30, 27
938, 30, 34
939, 30, 34
940, 30, 27
941, 30, 27
942, 30, 34
943, 30, 34
944, 30, 27
945, 30, 27
946, 30, 34
947, 30, 34
948, 30, 27
949, 30, 27
950, 30, 34
951, 30, 34
952, 30, 27
953, 30, 27
954, 30, 34
955, 30, 34
956, 30, 27
957, 30, 27
958, 30, 37
959, 30, 34
960, 30, 27
961, 30, 27
962, 30, 34
963, 30, 34
964, 30, 27
965, 30, 27
966, 30, 34
967, 30, 34
968, 30, 27
969, 30, 27
970, 30, 34
971, 30, 34
972, 30, 27
973, 30, 27
974, 30, 34
975, 30, 34
976, 30, 27
977, 30, 27
978, 30, 34
979, 30, 34
980, 30, 27
981, 30, 27
982, 30, 34
983, 30, 34
984, 30, 27
985, 30, 27
986, 30, 34
987, 30, 34
988, 30, 27
989, 30, 27
990, 30, 34
991, 30, 34
992, 30, 27
993, 30, 27
994, 30, 34
995, 30, 34
996, 30, 27
997, 30, 27
998, 30, 34
999, 30, 34
1000, 30, 27
1001, 30, 27
1002, 30, 34
1003, 30, 34
1004, 30, 27
1005, 30, 27
1006, 30, 34
1007, 30, 34
1008, 30, 27
1009, 30, 27
1010, 30, 34
1011, 30, 34
1012, 30, 27
1013, 30, 27
1014, 30, 34
1015, 30, 34
1016, 30, 27
1017, 30, 27
1018, 30, 34
1019, 30, 34
1020, 30, 27
1021, 30, 27
1022, 30, 34
1023, 30, 34
0, 31, 100
1, 31, 37
2, 31, 30
3, 31, 37
4, 31, 34
5, 31, 100
6, 31, 34
7, 31, 27
8, 31, 34
9, 31, 34
10, 31, 34
11, 31, 27
12, 31, 34
13, 31, 34
14, 31, 34
15, 31, 27
16, 31, 34
17, 31, 34
18, 31, 34
19, 31, 27
20, 31, 34
21, 31, 34
22, 31, 34
23, 31, 27
24, 31, 34
25, 31, 34
26, 31, 34
27, 31, 27
28, 31, 34
29, 31, 34
30, 31, 34
31, 31, 27
32, 31, 34
33, 31, 34
34, 31, 34
35, 31, 27
36, 31, 34
37, 31, 34
38, 31, 34
39, 31, 27
40, 31, 34
41, 31, 34
42, 31, 34
43, 31, 27
44, 31, 34
45, 31, 34
46, 31, 34
47, 31, 27
48, 31, 34
49, 31, 34
50, 31, 34
51, 31, 27
52, 31, 34
53, 31, 34
54, 31, 34
55, 31, 27
56, 31, 34
57, 31, 34
58, 31, 34
59, 31, 27
60, 31, 34
61, 31, 34
62, 31, 37
63, 31, 30
64, 31, 34
65, 31, 34
66, 31, 27
67, 31, 27
68, 31, 34
69, 31, 34
70, 31, 27
71, 31, 27
72, 31, 34
73, 31, 34
74, 31, 27
75, 31, 27
76, 31, 34
77, 31, 34
78, 31, 27
79, 31, 27
80, 31, 34
81, 31, 34
82, 31, 27
83, 31, 27
84, 31, 34
85, 31, 34
86, 31, 27
87, 31, 27
88, 31, 34
89, 31, 34
90, 31, 27
91, 31, 27
92, 31, 34
93, 31, 34
94, 31, 27
95, 31, 27
96, 31, 34
97, 31, 34
98, 31, 27
99, 31, 27
100, 31, 34
101, 31, 34
102, 31, 27
103, 31, 27
104, 31, 34
105, 31, 34
106, 31, 27
107, 31, 27
108, 31, 34
109, 31, 34
110, 31, 27
111, 31, 27
112, 31, 34
113, 31, 34
114, 31, 27
115, 31, 27
116, 31, 34
117, 31, 34
118, 31, 27
119, 31, 27
120, 31, 34
121, 31, 34
122, 31, 27
123, 31, 27
124, 31, 34
125, 31, 34
126, 31, 30
127, 31, 27
128, 31, 34
129, 31, 34
130, 31, 27
131, 31, 27
132, 31, 34
133, 31, 34
134, 31, 27
135, 31, 27
136, 31, 34
137, 31, 34
138, 31, 27
139, 31, 27
140, 31, 34
141, 31, 34
142, 31, 27
143, 31, 27
144, 31, 34
145, 31, 34
146, 31, 27
147, 31, 27
148, 31, 34
149, 31, 34
150, 31, 27
151, 31, 27
152, 31, 34
153, 31, 34
154, 31, 27
155, 31, 27
156, 31, 34
157, 31, 34
158, 31, 27
159, 31, 27
160, 31, 34
161, 31, 34
162, 31, 27
163, 31, 27
164, 31, 34
165, 31, 34
166, 31, 27
167, 31, 27
168, 31, 34
169, 31, 34
170, 31, 27
171, 31, 27
172, 31, 34
173, 31, 34
174, 31, 27
175, 31, 27
176, 31, 34
177, 31, 34
178, 31, 27
179, 31, 27
180, 31, 34
181, 31, 34
182, 31, 27
183, 31, 27
184, 31, 34
185, 31, 34
186, 31, 27
187, 31, 27
188, 31, 34
189, 31, 34
190, 31, 27
191, 31, 34
192, 31, 34
193, 31, 34
194, 31, 27
195, 31, 34
196, 31, 34
197, 31, 34
198, 31, 27
199, 31, 34
200, 31, 34
201, 31, 34
202, 31, 27
203, 31, 34
204, 31, 34
205, 31, 34
206, 31, 27
207, 31, 34
208, 31, 34
209, 31, 34
210, 31, 27
211, 31, 34
212, 31, 34
213, 31, 34
214, 31, 27
215, 31, 34
216, 31, 34
217, 31, 34
218, 31, 27
219, 31, 34
220, 31, 34
221, 31, 34
222, 31, 27
223, 31, 34
224, 31, 34
225, 31, 34
226, 31, 27
227, 31, 34
228, 31, 34
229, 31, 34
230, 31, 27
231, 31, 34
232, 31, 34
233, 31, 34
234, 31, 27
235, 31, 34
236, 31, 34
237, 31, 34
238, 31, 27
239, 31, 34
240, 31, 34
241, 31, 34
242, 31, 27
243, 31, 34
244, 31, 34
245, 31, 34
246, 31, 27
247, 31, 34
248, 31, 34
249, 31, 34
250, 31, 27
251, 31, 34
252, 31, 34
253, 31, 34
254, 31, 30
255, 31, 34
256, 31, 34
257, 31, 34
258, 31, 27
259, 31, 34
260, 31, 34
261, 31, 34
262, 31, 27
263, 31, 34
264, 31, 34
265, 31, 34
266, 31, 27
267, 31, 34
268, 31, 34
269, 31, 34
270, 31, 27
271, 31, 34
272, 31, 34
273, 31, 34
274, 31, 27
275, 31, 34
276, 31, 34
277, 31, 34
278, 31, 27
279, 31, 34
280, 31, 34
281, 31, 34
282, 31, 27
283, 31, 34
284, 31, 34
285, 31, 34
286, 31, 27
287, 31, 34
288, 31, 34
289, 31, 34
290, 31, 27
291, 31, 34
292, 31, 34
293, 31, 34
294, 31, 27
295, 31, 34
296, 31, 34
297, 31, 34
298, 31, 27
299, 31, 34
300, 31, 34
301, 31, 34
302, 31, 27
303, 31, 34
304, 31, 34
305, 31, 34
306, 31, 27
307, 31, 34
308, 31, 34
309, 31, 34
310, 31, 27
311, 31, 34
312, 31, 34
313, 31, 34
314, 31, 27
315, 31, 34
316, 31, 34
317, 31, 34
318, 31, 30
319, 31, 34
320, 31, 34
321, 31, 27
322, 31, 27
323, 31, 34
324, 31, 34
325, 31, 27
326, 31, 27
327, 31, 34
328, 31, 34
329, 31, 27
330, 31, 27
331, 31, 34
332, 31, 34
333, 31, 27
334, 31, 27
335, 31, 34
336, 31, 34
337, 31, 27
338, 31, 27
339, 31, 34
340, 31, 34
341, 31, 27
342, 31, 27
343, 31, 34
344, 31, 34
345, 31, 27
346, 31, 27
347, 31, 34
348, 31, 34
349, 31, 27
350, 31, 27
351, 31, 34
352, 31, 34
353, 31, 27
354, 31, 27
355, 31, 34
356, 31, 34
357, 31, 27
358, 31, 27
359, 31, 34
360, 31, 34
361, 31, 27
362, 31, 27
363, 31, 34
364, 31, 34
365, 31, 27
366, 31, 27
367, 31, 34
368, 31, 34
369, 31, 27
370, 31, 27
371, 31, 34
372, 31, 34
373, 31, 27
374, 31, 27
375, 31, 34
376, 31, 34
377, 31, 27
378, 31, 27
379, 31, 34
380, 31, 34
381, 31, 27
382, 31, 30
383, 31, 34
384, 31, 34
385, 31, 27
386, 31, 27
387, 31, 34
388, 31, 34
389, 31, 27
390, 31, 27
391, 31, 34
392, 31, 34
393, 31, 27
394, 31, 27
395, 31, 34
396, 31, 34
397, 31, 27
398, 31, 27
399, 31, 34
400, 31, 34
401, 31, 27
402, 31, 27
403, 31, 34
404, 31, 34
405, 31, 27
406, 31, 27
407, 31, 34
408, 31, 34
409, 31, 27
410, 31, 27
411, 31, 34
412, 31, 34
413, 31, 27
414, 31, 27
415, 31, 34
416, 31, 34
417, 31, 27
418, 31, 27
419, 31, 34
420, 31, 34
421, 31, 27
422, 31, 27
423, 31, 34
424, 31, 34
425, 31, 27
426, 31, 27
427, 31, 34
428, 31, 34
429, 31, 27
430, 31, 27
431, 31, 34
432, 31, 34
433, 31, 27
434, 31, 27
435, 31, 34
436, 31, 34
437, 31, 27
438, 31, 27
439, 31, 34
440, 31, 34
441, 31, 27
442, 31, 27
443, 31, 34
444, 31, 34
445, 31, 27
446, 31, 27
447, 31, 34
448, 31, 34
449, 31, 27
450, 31, 27
451, 31, 34
452, 31, 34
453, 31, 27
454, 31, 27
455, 31, 34
456, 31, 34
457, 31, 27
458, 31, 27
459, 31, 34
460, 31, 34
461, 31, 27
462, 31, 27
463, 31, 34
464, 31, 34
465, 31, 27
466, 31, 27
467, 31, 34
468, 31, 34
469, 31, 27
470, 31, 27
471, 31, 34
472, 31, 34
473, 31, 27
474, 31, 27
475, 31, 34
476, 31, 34
477, 31, 34
478, 31, 27
479, 31, 34
480, 31, 34
481, 31, 34
482, 31, 27
483, 31, 34
484, 31, 34
485, 31, 34
486, 31, 27
487, 31, 34
488, 31, 34
489, 31, 34
490, 31, 27
491, 31, 34
492, 31, 34
493, 31, 34
494, 31, 27
495, 31, 34
496, 31, 34
497, 31, 34
498, 31, 27
499, 31, 34
500, 31, 34
501, 31, 34
502, 31, 27
503, 31, 34
504, 31, 34
505, 31, 34
506, 31, 27
507, 31, 34
508, 31, 34
509, 31, 34
510, 31, 30
511, 31, 34
512, 31, 34
513, 31, 34
514, 31, 27
515, 31, 34
516, 31, 34
517, 31, 34
518, 31, 27
519, 31, 34
520, 31, 34
521, 31, 34
522, 31, 27
523, 31, 34
524, 31, 34
525, 31, 34
526, 31, 27
527, 31, 34
528, 31, 34
529, 31, 34
530, 31, 27
531, 31, 34
532, 31, 34
533, 31, 34
534, 31, 27
535, 31, 34
536, 31, 34
537, 31, 34
538, 31, 27
539, 31, 34
540, 31, 34
541, 31, 34
542, 31, 27
543, 31, 34
544, 31, 34
545, 31, 34
546, 31, 27
547, 31, 34
548, 31, 34
549, 31, 34
550, 31, 27
551, 31, 34
552, 31, 34
553, 31, 34
554, 31, 27
555, 31, 34
556, 31, 34
557, 31, 34
558, 31, 27
559, 31, 34
560, 31, 34
561, 31, 34
562, 31, 27
563, 31, 34
564, 31, 34
565, 31, 34
566, 31, 27
567, 31, 34
568, 31, 34
569, 31, 34
570, 31, 27
571, 31, 34
572, 31, 34
573, 31, 34
574, 31, 30
575, 31, 34
576, 31, 34
577, 31, 27
578, 31, 27
579, 31, 34
580, 31, 34
581, 31, 27
582, 31, 27
583, 31, 34
584, 31, 34
585, 31, 27
586, 31, 27
587, 31, 34
588, 31, 34
589, 31, 27
590, 31, 27
591, 31, 34
592, 31, 34
593, 31, 27
594, 31, 27
595, 31, 34
596, 31, 34
597, 31, 27
598, 31, 27
599, 31, 34
600, 31, 34
601, 31, 27
602, 31, 27
603, 31, 34
604, 31, 34
605, 31, 27
606, 31, 27
607, 31, 34
608, 31, 34
609, 31, 27
610, 31, 27
611, 31, 34
612, 31, 34
613, 31, 27
614, 31, 27
615, 31, 34
616, 31, 34
617, 31, 27
618, 31, 27
619, 31, 34
620, 31, 34
621, 31, 27
622, 31, 27
623, 31, 34
624, 31, 34
625, 31, 27
626, 31, 27
627, 31, 34
628, 31, 34
629, 31, 27
630, 31, 27
631, 31, 34
632, 31, 34
633, 31, 27
634, 31, 27
635, 31, 34
636, 31, 34
637, 31, 27
638, 31, 30
639, 31, 34
640, 31, 34
641, 31, 27
642, 31, 27
643, 31, 34
644, 31, 34
645, 31, 27
646, 31, 27
647, 31, 34
648, 31, 34
649, 31, 27
650, 31, 27
651, 31, 34
652, 31, 34
653, 31, 27
654, 31, 27
655, 31, 34
656, 31, 34
657, 31, 27
658, 31, 27
659, 31, 34
660, 31, 34
661, 31, 27
662, 31, 27
663, 31, 34
664, 31, 34
665, 31, 27
666, 31, 27
667, 31, 34
668, 31, 34
669, 31, 27
670, 31, 27
671, 31, 34
672, 31, 34
673, 31, 27
674, 31, 27
675, 31, 34
676, 31, 34
677, 31, 27
678, 31, 27
679, 31, 34
680, 31, 34
681, 31, 27
682, 31, 27
683, 31, 34
684, 31, 34
685, 31, 27
686, 31, 27
687, 31, 34
688, 31, 34
689, 31, 27
690, 31, 27
691, 31, 34
692, 31, 34
693, 31, 27
694, 31, 27
695, 31, 34
696, 31, 34
697, 31, 27
698, 31, 27
699, 31, 34
700, 31, 34
701, 31, 27
702, 31, 27
703, 31, 34
704, 31, 34
705, 31, 27
706, 31, 27
707, 31, 34
708, 31, 34
709, 31, 27
710, 31, 27
711, 31, 34
712, 31, 34
713, 31, 27
714, 31, 27
715, 31, 34
716, 31, 34
717, 31, 27
718, 31, 27
719, 31, 34
720, 31, 34
721, 31, 27
722, 31, 27
723, 31, 34
724, 31, 34
725, 31, 27
726, 31, 27
727, 31, 34
728, 31, 34
729, 31, 27
730, 31, 27
731, 31, 34
732, 31, 34
733, 31, 27
734, 31, 27
735, 31, 34
736, 31, 34
737, 31, 27
738, 31, 27
739, 31, 34
740, 31, 34
741, 31, 27
742, 31, 27
743, 31, 34
744, 31, 34
745, 31, 27
746, 31, 27
747, 31, 34
748, 31, 34
749, 31, 27
750, 31, 27
751, 31, 34
752, 31, 34
753, 31, 27
754, 31, 27
755, 31, 34
756, 31, 34
757, 31, 27
758, 31, 27
759, 31, 34
760, 31, 34
761, 31, 27
762, 31, 27
763, 31, 34
764, 31, 34
765, 31, 27
766, 31, 37
767, 31, 34
768, 31, 34
769, 31, 27
770, 31, 34
771, 31, 34
772, 31, 34
773, 31, 27
774, 31, 34
775, 31, 34
776, 31, 34
777, 31, 27
778, 31, 34
779, 31, 34
780, 31, 34
781, 31, 27
782, 31, 34
783, 31, 34
784, 31, 34
785, 31, 27
786, 31, 34
787, 31, 34
788, 31, 34
789, 31, 27
790, 31, 34
791, 31, 34
792, 31, 34
793, 31, 27
794, 31, 34
795, 31, 34
796, 31, 34
797, 31, 27
798, 31, 34
799, 31, 34
800, 31, 34
801, 31, 27
802, 31, 34
803, 31, 34
804, 31, 34
805, 31, 27
806, 31, 34
807, 31, 34
808, 31, 34
809, 31, 27
810, 31, 34
811, 31, 34
812, 31, 34
813, 31, 27
814, 31, 34
815, 31, 34
816, 31, 34
817, 31, 27
818, 31, 34
819, 31, 34
820, 31, 34
821, 31, 27
822, 31, 34
823, 31, 34
824, 31, 34
825, 31, 27
826, 31, 34
827, 31, 34
828, 31, 34
829, 31, 27
830, 31, 37
831, 31, 34
832, 31, 34
833, 31, 27
834, 31, 34
835, 31, 34
836, 31, 34
837, 31, 27
838, 31, 34
839, 31, 34
840, 31, 34
841, 31, 27
842, 31, 34
843, 31, 34
844, 31, 34
845, 31, 27
846, 31, 34
847, 31, 34
848, 31, 34
849, 31, 27
850, 31, 34
851, 31, 34
852, 31, 34
853, 31, 27
854, 31, 34
855, 31, 34
856, 31, 34
857, 31, 27
858, 31, 34
859, 31, 34
860, 31, 34
861, 31, 27
862, 31, 34
863, 31, 34
864, 31, 34
865, 31, 27
866, 31, 34
867, 31, 34
868, 31, 34
869, 31, 27
870, 31, 34
871, 31, 34
872, 31, 34
873, 31, 27
874, 31, 34
875, 31, 34
876, 31, 34
877, 31, 27
878, 31, 34
879, 31, 34
880, 31, 34
881, 31, 27
882, 31, 34
883, 31, 34
884, 31, 34
885, 31, 27
886, 31, 34
887, 31, 34
888, 31, 34
889, 31, 27
890, 31, 34
891, 31, 34
892, 31, 34
893, 31, 27
894, 31, 37
895, 31, 34
896, 31, 27
897, 31, 27
898, 31, 34
899, 31, 34
900, 31, 27
901, 31, 27
902, 31, 34
903, 31, 34
904, 31, 27
905, 31, 27
906, 31, 34
907, 31, 34
908, 31, 27
909, 31, 27
910, 31, 34
911, 31, 34
912, 31, 27
913, 31, 27
914, 31, 34
915, 31, 34
916, 31, 27
917, 31, 27
918, 31, 34
919, 31, 34
920, 31, 27
921, 31, 27
922, 31, 34
923, 31, 34
924, 31, 27
925, 31, 27
926, 31, 34
927, 31, 34
928, 31, 27
929, 31, 27
930, 31, 34
931, 31, 34
932, 31, 27
933, 31, 27
934, 31, 34
935, 31, 34
936, 31, 27
937, 31, 27
938, 31, 34
939, 31, 34
940, 31, 27
941, 31, 27
942, 31, 34
943, 31, 34
944, 31, 27
945, 31, 27
946, 31, 34
947, 31, 34
948, 31, 27
949, 31, 27
950, 31, 34
951, 31, 34
952, 31, 27
953, 31, 27
954, 31, 34
955, 31, 34
956, 31, 27
957, 31, 27
958, 31, 34
959, 31, 34
960, 31, 27
961, 31, 27
962, 31, 34
963, 31, 34
964, 31, 27
965, 31, 27
966, 31, 34
967, 31, 34
968, 31, 27
969, 31, 27
970, 31, 34
971, 31, 34
972, 31, 27
973, 31, 27
974, 31, 34
975, 31, 34
976, 31, 27
977, 31, 27
978, 31, 34
979, 31, 34
980, 31, 27
981, 31, 27
982, 31, 34
983, 31, 34
984, 31, 27
985, 31, 27
986, 31, 34
987, 31, 34
988, 31, 27
989, 31, 27
990, 31, 34
991, 31, 34
992, 31, 27
993, 31, 27
994, 31, 34
995, 31, 34
996, 31, 27
997, 31, 27
998, 31, 34
999, 31, 34
1000, 31, 27
1001, 31, 27
1002, 31, 34
1003, 31, 34
1004, 31, 27
1005, 31, 27
1006, 31, 34
1007, 31, 34
1008, 31, 27
1009, 31, 27
1010, 31, 34
1011, 31, 34
1012, 31, 27
1013, 31, 27
1014, 31, 34
1015, 31, 34
1016, 31, 27
1017, 31, 27
1018, 31, 34
1019, 31, 34
1020, 31, 27
1021, 31, 27
1022, 31, 34
1023, 31, 34
