,CPU_ID,ADDR_ID,LATENCY
0,0,0,50
1,0,1,50
2,0,2,50
3,0,3,50
4,0,4,50
5,0,5,50
6,0,6,50
7,0,7,50
8,0,8,50
9,0,9,50
10,0,10,50
11,0,11,50
12,0,12,50
13,0,13,50
14,0,14,50
15,0,15,50
16,0,16,50
17,0,17,50
18,0,18,50
19,0,19,50
20,0,20,50
21,0,21,50
22,0,22,50
23,0,23,50
24,0,24,50
25,0,25,50
26,0,26,50
27,0,27,50
28,0,28,50
29,0,29,50
30,0,30,50
31,0,31,50
32,0,32,50
33,0,33,50
34,0,34,50
35,0,35,50
36,0,36,50
37,0,37,50
38,0,38,50
39,0,39,50
40,0,40,50
41,0,41,50
42,0,42,50
43,0,43,50
44,0,44,50
45,0,45,50
46,0,46,50
47,0,47,50
48,0,48,50
49,0,49,50
50,0,50,50
51,0,51,50
52,0,52,50
53,0,53,50
54,0,54,50
55,0,55,50
56,0,56,50
57,0,57,50
58,0,58,50
59,0,59,50
60,0,60,50
61,0,61,50
62,0,62,50
63,0,63,50
64,0,64,50
65,0,65,50
66,0,66,50
67,0,67,50
68,0,68,50
69,0,69,50
70,0,70,50
71,0,71,50
72,0,72,50
73,0,73,50
74,0,74,50
75,0,75,50
76,0,76,50
77,0,77,50
78,0,78,50
79,0,79,50
80,0,80,50
81,0,81,50
82,0,82,50
83,0,83,50
84,0,84,50
85,0,85,50
86,0,86,50
87,0,87,50
88,0,88,50
89,0,89,50
90,0,90,50
91,0,91,50
92,0,92,50
93,0,93,50
94,0,94,50
95,0,95,50
96,0,96,50
97,0,97,50
98,0,98,50
99,0,99,50
100,0,100,50
101,0,101,50
102,0,102,50
103,0,103,50
104,0,104,50
105,0,105,50
106,0,106,50
107,0,107,50
108,0,108,50
109,0,109,50
110,0,110,50
111,0,111,50
112,0,112,50
113,0,113,50
114,0,114,50
115,0,115,50
116,0,116,50
117,0,117,50
118,0,118,50
119,0,119,50
120,0,120,50
121,0,121,50
122,0,122,50
123,0,123,50
124,0,124,50
125,0,125,50
126,0,126,50
127,0,127,50
128,0,128,50
129,0,129,50
130,0,130,50
131,0,131,50
132,0,132,50
133,0,133,50
134,0,134,50
135,0,135,50
136,0,136,50
137,0,137,50
138,0,138,50
139,0,139,50
140,0,140,50
141,0,141,50
142,0,142,50
143,0,143,50
144,0,144,50
145,0,145,50
146,0,146,50
147,0,147,50
148,0,148,50
149,0,149,50
150,0,150,50
151,0,151,50
152,0,152,50
153,0,153,50
154,0,154,50
155,0,155,50
156,0,156,50
157,0,157,50
158,0,158,50
159,0,159,50
160,0,160,50
161,0,161,50
162,0,162,50
163,0,163,50
164,0,164,50
165,0,165,50
166,0,166,50
167,0,167,50
168,0,168,50
169,0,169,50
170,0,170,50
171,0,171,50
172,0,172,50
173,0,173,50
174,0,174,50
175,0,175,50
176,0,176,50
177,0,177,50
178,0,178,50
179,0,179,50
180,0,180,50
181,0,181,50
182,0,182,50
183,0,183,50
184,0,184,50
185,0,185,50
186,0,186,50
187,0,187,50
188,0,188,50
189,0,189,50
190,0,190,50
191,0,191,50
192,0,192,50
193,0,193,50
194,0,194,50
195,0,195,50
196,0,196,50
197,0,197,50
198,0,198,50
199,0,199,50
200,0,200,50
201,0,201,50
202,0,202,50
203,0,203,50
204,0,204,50
205,0,205,50
206,0,206,50
207,0,207,50
208,0,208,50
209,0,209,50
210,0,210,50
211,0,211,50
212,0,212,50
213,0,213,50
214,0,214,50
215,0,215,50
216,0,216,50
217,0,217,50
218,0,218,50
219,0,219,50
220,0,220,50
221,0,221,50
222,0,222,50
223,0,223,50
224,0,224,50
225,0,225,50
226,0,226,50
227,0,227,50
228,0,228,50
229,0,229,50
230,0,230,50
231,0,231,50
232,0,232,50
233,0,233,50
234,0,234,50
235,0,235,50
236,0,236,50
237,0,237,50
238,0,238,50
239,0,239,50
240,0,240,50
241,0,241,50
242,0,242,50
243,0,243,50
244,0,244,50
245,0,245,50
246,0,246,50
247,0,247,50
248,0,248,50
249,0,249,50
250,0,250,50
251,0,251,50
252,0,252,50
253,0,253,50
254,0,254,50
255,0,255,50
256,0,256,50
257,0,257,50
258,0,258,50
259,0,259,50
260,0,260,50
261,0,261,50
262,0,262,50
263,0,263,50
264,0,264,50
265,0,265,50
266,0,266,50
267,0,267,50
268,0,268,50
269,0,269,50
270,0,270,50
271,0,271,50
272,0,272,50
273,0,273,50
274,0,274,50
275,0,275,50
276,0,276,50
277,0,277,50
278,0,278,50
279,0,279,50
280,0,280,50
281,0,281,50
282,0,282,50
283,0,283,50
284,0,284,50
285,0,285,50
286,0,286,50
287,0,287,50
288,0,288,50
289,0,289,50
290,0,290,50
291,0,291,50
292,0,292,50
293,0,293,50
294,0,294,50
295,0,295,50
296,0,296,50
297,0,297,50
298,0,298,50
299,0,299,50
300,0,300,50
301,0,301,50
302,0,302,50
303,0,303,50
304,0,304,50
305,0,305,50
306,0,306,50
307,0,307,50
308,0,308,50
309,0,309,50
310,0,310,50
311,0,311,50
312,0,312,50
313,0,313,50
314,0,314,50
315,0,315,50
316,0,316,50
317,0,317,50
318,0,318,50
319,0,319,50
320,0,320,50
321,0,321,50
322,0,322,50
323,0,323,50
324,0,324,50
325,0,325,50
326,0,326,50
327,0,327,50
328,0,328,50
329,0,329,50
330,0,330,50
331,0,331,50
332,0,332,50
333,0,333,50
334,0,334,50
335,0,335,50
336,0,336,50
337,0,337,50
338,0,338,50
339,0,339,50
340,0,340,50
341,0,341,50
342,0,342,50
343,0,343,50
344,0,344,50
345,0,345,50
346,0,346,50
347,0,347,50
348,0,348,50
349,0,349,50
350,0,350,50
351,0,351,50
352,0,352,50
353,0,353,50
354,0,354,50
355,0,355,50
356,0,356,50
357,0,357,50
358,0,358,50
359,0,359,50
360,0,360,50
361,0,361,50
362,0,362,50
363,0,363,50
364,0,364,50
365,0,365,50
366,0,366,50
367,0,367,50
368,0,368,50
369,0,369,50
370,0,370,50
371,0,371,50
372,0,372,50
373,0,373,50
374,0,374,50
375,0,375,50
376,0,376,50
377,0,377,50
378,0,378,50
379,0,379,50
380,0,380,50
381,0,381,50
382,0,382,50
383,0,383,50
384,0,384,50
385,0,385,50
386,0,386,50
387,0,387,50
388,0,388,50
389,0,389,50
390,0,390,50
391,0,391,50
392,0,392,50
393,0,393,50
394,0,394,50
395,0,395,50
396,0,396,50
397,0,397,50
398,0,398,50
399,0,399,50
400,0,400,50
401,0,401,50
402,0,402,50
403,0,403,50
404,0,404,50
405,0,405,50
406,0,406,50
407,0,407,50
408,0,408,50
409,0,409,50
410,0,410,50
411,0,411,50
412,0,412,50
413,0,413,50
414,0,414,50
415,0,415,50
416,0,416,50
417,0,417,50
418,0,418,50
419,0,419,50
420,0,420,50
421,0,421,50
422,0,422,50
423,0,423,50
424,0,424,50
425,0,425,50
426,0,426,50
427,0,427,50
428,0,428,50
429,0,429,50
430,0,430,50
431,0,431,50
432,0,432,50
433,0,433,50
434,0,434,50
435,0,435,50
436,0,436,50
437,0,437,50
438,0,438,50
439,0,439,50
440,0,440,50
441,0,441,50
442,0,442,50
443,0,443,50
444,0,444,50
445,0,445,50
446,0,446,50
447,0,447,50
448,0,448,50
449,0,449,50
450,0,450,50
451,0,451,50
452,0,452,50
453,0,453,50
454,0,454,50
455,0,455,50
456,0,456,50
457,0,457,50
458,0,458,50
459,0,459,50
460,0,460,50
461,0,461,50
462,0,462,50
463,0,463,50
464,0,464,50
465,0,465,50
466,0,466,50
467,0,467,50
468,0,468,50
469,0,469,50
470,0,470,50
471,0,471,50
472,0,472,50
473,0,473,50
474,0,474,50
475,0,475,50
476,0,476,50
477,0,477,50
478,0,478,50
479,0,479,50
480,0,480,50
481,0,481,50
482,0,482,50
483,0,483,50
484,0,484,50
485,0,485,50
486,0,486,50
487,0,487,50
488,0,488,50
489,0,489,50
490,0,490,50
491,0,491,50
492,0,492,50
493,0,493,50
494,0,494,50
495,0,495,50
496,0,496,50
497,0,497,50
498,0,498,50
499,0,499,50
500,0,500,50
501,0,501,50
502,0,502,50
503,0,503,50
504,0,504,50
505,0,505,50
506,0,506,50
507,0,507,50
508,0,508,50
509,0,509,50
510,0,510,50
511,0,511,50
512,1,0,50
513,1,1,30
514,1,2,27
515,1,3,41
516,1,4,27
517,1,5,27
518,1,6,50
519,1,7,27
520,1,8,27
521,1,9,27
522,1,10,27
523,1,11,38
524,1,12,50
525,1,13,38
526,1,14,27
527,1,15,27
528,1,16,38
529,1,17,27
530,1,18,27
531,1,19,27
532,1,20,27
533,1,21,38
534,1,22,27
535,1,23,27
536,1,24,27
537,1,25,27
538,1,26,38
539,1,27,27
540,1,28,27
541,1,29,27
542,1,30,27
543,1,31,38
544,1,32,27
545,1,33,27
546,1,34,27
547,1,35,27
548,1,36,38
549,1,37,27
550,1,38,27
551,1,39,38
552,1,40,27
553,1,41,38
554,1,42,27
555,1,43,27
556,1,44,38
557,1,45,27
558,1,46,38
559,1,47,27
560,1,48,27
561,1,49,38
562,1,50,27
563,1,51,38
564,1,52,27
565,1,53,27
566,1,54,38
567,1,55,27
568,1,56,27
569,1,57,27
570,1,58,27
571,1,59,38
572,1,60,27
573,1,61,27
574,1,62,30
575,1,63,27
576,1,64,38
577,1,65,27
578,1,66,27
579,1,67,27
580,1,68,27
581,1,69,38
582,1,70,27
583,1,71,27
584,1,72,38
585,1,73,27
586,1,74,38
587,1,75,27
588,1,76,27
589,1,77,38
590,1,78,27
591,1,79,38
592,1,80,27
593,1,81,27
594,1,82,38
595,1,83,27
596,1,84,38
597,1,85,27
598,1,86,27
599,1,87,38
600,1,88,27
601,1,89,27
602,1,90,27
603,1,91,27
604,1,92,38
605,1,93,27
606,1,94,27
607,1,95,27
608,1,96,27
609,1,97,38
610,1,98,27
611,1,99,27
612,1,100,27
613,1,101,27
614,1,102,38
615,1,103,27
616,1,104,27
617,1,105,27
618,1,106,27
619,1,107,38
620,1,108,27
621,1,109,27
622,1,110,38
623,1,111,27
624,1,112,38
625,1,113,27
626,1,114,27
627,1,115,38
628,1,116,27
629,1,117,38
630,1,118,27
631,1,119,27
632,1,120,38
633,1,121,27
634,1,122,38
635,1,123,27
636,1,124,27
637,1,125,38
638,1,126,27
639,1,127,27
640,1,128,27
641,1,129,27
642,1,130,38
643,1,131,27
644,1,132,27
645,1,133,27
646,1,134,27
647,1,135,38
648,1,136,27
649,1,137,27
650,1,138,27
651,1,139,27
652,1,140,38
653,1,141,27
654,1,142,27
655,1,143,27
656,1,144,27
657,1,145,38
658,1,146,27
659,1,147,27
660,1,148,38
661,1,149,27
662,1,150,38
663,1,151,27
664,1,152,27
665,1,153,38
666,1,154,27
667,1,155,38
668,1,156,27
669,1,157,27
670,1,158,38
671,1,159,27
672,1,160,38
673,1,161,27
674,1,162,27
675,1,163,38
676,1,164,27
677,1,165,27
678,1,166,27
679,1,167,27
680,1,168,38
681,1,169,27
682,1,170,27
683,1,171,27
684,1,172,27
685,1,173,38
686,1,174,27
687,1,175,27
688,1,176,27
689,1,177,27
690,1,178,38
691,1,179,27
692,1,180,27
693,1,181,27
694,1,182,27
695,1,183,38
696,1,184,27
697,1,185,27
698,1,186,27
699,1,187,27
700,1,188,38
701,1,189,27
702,1,190,30
703,1,191,38
704,1,192,27
705,1,193,38
706,1,194,27
707,1,195,27
708,1,196,38
709,1,197,27
710,1,198,38
711,1,199,27
712,1,200,27
713,1,201,38
714,1,202,27
715,1,203,27
716,1,204,27
717,1,205,27
718,1,206,38
719,1,207,27
720,1,208,27
721,1,209,27
722,1,210,27
723,1,211,38
724,1,212,27
725,1,213,27
726,1,214,27
727,1,215,27
728,1,216,38
729,1,217,27
730,1,218,27
731,1,219,27
732,1,220,27
733,1,221,38
734,1,222,27
735,1,223,27
736,1,224,38
737,1,225,27
738,1,226,38
739,1,227,27
740,1,228,27
741,1,229,38
742,1,230,27
743,1,231,38
744,1,232,27
745,1,233,27
746,1,234,38
747,1,235,27
748,1,236,38
749,1,237,27
750,1,238,27
751,1,239,38
752,1,240,27
753,1,241,38
754,1,242,27
755,1,243,27
756,1,244,38
757,1,245,27
758,1,246,27
759,1,247,27
760,1,248,27
761,1,249,38
762,1,250,27
763,1,251,27
764,1,252,27
765,1,253,27
766,1,254,41
767,1,255,27
768,1,256,27
769,1,257,27
770,1,258,27
771,1,259,38
772,1,260,27
773,1,261,27
774,1,262,38
775,1,263,27
776,1,264,38
777,1,265,27
778,1,266,27
779,1,267,38
780,1,268,27
781,1,269,38
782,1,270,27
783,1,271,27
784,1,272,38
785,1,273,27
786,1,274,38
787,1,275,27
788,1,276,27
789,1,277,38
790,1,278,27
791,1,279,27
792,1,280,27
793,1,281,27
794,1,282,38
795,1,283,27
796,1,284,27
797,1,285,27
798,1,286,27
799,1,287,38
800,1,288,27
801,1,289,27
802,1,290,27
803,1,291,27
804,1,292,38
805,1,293,27
806,1,294,27
807,1,295,27
808,1,296,27
809,1,297,38
810,1,298,27
811,1,299,27
812,1,300,27
813,1,301,27
814,1,302,38
815,1,303,27
816,1,304,27
817,1,305,38
818,1,306,27
819,1,307,38
820,1,308,27
821,1,309,27
822,1,310,38
823,1,311,27
824,1,312,38
825,1,313,27
826,1,314,27
827,1,315,38
828,1,316,27
829,1,317,38
830,1,318,30
831,1,319,27
832,1,320,38
833,1,321,27
834,1,322,27
835,1,323,27
836,1,324,27
837,1,325,38
838,1,326,27
839,1,327,27
840,1,328,27
841,1,329,27
842,1,330,38
843,1,331,27
844,1,332,27
845,1,333,27
846,1,334,27
847,1,335,38
848,1,336,27
849,1,337,27
850,1,338,38
851,1,339,27
852,1,340,38
853,1,341,27
854,1,342,27
855,1,343,38
856,1,344,27
857,1,345,38
858,1,346,27
859,1,347,27
860,1,348,38
861,1,349,27
862,1,350,38
863,1,351,27
864,1,352,27
865,1,353,38
866,1,354,27
867,1,355,38
868,1,356,27
869,1,357,27
870,1,358,38
871,1,359,27
872,1,360,27
873,1,361,27
874,1,362,27
875,1,363,38
876,1,364,27
877,1,365,27
878,1,366,27
879,1,367,27
880,1,368,38
881,1,369,27
882,1,370,27
883,1,371,27
884,1,372,27
885,1,373,38
886,1,374,27
887,1,375,27
888,1,376,27
889,1,377,27
890,1,378,38
891,1,379,27
892,1,380,27
893,1,381,38
894,1,382,27
895,1,383,38
896,1,384,27
897,1,385,27
898,1,386,38
899,1,387,27
900,1,388,38
901,1,389,27
902,1,390,27
903,1,391,38
904,1,392,27
905,1,393,27
906,1,394,27
907,1,395,27
908,1,396,38
909,1,397,27
910,1,398,27
911,1,399,27
912,1,400,27
913,1,401,38
914,1,402,27
915,1,403,27
916,1,404,27
917,1,405,27
918,1,406,38
919,1,407,27
920,1,408,27
921,1,409,27
922,1,410,27
923,1,411,38
924,1,412,27
925,1,413,27
926,1,414,27
927,1,415,27
928,1,416,38
929,1,417,27
930,1,418,27
931,1,419,38
932,1,420,27
933,1,421,38
934,1,422,27
935,1,423,27
936,1,424,38
937,1,425,27
938,1,426,38
939,1,427,27
940,1,428,27
941,1,429,38
942,1,430,27
943,1,431,38
944,1,432,27
945,1,433,27
946,1,434,38
947,1,435,27
948,1,436,27
949,1,437,27
950,1,438,27
951,1,439,38
952,1,440,27
953,1,441,27
954,1,442,27
955,1,443,27
956,1,444,38
957,1,445,27
958,1,446,30
959,1,447,27
960,1,448,27
961,1,449,38
962,1,450,27
963,1,451,27
964,1,452,38
965,1,453,27
966,1,454,38
967,1,455,27
968,1,456,27
969,1,457,38
970,1,458,27
971,1,459,38
972,1,460,27
973,1,461,27
974,1,462,38
975,1,463,27
976,1,464,38
977,1,465,27
978,1,466,27
979,1,467,38
980,1,468,27
981,1,469,38
982,1,470,27
983,1,471,27
984,1,472,38
985,1,473,27
986,1,474,27
987,1,475,27
988,1,476,27
989,1,477,38
990,1,478,27
991,1,479,27
992,1,480,27
993,1,481,27
994,1,482,38
995,1,483,27
996,1,484,27
997,1,485,27
998,1,486,27
999,1,487,38
1000,1,488,27
1001,1,489,27
1002,1,490,27
1003,1,491,27
1004,1,492,38
1005,1,493,27
1006,1,494,27
1007,1,495,38
1008,1,496,27
1009,1,497,38
1010,1,498,27
1011,1,499,27
1012,1,500,38
1013,1,501,27
1014,1,502,38
1015,1,503,27
1016,1,504,27
1017,1,505,38
1018,1,506,27
1019,1,507,38
1020,1,508,27
1021,1,509,27
1022,1,510,38
1023,1,511,27
1024,2,0,50
1025,2,1,50
1026,2,2,50
1027,2,3,50
1028,2,4,50
1029,2,5,50
1030,2,6,50
1031,2,7,50
1032,2,8,50
1033,2,9,50
1034,2,10,50
1035,2,11,50
1036,2,12,50
1037,2,13,50
1038,2,14,50
1039,2,15,50
1040,2,16,50
1041,2,17,50
1042,2,18,50
1043,2,19,50
1044,2,20,50
1045,2,21,50
1046,2,22,50
1047,2,23,50
1048,2,24,50
1049,2,25,50
1050,2,26,50
1051,2,27,50
1052,2,28,50
1053,2,29,50
1054,2,30,50
1055,2,31,50
1056,2,32,50
1057,2,33,50
1058,2,34,50
1059,2,35,50
1060,2,36,50
1061,2,37,50
1062,2,38,50
1063,2,39,50
1064,2,40,50
1065,2,41,50
1066,2,42,50
1067,2,43,50
1068,2,44,50
1069,2,45,50
1070,2,46,50
1071,2,47,50
1072,2,48,50
1073,2,49,50
1074,2,50,50
1075,2,51,50
1076,2,52,50
1077,2,53,50
1078,2,54,50
1079,2,55,50
1080,2,56,50
1081,2,57,50
1082,2,58,50
1083,2,59,50
1084,2,60,50
1085,2,61,50
1086,2,62,50
1087,2,63,50
1088,2,64,50
1089,2,65,50
1090,2,66,50
1091,2,67,50
1092,2,68,50
1093,2,69,50
1094,2,70,50
1095,2,71,50
1096,2,72,50
1097,2,73,50
1098,2,74,50
1099,2,75,50
1100,2,76,50
1101,2,77,50
1102,2,78,50
1103,2,79,50
1104,2,80,50
1105,2,81,50
1106,2,82,50
1107,2,83,50
1108,2,84,50
1109,2,85,50
1110,2,86,50
1111,2,87,50
1112,2,88,50
1113,2,89,50
1114,2,90,50
1115,2,91,50
1116,2,92,50
1117,2,93,50
1118,2,94,50
1119,2,95,50
1120,2,96,50
1121,2,97,50
1122,2,98,50
1123,2,99,50
1124,2,100,50
1125,2,101,50
1126,2,102,50
1127,2,103,50
1128,2,104,50
1129,2,105,50
1130,2,106,50
1131,2,107,50
1132,2,108,50
1133,2,109,50
1134,2,110,50
1135,2,111,50
1136,2,112,50
1137,2,113,50
1138,2,114,50
1139,2,115,50
1140,2,116,50
1141,2,117,50
1142,2,118,50
1143,2,119,50
1144,2,120,50
1145,2,121,50
1146,2,122,50
1147,2,123,50
1148,2,124,50
1149,2,125,50
1150,2,126,50
1151,2,127,50
1152,2,128,50
1153,2,129,50
1154,2,130,50
1155,2,131,50
1156,2,132,50
1157,2,133,50
1158,2,134,50
1159,2,135,50
1160,2,136,50
1161,2,137,50
1162,2,138,50
1163,2,139,50
1164,2,140,50
1165,2,141,50
1166,2,142,50
1167,2,143,50
1168,2,144,50
1169,2,145,50
1170,2,146,50
1171,2,147,50
1172,2,148,50
1173,2,149,50
1174,2,150,50
1175,2,151,50
1176,2,152,50
1177,2,153,50
1178,2,154,50
1179,2,155,50
1180,2,156,50
1181,2,157,50
1182,2,158,50
1183,2,159,50
1184,2,160,50
1185,2,161,50
1186,2,162,50
1187,2,163,50
1188,2,164,50
1189,2,165,50
1190,2,166,50
1191,2,167,50
1192,2,168,50
1193,2,169,50
1194,2,170,50
1195,2,171,50
1196,2,172,50
1197,2,173,50
1198,2,174,50
1199,2,175,50
1200,2,176,50
1201,2,177,50
1202,2,178,50
1203,2,179,50
1204,2,180,50
1205,2,181,50
1206,2,182,50
1207,2,183,50
1208,2,184,50
1209,2,185,50
1210,2,186,50
1211,2,187,50
1212,2,188,50
1213,2,189,50
1214,2,190,50
1215,2,191,50
1216,2,192,50
1217,2,193,50
1218,2,194,50
1219,2,195,50
1220,2,196,50
1221,2,197,50
1222,2,198,50
1223,2,199,50
1224,2,200,50
1225,2,201,50
1226,2,202,50
1227,2,203,50
1228,2,204,50
1229,2,205,50
1230,2,206,50
1231,2,207,50
1232,2,208,50
1233,2,209,50
1234,2,210,50
1235,2,211,50
1236,2,212,50
1237,2,213,50
1238,2,214,50
1239,2,215,50
1240,2,216,50
1241,2,217,50
1242,2,218,50
1243,2,219,50
1244,2,220,50
1245,2,221,50
1246,2,222,50
1247,2,223,50
1248,2,224,50
1249,2,225,50
1250,2,226,50
1251,2,227,50
1252,2,228,50
1253,2,229,50
1254,2,230,50
1255,2,231,50
1256,2,232,50
1257,2,233,50
1258,2,234,50
1259,2,235,50
1260,2,236,50
1261,2,237,50
1262,2,238,50
1263,2,239,50
1264,2,240,50
1265,2,241,50
1266,2,242,50
1267,2,243,50
1268,2,244,50
1269,2,245,50
1270,2,246,50
1271,2,247,50
1272,2,248,50
1273,2,249,50
1274,2,250,50
1275,2,251,50
1276,2,252,50
1277,2,253,50
1278,2,254,50
1279,2,255,50
1280,2,256,50
1281,2,257,50
1282,2,258,50
1283,2,259,50
1284,2,260,50
1285,2,261,50
1286,2,262,50
1287,2,263,50
1288,2,264,50
1289,2,265,50
1290,2,266,50
1291,2,267,50
1292,2,268,50
1293,2,269,50
1294,2,270,50
1295,2,271,50
1296,2,272,50
1297,2,273,50
1298,2,274,50
1299,2,275,50
1300,2,276,50
1301,2,277,50
1302,2,278,50
1303,2,279,50
1304,2,280,50
1305,2,281,50
1306,2,282,50
1307,2,283,50
1308,2,284,50
1309,2,285,50
1310,2,286,50
1311,2,287,50
1312,2,288,50
1313,2,289,50
1314,2,290,50
1315,2,291,50
1316,2,292,50
1317,2,293,50
1318,2,294,50
1319,2,295,50
1320,2,296,50
1321,2,297,50
1322,2,298,50
1323,2,299,50
1324,2,300,50
1325,2,301,50
1326,2,302,50
1327,2,303,50
1328,2,304,50
1329,2,305,50
1330,2,306,50
1331,2,307,50
1332,2,308,50
1333,2,309,50
1334,2,310,50
1335,2,311,50
1336,2,312,50
1337,2,313,50
1338,2,314,50
1339,2,315,50
1340,2,316,50
1341,2,317,50
1342,2,318,50
1343,2,319,50
1344,2,320,50
1345,2,321,50
1346,2,322,50
1347,2,323,50
1348,2,324,50
1349,2,325,50
1350,2,326,50
1351,2,327,50
1352,2,328,50
1353,2,329,50
1354,2,330,50
1355,2,331,50
1356,2,332,50
1357,2,333,50
1358,2,334,50
1359,2,335,50
1360,2,336,50
1361,2,337,50
1362,2,338,50
1363,2,339,50
1364,2,340,50
1365,2,341,50
1366,2,342,50
1367,2,343,50
1368,2,344,50
1369,2,345,50
1370,2,346,50
1371,2,347,50
1372,2,348,50
1373,2,349,50
1374,2,350,50
1375,2,351,50
1376,2,352,50
1377,2,353,50
1378,2,354,50
1379,2,355,50
1380,2,356,50
1381,2,357,50
1382,2,358,50
1383,2,359,50
1384,2,360,50
1385,2,361,50
1386,2,362,50
1387,2,363,50
1388,2,364,50
1389,2,365,50
1390,2,366,50
1391,2,367,50
1392,2,368,50
1393,2,369,50
1394,2,370,50
1395,2,371,50
1396,2,372,50
1397,2,373,50
1398,2,374,50
1399,2,375,50
1400,2,376,50
1401,2,377,50
1402,2,378,50
1403,2,379,50
1404,2,380,50
1405,2,381,50
1406,2,382,50
1407,2,383,50
1408,2,384,50
1409,2,385,50
1410,2,386,50
1411,2,387,50
1412,2,388,50
1413,2,389,50
1414,2,390,50
1415,2,391,50
1416,2,392,50
1417,2,393,50
1418,2,394,50
1419,2,395,50
1420,2,396,50
1421,2,397,50
1422,2,398,50
1423,2,399,50
1424,2,400,50
1425,2,401,50
1426,2,402,50
1427,2,403,50
1428,2,404,50
1429,2,405,50
1430,2,406,50
1431,2,407,50
1432,2,408,50
1433,2,409,50
1434,2,410,50
1435,2,411,50
1436,2,412,50
1437,2,413,50
1438,2,414,50
1439,2,415,50
1440,2,416,50
1441,2,417,50
1442,2,418,50
1443,2,419,50
1444,2,420,50
1445,2,421,50
1446,2,422,50
1447,2,423,50
1448,2,424,50
1449,2,425,50
1450,2,426,50
1451,2,427,50
1452,2,428,50
1453,2,429,50
1454,2,430,50
1455,2,431,50
1456,2,432,50
1457,2,433,50
1458,2,434,50
1459,2,435,50
1460,2,436,50
1461,2,437,50
1462,2,438,50
1463,2,439,50
1464,2,440,50
1465,2,441,50
1466,2,442,50
1467,2,443,50
1468,2,444,50
1469,2,445,50
1470,2,446,50
1471,2,447,50
1472,2,448,50
1473,2,449,50
1474,2,450,50
1475,2,451,50
1476,2,452,50
1477,2,453,50
1478,2,454,50
1479,2,455,50
1480,2,456,50
1481,2,457,50
1482,2,458,50
1483,2,459,50
1484,2,460,50
1485,2,461,50
1486,2,462,50
1487,2,463,50
1488,2,464,50
1489,2,465,50
1490,2,466,50
1491,2,467,50
1492,2,468,50
1493,2,469,50
1494,2,470,50
1495,2,471,50
1496,2,472,50
1497,2,473,50
1498,2,474,50
1499,2,475,50
1500,2,476,50
1501,2,477,50
1502,2,478,50
1503,2,479,50
1504,2,480,50
1505,2,481,50
1506,2,482,50
1507,2,483,50
1508,2,484,50
1509,2,485,50
1510,2,486,50
1511,2,487,50
1512,2,488,50
1513,2,489,50
1514,2,490,50
1515,2,491,50
1516,2,492,50
1517,2,493,50
1518,2,494,50
1519,2,495,50
1520,2,496,50
1521,2,497,50
1522,2,498,50
1523,2,499,50
1524,2,500,50
1525,2,501,50
1526,2,502,50
1527,2,503,50
1528,2,504,50
1529,2,505,50
1530,2,506,50
1531,2,507,50
1532,2,508,50
1533,2,509,50
1534,2,510,50
1535,2,511,50
1536,3,0,50
1537,3,1,37
1538,3,2,37
1539,3,3,37
1540,3,4,30
1541,3,5,30
1542,3,6,50
1543,3,7,31
1544,3,8,30
1545,3,9,31
1546,3,10,31
1547,3,11,30
1548,3,12,31
1549,3,13,28
1550,3,14,28
1551,3,15,27
1552,3,16,27
1553,3,17,27
1554,3,18,27
1555,3,19,28
1556,3,20,28
1557,3,21,28
1558,3,22,28
1559,3,23,28
1560,3,24,27
1561,3,25,27
1562,3,26,27
1563,3,27,27
1564,3,28,27
1565,3,29,28
1566,3,30,28
1567,3,31,28
1568,3,32,28
1569,3,33,28
1570,3,34,27
1571,3,35,27
1572,3,36,27
1573,3,37,27
1574,3,38,28
1575,3,39,28
1576,3,40,28
1577,3,41,28
1578,3,42,28
1579,3,43,28
1580,3,44,27
1581,3,45,27
1582,3,46,27
1583,3,47,27
1584,3,48,28
1585,3,49,28
1586,3,50,28
1587,3,51,28
1588,3,52,28
1589,3,53,27
1590,3,54,27
1591,3,55,27
1592,3,56,27
1593,3,57,27
1594,3,58,28
1595,3,59,28
1596,3,60,28
1597,3,61,28
1598,3,62,28
1599,3,63,30
1600,3,64,27
1601,3,65,27
1602,3,66,27
1603,3,67,28
1604,3,68,28
1605,3,69,28
1606,3,70,28
1607,3,71,28
1608,3,72,27
1609,3,73,27
1610,3,74,27
1611,3,75,27
1612,3,76,28
1613,3,77,28
1614,3,78,28
1615,3,79,28
1616,3,80,28
1617,3,81,28
1618,3,82,27
1619,3,83,27
1620,3,84,27
1621,3,85,27
1622,3,86,28
1623,3,87,28
1624,3,88,28
1625,3,89,28
1626,3,90,28
1627,3,91,27
1628,3,92,27
1629,3,93,27
1630,3,94,27
1631,3,95,27
1632,3,96,28
1633,3,97,28
1634,3,98,28
1635,3,99,28
1636,3,100,28
1637,3,101,27
1638,3,102,27
1639,3,103,27
1640,3,104,27
1641,3,105,27
1642,3,106,28
1643,3,107,28
1644,3,108,28
1645,3,109,28
1646,3,110,28
1647,3,111,27
1648,3,112,27
1649,3,113,27
1650,3,114,27
1651,3,115,28
1652,3,116,28
1653,3,117,28
1654,3,118,28
1655,3,119,28
1656,3,120,27
1657,3,121,27
1658,3,122,27
1659,3,123,27
1660,3,124,27
1661,3,125,28
1662,3,126,31
1663,3,127,28
1664,3,128,28
1665,3,129,28
1666,3,130,27
1667,3,131,27
1668,3,132,27
1669,3,133,27
1670,3,134,28
1671,3,135,28
1672,3,136,28
1673,3,137,28
1674,3,138,28
1675,3,139,27
1676,3,140,27
1677,3,141,27
1678,3,142,27
1679,3,143,27
1680,3,144,28
1681,3,145,28
1682,3,146,28
1683,3,147,28
1684,3,148,28
1685,3,149,27
1686,3,150,27
1687,3,151,27
1688,3,152,27
1689,3,153,27
1690,3,154,28
1691,3,155,28
1692,3,156,28
1693,3,157,28
1694,3,158,28
1695,3,159,27
1696,3,160,27
1697,3,161,27
1698,3,162,27
1699,3,163,28
1700,3,164,28
1701,3,165,28
1702,3,166,28
1703,3,167,28
1704,3,168,28
1705,3,169,27
1706,3,170,27
1707,3,171,27
1708,3,172,27
1709,3,173,28
1710,3,174,28
1711,3,175,28
1712,3,176,28
1713,3,177,28
1714,3,178,27
1715,3,179,27
1716,3,180,27
1717,3,181,27
1718,3,182,27
1719,3,183,28
1720,3,184,28
1721,3,185,28
1722,3,186,28
1723,3,187,28
1724,3,188,27
1725,3,189,27
1726,3,190,30
1727,3,191,27
1728,3,192,28
1729,3,193,28
1730,3,194,28
1731,3,195,28
1732,3,196,28
1733,3,197,27
1734,3,198,27
1735,3,199,27
1736,3,200,27
1737,3,201,27
1738,3,202,28
1739,3,203,28
1740,3,204,28
1741,3,205,28
1742,3,206,28
1743,3,207,27
1744,3,208,27
1745,3,209,27
1746,3,210,27
1747,3,211,27
1748,3,212,28
1749,3,213,28
1750,3,214,28
1751,3,215,28
1752,3,216,28
1753,3,217,27
1754,3,218,27
1755,3,219,27
1756,3,220,27
1757,3,221,28
1758,3,222,28
1759,3,223,28
1760,3,224,28
1761,3,225,28
1762,3,226,27
1763,3,227,27
1764,3,228,27
1765,3,229,27
1766,3,230,27
1767,3,231,28
1768,3,232,28
1769,3,233,28
1770,3,234,28
1771,3,235,28
1772,3,236,27
1773,3,237,27
1774,3,238,27
1775,3,239,27
1776,3,240,27
1777,3,241,28
1778,3,242,28
1779,3,243,28
1780,3,244,28
1781,3,245,28
1782,3,246,27
1783,3,247,27
1784,3,248,27
1785,3,249,27
1786,3,250,28
1787,3,251,28
1788,3,252,28
1789,3,253,28
1790,3,254,28
1791,3,255,27
1792,3,256,27
1793,3,257,27
1794,3,258,27
1795,3,259,27
1796,3,260,28
1797,3,261,28
1798,3,262,28
1799,3,263,28
1800,3,264,28
1801,3,265,27
1802,3,266,27
1803,3,267,27
1804,3,268,27
1805,3,269,28
1806,3,270,28
1807,3,271,28
1808,3,272,28
1809,3,273,28
1810,3,274,28
1811,3,275,27
1812,3,276,27
1813,3,277,27
1814,3,278,27
1815,3,279,28
1816,3,280,28
1817,3,281,28
1818,3,282,28
1819,3,283,28
1820,3,284,27
1821,3,285,27
1822,3,286,27
1823,3,287,27
1824,3,288,27
1825,3,289,28
1826,3,290,28
1827,3,291,28
1828,3,292,28
1829,3,293,28
1830,3,294,27
1831,3,295,27
1832,3,296,27
1833,3,297,27
1834,3,298,27
1835,3,299,28
1836,3,300,28
1837,3,301,28
1838,3,302,28
1839,3,303,28
1840,3,304,27
1841,3,305,27
1842,3,306,27
1843,3,307,27
1844,3,308,28
1845,3,309,28
1846,3,310,28
1847,3,311,28
1848,3,312,28
1849,3,313,27
1850,3,314,27
1851,3,315,27
1852,3,316,27
1853,3,317,27
1854,3,318,31
1855,3,319,28
1856,3,320,28
1857,3,321,28
1858,3,322,28
1859,3,323,27
1860,3,324,27
1861,3,325,27
1862,3,326,27
1863,3,327,28
1864,3,328,28
1865,3,329,28
1866,3,330,28
1867,3,331,28
1868,3,332,27
1869,3,333,27
1870,3,334,27
1871,3,335,27
1872,3,336,27
1873,3,337,28
1874,3,338,28
1875,3,339,28
1876,3,340,28
1877,3,341,28
1878,3,342,27
1879,3,343,27
1880,3,344,27
1881,3,345,27
1882,3,346,27
1883,3,347,28
1884,3,348,28
1885,3,349,28
1886,3,350,28
1887,3,351,28
1888,3,352,27
1889,3,353,27
1890,3,354,27
1891,3,355,27
1892,3,356,28
1893,3,357,28
1894,3,358,28
1895,3,359,28
1896,3,360,28
1897,3,361,28
1898,3,362,27
1899,3,363,27
1900,3,364,27
1901,3,365,27
1902,3,366,28
1903,3,367,28
1904,3,368,28
1905,3,369,28
1906,3,370,28
1907,3,371,27
1908,3,372,27
1909,3,373,27
1910,3,374,27
1911,3,375,27
1912,3,376,28
1913,3,377,28
1914,3,378,28
1915,3,379,28
1916,3,380,28
1917,3,381,27
1918,3,382,30
1919,3,383,27
1920,3,384,27
1921,3,385,28
1922,3,386,28
1923,3,387,28
1924,3,388,28
1925,3,389,28
1926,3,390,27
1927,3,391,27
1928,3,392,27
1929,3,393,27
1930,3,394,27
1931,3,395,28
1932,3,396,28
1933,3,397,28
1934,3,398,28
1935,3,399,28
1936,3,400,27
1937,3,401,27
1938,3,402,27
1939,3,403,27
1940,3,404,27
1941,3,405,28
1942,3,406,28
1943,3,407,28
1944,3,408,28
1945,3,409,28
1946,3,410,27
1947,3,411,27
1948,3,412,27
1949,3,413,27
1950,3,414,28
1951,3,415,28
1952,3,416,28
1953,3,417,28
1954,3,418,28
1955,3,419,27
1956,3,420,27
1957,3,421,27
1958,3,422,27
1959,3,423,27
1960,3,424,28
1961,3,425,28
1962,3,426,28
1963,3,427,28
1964,3,428,28
1965,3,429,27
1966,3,430,27
1967,3,431,27
1968,3,432,27
1969,3,433,27
1970,3,434,28
1971,3,435,28
1972,3,436,28
1973,3,437,28
1974,3,438,28
1975,3,439,27
1976,3,440,27
1977,3,441,27
1978,3,442,27
1979,3,443,28
1980,3,444,28
1981,3,445,28
1982,3,446,31
1983,3,447,28
1984,3,448,27
1985,3,449,27
1986,3,450,27
1987,3,451,27
1988,3,452,27
1989,3,453,28
1990,3,454,28
1991,3,455,28
1992,3,456,28
1993,3,457,28
1994,3,458,27
1995,3,459,27
1996,3,460,27
1997,3,461,27
1998,3,462,28
1999,3,463,28
2000,3,464,28
2001,3,465,28
2002,3,466,28
2003,3,467,28
2004,3,468,27
2005,3,469,27
2006,3,470,27
2007,3,471,27
2008,3,472,28
2009,3,473,28
2010,3,474,28
2011,3,475,28
2012,3,476,28
2013,3,477,27
2014,3,478,27
2015,3,479,27
2016,3,480,27
2017,3,481,27
2018,3,482,28
2019,3,483,28
2020,3,484,28
2021,3,485,28
2022,3,486,28
2023,3,487,27
2024,3,488,27
2025,3,489,27
2026,3,490,27
2027,3,491,27
2028,3,492,28
2029,3,493,28
2030,3,494,28
2031,3,495,28
2032,3,496,28
2033,3,497,27
2034,3,498,27
2035,3,499,27
2036,3,500,27
2037,3,501,28
2038,3,502,28
2039,3,503,28
2040,3,504,28
2041,3,505,28
2042,3,506,27
2043,3,507,27
2044,3,508,27
2045,3,509,27
2046,3,510,27
2047,3,511,28
2048,4,0,50
2049,4,1,50
2050,4,2,50
2051,4,3,50
2052,4,4,50
2053,4,5,50
2054,4,6,50
2055,4,7,50
2056,4,8,50
2057,4,9,45
2058,4,10,45
2059,4,11,45
2060,4,12,45
2061,4,13,45
2062,4,14,45
2063,4,15,50
2064,4,16,50
2065,4,17,50
2066,4,18,50
2067,4,19,50
2068,4,20,50
2069,4,21,50
2070,4,22,50
2071,4,23,50
2072,4,24,50
2073,4,25,50
2074,4,26,50
2075,4,27,50
2076,4,28,50
2077,4,29,50
2078,4,30,50
2079,4,31,50
2080,4,32,50
2081,4,33,50
2082,4,34,50
2083,4,35,50
2084,4,36,50
2085,4,37,50
2086,4,38,50
2087,4,39,50
2088,4,40,50
2089,4,41,50
2090,4,42,50
2091,4,43,50
2092,4,44,50
2093,4,45,45
2094,4,46,45
2095,4,47,45
2096,4,48,45
2097,4,49,45
2098,4,50,45
2099,4,51,45
2100,4,52,45
2101,4,53,45
2102,4,54,45
2103,4,55,45
2104,4,56,45
2105,4,57,45
2106,4,58,45
2107,4,59,45
2108,4,60,45
2109,4,61,45
2110,4,62,50
2111,4,63,45
2112,4,64,45
2113,4,65,45
2114,4,66,45
2115,4,67,45
2116,4,68,45
2117,4,69,45
2118,4,70,45
2119,4,71,50
2120,4,72,50
2121,4,73,50
2122,4,74,50
2123,4,75,50
2124,4,76,50
2125,4,77,50
2126,4,78,50
2127,4,79,50
2128,4,80,50
2129,4,81,50
2130,4,82,50
2131,4,83,50
2132,4,84,50
2133,4,85,50
2134,4,86,50
2135,4,87,50
2136,4,88,50
2137,4,89,50
2138,4,90,50
2139,4,91,50
2140,4,92,50
2141,4,93,50
2142,4,94,50
2143,4,95,50
2144,4,96,50
2145,4,97,50
2146,4,98,50
2147,4,99,50
2148,4,100,50
2149,4,101,50
2150,4,102,50
2151,4,103,50
2152,4,104,50
2153,4,105,50
2154,4,106,50
2155,4,107,45
2156,4,108,45
2157,4,109,45
2158,4,110,45
2159,4,111,45
2160,4,112,45
2161,4,113,45
2162,4,114,45
2163,4,115,45
2164,4,116,45
2165,4,117,45
2166,4,118,45
2167,4,119,45
2168,4,120,45
2169,4,121,45
2170,4,122,45
2171,4,123,45
2172,4,124,45
2173,4,125,45
2174,4,126,45
2175,4,127,45
2176,4,128,45
2177,4,129,45
2178,4,130,45
2179,4,131,45
2180,4,132,45
2181,4,133,45
2182,4,134,45
2183,4,135,45
2184,4,136,45
2185,4,137,45
2186,4,138,45
2187,4,139,45
2188,4,140,45
2189,4,141,45
2190,4,142,45
2191,4,143,45
2192,4,144,45
2193,4,145,45
2194,4,146,45
2195,4,147,45
2196,4,148,45
2197,4,149,45
2198,4,150,50
2199,4,151,50
2200,4,152,50
2201,4,153,50
2202,4,154,50
2203,4,155,50
2204,4,156,50
2205,4,157,50
2206,4,158,50
2207,4,159,50
2208,4,160,50
2209,4,161,50
2210,4,162,50
2211,4,163,50
2212,4,164,50
2213,4,165,50
2214,4,166,50
2215,4,167,50
2216,4,168,50
2217,4,169,50
2218,4,170,50
2219,4,171,50
2220,4,172,50
2221,4,173,50
2222,4,174,50
2223,4,175,50
2224,4,176,50
2225,4,177,50
2226,4,178,50
2227,4,179,50
2228,4,180,50
2229,4,181,50
2230,4,182,50
2231,4,183,50
2232,4,184,50
2233,4,185,50
2234,4,186,45
2235,4,187,45
2236,4,188,45
2237,4,189,45
2238,4,190,50
2239,4,191,45
2240,4,192,45
2241,4,193,45
2242,4,194,45
2243,4,195,45
2244,4,196,45
2245,4,197,45
2246,4,198,45
2247,4,199,45
2248,4,200,45
2249,4,201,45
2250,4,202,45
2251,4,203,45
2252,4,204,45
2253,4,205,45
2254,4,206,45
2255,4,207,45
2256,4,208,45
2257,4,209,45
2258,4,210,45
2259,4,211,45
2260,4,212,45
2261,4,213,45
2262,4,214,45
2263,4,215,45
2264,4,216,45
2265,4,217,45
2266,4,218,45
2267,4,219,45
2268,4,220,45
2269,4,221,45
2270,4,222,45
2271,4,223,45
2272,4,224,45
2273,4,225,45
2274,4,226,45
2275,4,227,45
2276,4,228,45
2277,4,229,50
2278,4,230,50
2279,4,231,50
2280,4,232,50
2281,4,233,50
2282,4,234,50
2283,4,235,50
2284,4,236,50
2285,4,237,50
2286,4,238,50
2287,4,239,50
2288,4,240,50
2289,4,241,50
2290,4,242,50
2291,4,243,50
2292,4,244,50
2293,4,245,50
2294,4,246,50
2295,4,247,50
2296,4,248,50
2297,4,249,50
2298,4,250,50
2299,4,251,50
2300,4,252,50
2301,4,253,50
2302,4,254,50
2303,4,255,50
2304,4,256,50
2305,4,257,50
2306,4,258,50
2307,4,259,50
2308,4,260,50
2309,4,261,50
2310,4,262,50
2311,4,263,50
2312,4,264,50
2313,4,265,50
2314,4,266,50
2315,4,267,50
2316,4,268,45
2317,4,269,45
2318,4,270,45
2319,4,271,45
2320,4,272,45
2321,4,273,45
2322,4,274,45
2323,4,275,45
2324,4,276,45
2325,4,277,45
2326,4,278,45
2327,4,279,45
2328,4,280,45
2329,4,281,45
2330,4,282,45
2331,4,283,45
2332,4,284,45
2333,4,285,45
2334,4,286,45
2335,4,287,45
2336,4,288,45
2337,4,289,45
2338,4,290,45
2339,4,291,45
2340,4,292,45
2341,4,293,45
2342,4,294,45
2343,4,295,45
2344,4,296,45
2345,4,297,45
2346,4,298,45
2347,4,299,45
2348,4,300,45
2349,4,301,45
2350,4,302,45
2351,4,303,45
2352,4,304,45
2353,4,305,45
2354,4,306,45
2355,4,307,45
2356,4,308,50
2357,4,309,50
2358,4,310,50
2359,4,311,50
2360,4,312,50
2361,4,313,50
2362,4,314,50
2363,4,315,50
2364,4,316,50
2365,4,317,50
2366,4,318,50
2367,4,319,50
2368,4,320,50
2369,4,321,50
2370,4,322,50
2371,4,323,50
2372,4,324,50
2373,4,325,50
2374,4,326,50
2375,4,327,50
2376,4,328,50
2377,4,329,50
2378,4,330,50
2379,4,331,50
2380,4,332,50
2381,4,333,50
2382,4,334,50
2383,4,335,50
2384,4,336,50
2385,4,337,50
2386,4,338,50
2387,4,339,50
2388,4,340,50
2389,4,341,50
2390,4,342,50
2391,4,343,50
2392,4,344,50
2393,4,345,50
2394,4,346,50
2395,4,347,45
2396,4,348,45
2397,4,349,45
2398,4,350,45
2399,4,351,45
2400,4,352,45
2401,4,353,45
2402,4,354,45
2403,4,355,45
2404,4,356,45
2405,4,357,45
2406,4,358,45
2407,4,359,45
2408,4,360,45
2409,4,361,45
2410,4,362,45
2411,4,363,45
2412,4,364,45
2413,4,365,45
2414,4,366,45
2415,4,367,45
2416,4,368,45
2417,4,369,45
2418,4,370,45
2419,4,371,45
2420,4,372,45
2421,4,373,45
2422,4,374,45
2423,4,375,45
2424,4,376,45
2425,4,377,45
2426,4,378,45
2427,4,379,45
2428,4,380,45
2429,4,381,45
2430,4,382,45
2431,4,383,45
2432,4,384,45
2433,4,385,45
2434,4,386,45
2435,4,387,45
2436,4,388,45
2437,4,389,45
2438,4,390,50
2439,4,391,50
2440,4,392,50
2441,4,393,50
2442,4,394,50
2443,4,395,50
2444,4,396,50
2445,4,397,50
2446,4,398,50
2447,4,399,50
2448,4,400,50
2449,4,401,50
2450,4,402,50
2451,4,403,50
2452,4,404,50
2453,4,405,50
2454,4,406,50
2455,4,407,50
2456,4,408,50
2457,4,409,50
2458,4,410,50
2459,4,411,50
2460,4,412,50
2461,4,413,50
2462,4,414,50
2463,4,415,50
2464,4,416,50
2465,4,417,50
2466,4,418,50
2467,4,419,50
2468,4,420,50
2469,4,421,50
2470,4,422,50
2471,4,423,50
2472,4,424,50
2473,4,425,50
2474,4,426,45
2475,4,427,45
2476,4,428,45
2477,4,429,45
2478,4,430,45
2479,4,431,45
2480,4,432,45
2481,4,433,45
2482,4,434,45
2483,4,435,45
2484,4,436,45
2485,4,437,45
2486,4,438,45
2487,4,439,45
2488,4,440,45
2489,4,441,45
2490,4,442,45
2491,4,443,45
2492,4,444,45
2493,4,445,45
2494,4,446,50
2495,4,447,45
2496,4,448,45
2497,4,449,45
2498,4,450,45
2499,4,451,45
2500,4,452,45
2501,4,453,45
2502,4,454,45
2503,4,455,45
2504,4,456,45
2505,4,457,45
2506,4,458,45
2507,4,459,45
2508,4,460,45
2509,4,461,45
2510,4,462,45
2511,4,463,45
2512,4,464,45
2513,4,465,45
2514,4,466,45
2515,4,467,45
2516,4,468,45
2517,4,469,50
2518,4,470,50
2519,4,471,50
2520,4,472,50
2521,4,473,50
2522,4,474,50
2523,4,475,50
2524,4,476,50
2525,4,477,50
2526,4,478,50
2527,4,479,50
2528,4,480,50
2529,4,481,50
2530,4,482,50
2531,4,483,50
2532,4,484,50
2533,4,485,50
2534,4,486,50
2535,4,487,50
2536,4,488,50
2537,4,489,50
2538,4,490,50
2539,4,491,50
2540,4,492,50
2541,4,493,50
2542,4,494,50
2543,4,495,50
2544,4,496,50
2545,4,497,50
2546,4,498,50
2547,4,499,50
2548,4,500,50
2549,4,501,50
2550,4,502,50
2551,4,503,50
2552,4,504,50
2553,4,505,45
2554,4,506,45
2555,4,507,45
2556,4,508,45
2557,4,509,45
2558,4,510,45
2559,4,511,45
2560,5,0,50
2561,5,1,36
2562,5,2,36
2563,5,3,36
2564,5,4,47
2565,5,5,30
2566,5,6,50
2567,5,7,30
2568,5,8,50
2569,5,9,30
2570,5,10,50
2571,5,11,30
2572,5,12,30
2573,5,13,44
2574,5,14,27
2575,5,15,27
2576,5,16,27
2577,5,17,27
2578,5,18,27
2579,5,19,44
2580,5,20,27
2581,5,21,27
2582,5,22,44
2583,5,23,27
2584,5,24,27
2585,5,25,44
2586,5,26,27
2587,5,27,27
2588,5,28,44
2589,5,29,27
2590,5,30,27
2591,5,31,44
2592,5,32,27
2593,5,33,27
2594,5,34,27
2595,5,35,27
2596,5,36,44
2597,5,37,27
2598,5,38,27
2599,5,39,44
2600,5,40,27
2601,5,41,27
2602,5,42,44
2603,5,43,27
2604,5,44,27
2605,5,45,44
2606,5,46,27
2607,5,47,27
2608,5,48,44
2609,5,49,27
2610,5,50,27
2611,5,51,27
2612,5,52,27
2613,5,53,44
2614,5,54,27
2615,5,55,27
2616,5,56,44
2617,5,57,27
2618,5,58,27
2619,5,59,44
2620,5,60,27
2621,5,61,27
2622,5,62,44
2623,5,63,30
2624,5,64,27
2625,5,65,44
2626,5,66,27
2627,5,67,27
2628,5,68,44
2629,5,69,27
2630,5,70,44
2631,5,71,27
2632,5,72,27
2633,5,73,44
2634,5,74,27
2635,5,75,27
2636,5,76,44
2637,5,77,27
2638,5,78,27
2639,5,79,44
2640,5,80,27
2641,5,81,27
2642,5,82,44
2643,5,83,27
2644,5,84,27
2645,5,85,27
2646,5,86,27
2647,5,87,44
2648,5,88,27
2649,5,89,27
2650,5,90,44
2651,5,91,27
2652,5,92,27
2653,5,93,44
2654,5,94,27
2655,5,95,27
2656,5,96,44
2657,5,97,27
2658,5,98,27
2659,5,99,44
2660,5,100,27
2661,5,101,27
2662,5,102,27
2663,5,103,27
2664,5,104,44
2665,5,105,27
2666,5,106,27
2667,5,107,44
2668,5,108,27
2669,5,109,27
2670,5,110,44
2671,5,111,27
2672,5,112,27
2673,5,113,44
2674,5,114,27
2675,5,115,27
2676,5,116,44
2677,5,117,27
2678,5,118,27
2679,5,119,27
2680,5,120,27
2681,5,121,44
2682,5,122,27
2683,5,123,27
2684,5,124,44
2685,5,125,27
2686,5,126,30
2687,5,127,44
2688,5,128,27
2689,5,129,27
2690,5,130,44
2691,5,131,27
2692,5,132,27
2693,5,133,44
2694,5,134,27
2695,5,135,27
2696,5,136,27
2697,5,137,27
2698,5,138,44
2699,5,139,27
2700,5,140,27
2701,5,141,44
2702,5,142,27
2703,5,143,27
2704,5,144,44
2705,5,145,27
2706,5,146,27
2707,5,147,44
2708,5,148,27
2709,5,149,27
2710,5,150,44
2711,5,151,27
2712,5,152,27
2713,5,153,27
2714,5,154,27
2715,5,155,44
2716,5,156,27
2717,5,157,27
2718,5,158,44
2719,5,159,27
2720,5,160,27
2721,5,161,44
2722,5,162,27
2723,5,163,27
2724,5,164,44
2725,5,165,27
2726,5,166,27
2727,5,167,44
2728,5,168,27
2729,5,169,27
2730,5,170,27
2731,5,171,27
2732,5,172,44
2733,5,173,27
2734,5,174,27
2735,5,175,44
2736,5,176,27
2737,5,177,27
2738,5,178,44
2739,5,179,27
2740,5,180,27
2741,5,181,44
2742,5,182,27
2743,5,183,27
2744,5,184,44
2745,5,185,27
2746,5,186,27
2747,5,187,27
2748,5,188,27
2749,5,189,44
2750,5,190,30
2751,5,191,27
2752,5,192,44
2753,5,193,27
2754,5,194,27
2755,5,195,44
2756,5,196,27
2757,5,197,27
2758,5,198,44
2759,5,199,27
2760,5,200,27
2761,5,201,44
2762,5,202,27
2763,5,203,27
2764,5,204,27
2765,5,205,27
2766,5,206,44
2767,5,207,27
2768,5,208,27
2769,5,209,44
2770,5,210,27
2771,5,211,27
2772,5,212,44
2773,5,213,27
2774,5,214,27
2775,5,215,44
2776,5,216,27
2777,5,217,27
2778,5,218,44
2779,5,219,27
2780,5,220,27
2781,5,221,27
2782,5,222,27
2783,5,223,44
2784,5,224,27
2785,5,225,27
2786,5,226,44
2787,5,227,27
2788,5,228,27
2789,5,229,44
2790,5,230,27
2791,5,231,27
2792,5,232,44
2793,5,233,27
2794,5,234,27
2795,5,235,44
2796,5,236,27
2797,5,237,27
2798,5,238,27
2799,5,239,27
2800,5,240,44
2801,5,241,27
2802,5,242,27
2803,5,243,44
2804,5,244,27
2805,5,245,27
2806,5,246,44
2807,5,247,27
2808,5,248,27
2809,5,249,44
2810,5,250,27
2811,5,251,27
2812,5,252,44
2813,5,253,27
2814,5,254,27
2815,5,255,27
2816,5,256,27
2817,5,257,44
2818,5,258,27
2819,5,259,27
2820,5,260,44
2821,5,261,27
2822,5,262,27
2823,5,263,44
2824,5,264,27
2825,5,265,27
2826,5,266,44
2827,5,267,27
2828,5,268,27
2829,5,269,44
2830,5,270,27
2831,5,271,27
2832,5,272,27
2833,5,273,27
2834,5,274,44
2835,5,275,27
2836,5,276,27
2837,5,277,44
2838,5,278,27
2839,5,279,27
2840,5,280,44
2841,5,281,27
2842,5,282,27
2843,5,283,44
2844,5,284,27
2845,5,285,27
2846,5,286,44
2847,5,287,27
2848,5,288,27
2849,5,289,27
2850,5,290,27
2851,5,291,44
2852,5,292,27
2853,5,293,27
2854,5,294,44
2855,5,295,27
2856,5,296,27
2857,5,297,44
2858,5,298,27
2859,5,299,27
2860,5,300,44
2861,5,301,27
2862,5,302,27
2863,5,303,44
2864,5,304,27
2865,5,305,27
2866,5,306,27
2867,5,307,27
2868,5,308,44
2869,5,309,27
2870,5,310,27
2871,5,311,44
2872,5,312,27
2873,5,313,27
2874,5,314,44
2875,5,315,27
2876,5,316,27
2877,5,317,44
2878,5,318,30
2879,5,319,27
2880,5,320,44
2881,5,321,27
2882,5,322,27
2883,5,323,27
2884,5,324,27
2885,5,325,44
2886,5,326,27
2887,5,327,27
2888,5,328,44
2889,5,329,27
2890,5,330,27
2891,5,331,44
2892,5,332,27
2893,5,333,27
2894,5,334,44
2895,5,335,27
2896,5,336,27
2897,5,337,44
2898,5,338,27
2899,5,339,27
2900,5,340,27
2901,5,341,27
2902,5,342,44
2903,5,343,27
2904,5,344,27
2905,5,345,44
2906,5,346,27
2907,5,347,27
2908,5,348,44
2909,5,349,27
2910,5,350,27
2911,5,351,44
2912,5,352,27
2913,5,353,27
2914,5,354,44
2915,5,355,27
2916,5,356,27
2917,5,357,27
2918,5,358,27
2919,5,359,44
2920,5,360,27
2921,5,361,27
2922,5,362,44
2923,5,363,27
2924,5,364,27
2925,5,365,44
2926,5,366,27
2927,5,367,27
2928,5,368,44
2929,5,369,27
2930,5,370,27
2931,5,371,44
2932,5,372,27
2933,5,373,44
2934,5,374,27
2935,5,375,27
2936,5,376,44
2937,5,377,27
2938,5,378,27
2939,5,379,44
2940,5,380,27
2941,5,381,27
2942,5,382,47
2943,5,383,27
2944,5,384,27
2945,5,385,44
2946,5,386,27
2947,5,387,27
2948,5,388,44
2949,5,389,27
2950,5,390,27
2951,5,391,27
2952,5,392,27
2953,5,393,44
2954,5,394,27
2955,5,395,27
2956,5,396,44
2957,5,397,27
2958,5,398,27
2959,5,399,44
2960,5,400,27
2961,5,401,27
2962,5,402,44
2963,5,403,27
2964,5,404,27
2965,5,405,44
2966,5,406,27
2967,5,407,27
2968,5,408,27
2969,5,409,27
2970,5,410,44
2971,5,411,27
2972,5,412,27
2973,5,413,44
2974,5,414,27
2975,5,415,27
2976,5,416,44
2977,5,417,27
2978,5,418,27
2979,5,419,44
2980,5,420,27
2981,5,421,27
2982,5,422,44
2983,5,423,27
2984,5,424,44
2985,5,425,27
2986,5,426,27
2987,5,427,44
2988,5,428,27
2989,5,429,27
2990,5,430,44
2991,5,431,27
2992,5,432,27
2993,5,433,44
2994,5,434,27
2995,5,435,27
2996,5,436,44
2997,5,437,27
2998,5,438,27
2999,5,439,44
3000,5,440,27
3001,5,441,44
3002,5,442,27
3003,5,443,27
3004,5,444,44
3005,5,445,27
3006,5,446,30
3007,5,447,44
3008,5,448,27
3009,5,449,27
3010,5,450,44
3011,5,451,27
3012,5,452,27
3013,5,453,44
3014,5,454,27
3015,5,455,27
3016,5,456,44
3017,5,457,27
3018,5,458,27
3019,5,459,27
3020,5,460,27
3021,5,461,44
3022,5,462,27
3023,5,463,27
3024,5,464,44
3025,5,465,27
3026,5,466,27
3027,5,467,44
3028,5,468,27
3029,5,469,27
3030,5,470,44
3031,5,471,27
3032,5,472,27
3033,5,473,44
3034,5,474,27
3035,5,475,44
3036,5,476,27
3037,5,477,27
3038,5,478,44
3039,5,479,27
3040,5,480,27
3041,5,481,44
3042,5,482,27
3043,5,483,27
3044,5,484,44
3045,5,485,27
3046,5,486,27
3047,5,487,44
3048,5,488,27
3049,5,489,27
3050,5,490,44
3051,5,491,27
3052,5,492,44
3053,5,493,27
3054,5,494,27
3055,5,495,44
3056,5,496,27
3057,5,497,27
3058,5,498,44
3059,5,499,27
3060,5,500,27
3061,5,501,44
3062,5,502,27
3063,5,503,27
3064,5,504,44
3065,5,505,27
3066,5,506,27
3067,5,507,27
3068,5,508,27
3069,5,509,44
3070,5,510,27
3071,5,511,27
3072,6,0,50
3073,6,1,50
3074,6,2,40
3075,6,3,50
3076,6,4,48
3077,6,5,48
3078,6,6,36
3079,6,7,36
3080,6,8,36
3081,6,9,48
3082,6,10,48
3083,6,11,36
3084,6,12,36
3085,6,13,36
3086,6,14,50
3087,6,15,48
3088,6,16,48
3089,6,17,36
3090,6,18,36
3091,6,19,36
3092,6,20,48
3093,6,21,48
3094,6,22,36
3095,6,23,36
3096,6,24,36
3097,6,25,48
3098,6,26,48
3099,6,27,48
3100,6,28,36
3101,6,29,36
3102,6,30,36
3103,6,31,48
3104,6,32,48
3105,6,33,36
3106,6,34,36
3107,6,35,36
3108,6,36,48
3109,6,37,48
3110,6,38,36
3111,6,39,36
3112,6,40,36
3113,6,41,36
3114,6,42,48
3115,6,43,48
3116,6,44,36
3117,6,45,36
3118,6,46,36
3119,6,47,48
3120,6,48,48
3121,6,49,36
3122,6,50,36
3123,6,51,36
3124,6,52,36
3125,6,53,48
3126,6,54,48
3127,6,55,36
3128,6,56,36
3129,6,57,36
3130,6,58,48
3131,6,59,48
3132,6,60,36
3133,6,61,36
3134,6,62,40
3135,6,63,36
3136,6,64,48
3137,6,65,48
3138,6,66,36
3139,6,67,36
3140,6,68,36
3141,6,69,48
3142,6,70,48
3143,6,71,36
3144,6,72,36
3145,6,73,36
3146,6,74,36
3147,6,75,48
3148,6,76,48
3149,6,77,36
3150,6,78,36
3151,6,79,36
3152,6,80,48
3153,6,81,48
3154,6,82,36
3155,6,83,36
3156,6,84,36
3157,6,85,48
3158,6,86,48
3159,6,87,36
3160,6,88,36
3161,6,89,36
3162,6,90,36
3163,6,91,48
3164,6,92,48
3165,6,93,36
3166,6,94,36
3167,6,95,36
3168,6,96,48
3169,6,97,48
3170,6,98,36
3171,6,99,36
3172,6,100,36
3173,6,101,36
3174,6,102,48
3175,6,103,48
3176,6,104,36
3177,6,105,36
3178,6,106,36
3179,6,107,48
3180,6,108,48
3181,6,109,36
3182,6,110,36
3183,6,111,36
3184,6,112,48
3185,6,113,48
3186,6,114,48
3187,6,115,36
3188,6,116,36
3189,6,117,36
3190,6,118,48
3191,6,119,48
3192,6,120,36
3193,6,121,36
3194,6,122,36
3195,6,123,48
3196,6,124,48
3197,6,125,36
3198,6,126,36
3199,6,127,36
3200,6,128,36
3201,6,129,48
3202,6,130,48
3203,6,131,36
3204,6,132,36
3205,6,133,36
3206,6,134,48
3207,6,135,48
3208,6,136,36
3209,6,137,36
3210,6,138,36
3211,6,139,36
3212,6,140,48
3213,6,141,48
3214,6,142,36
3215,6,143,36
3216,6,144,36
3217,6,145,48
3218,6,146,48
3219,6,147,36
3220,6,148,36
3221,6,149,36
3222,6,150,48
3223,6,151,48
3224,6,152,48
3225,6,153,36
3226,6,154,36
3227,6,155,36
3228,6,156,48
3229,6,157,48
3230,6,158,36
3231,6,159,36
3232,6,160,36
3233,6,161,48
3234,6,162,48
3235,6,163,36
3236,6,164,36
3237,6,165,36
3238,6,166,36
3239,6,167,48
3240,6,168,48
3241,6,169,36
3242,6,170,36
3243,6,171,36
3244,6,172,48
3245,6,173,48
3246,6,174,36
3247,6,175,36
3248,6,176,36
3249,6,177,36
3250,6,178,48
3251,6,179,48
3252,6,180,36
3253,6,181,36
3254,6,182,36
3255,6,183,48
3256,6,184,48
3257,6,185,36
3258,6,186,36
3259,6,187,36
3260,6,188,48
3261,6,189,48
3262,6,190,50
3263,6,191,36
3264,6,192,36
3265,6,193,36
3266,6,194,48
3267,6,195,48
3268,6,196,36
3269,6,197,36
3270,6,198,36
3271,6,199,48
3272,6,200,48
3273,6,201,36
3274,6,202,36
3275,6,203,36
3276,6,204,36
3277,6,205,48
3278,6,206,48
3279,6,207,36
3280,6,208,36
3281,6,209,36
3282,6,210,48
3283,6,211,48
3284,6,212,36
3285,6,213,36
3286,6,214,36
3287,6,215,36
3288,6,216,48
3289,6,217,48
3290,6,218,36
3291,6,219,36
3292,6,220,36
3293,6,221,48
3294,6,222,48
3295,6,223,36
3296,6,224,36
3297,6,225,36
3298,6,226,48
3299,6,227,48
3300,6,228,48
3301,6,229,36
3302,6,230,36
3303,6,231,36
3304,6,232,48
3305,6,233,48
3306,6,234,36
3307,6,235,36
3308,6,236,36
3309,6,237,48
3310,6,238,48
3311,6,239,36
3312,6,240,36
3313,6,241,36
3314,6,242,36
3315,6,243,48
3316,6,244,48
3317,6,245,36
3318,6,246,36
3319,6,247,36
3320,6,248,48
3321,6,249,48
3322,6,250,36
3323,6,251,36
3324,6,252,36
3325,6,253,48
3326,6,254,50
3327,6,255,48
3328,6,256,36
3329,6,257,36
3330,6,258,36
3331,6,259,48
3332,6,260,48
3333,6,261,36
3334,6,262,36
3335,6,263,36
3336,6,264,48
3337,6,265,48
3338,6,266,48
3339,6,267,36
3340,6,268,36
3341,6,269,36
3342,6,270,48
3343,6,271,48
3344,6,272,36
3345,6,273,36
3346,6,274,36
3347,6,275,48
3348,6,276,48
3349,6,277,36
3350,6,278,36
3351,6,279,36
3352,6,280,36
3353,6,281,48
3354,6,282,48
3355,6,283,36
3356,6,284,36
3357,6,285,36
3358,6,286,48
3359,6,287,48
3360,6,288,36
3361,6,289,36
3362,6,290,36
3363,6,291,36
3364,6,292,48
3365,6,293,48
3366,6,294,36
3367,6,295,36
3368,6,296,36
3369,6,297,48
3370,6,298,48
3371,6,299,36
3372,6,300,36
3373,6,301,36
3374,6,302,48
3375,6,303,48
3376,6,304,36
3377,6,305,36
3378,6,306,36
3379,6,307,36
3380,6,308,48
3381,6,309,48
3382,6,310,36
3383,6,311,36
3384,6,312,36
3385,6,313,48
3386,6,314,48
3387,6,315,36
3388,6,316,36
3389,6,317,36
3390,6,318,40
3391,6,319,48
3392,6,320,48
3393,6,321,36
3394,6,322,36
3395,6,323,36
3396,6,324,48
3397,6,325,48
3398,6,326,36
3399,6,327,36
3400,6,328,36
3401,6,329,36
3402,6,330,48
3403,6,331,48
3404,6,332,36
3405,6,333,36
3406,6,334,36
3407,6,335,48
3408,6,336,48
3409,6,337,36
3410,6,338,36
3411,6,339,36
3412,6,340,48
3413,6,341,48
3414,6,342,48
3415,6,343,36
3416,6,344,36
3417,6,345,36
3418,6,346,48
3419,6,347,48
3420,6,348,36
3421,6,349,36
3422,6,350,36
3423,6,351,48
3424,6,352,48
3425,6,353,36
3426,6,354,36
3427,6,355,36
3428,6,356,36
3429,6,357,48
3430,6,358,48
3431,6,359,36
3432,6,360,36
3433,6,361,36
3434,6,362,48
3435,6,363,48
3436,6,364,36
3437,6,365,36
3438,6,366,36
3439,6,367,48
3440,6,368,48
3441,6,369,48
3442,6,370,36
3443,6,371,36
3444,6,372,36
3445,6,373,48
3446,6,374,48
3447,6,375,36
3448,6,376,36
3449,6,377,36
3450,6,378,48
3451,6,379,48
3452,6,380,36
3453,6,381,36
3454,6,382,36
3455,6,383,36
3456,6,384,48
3457,6,385,48
3458,6,386,36
3459,6,387,36
3460,6,388,36
3461,6,389,48
3462,6,390,48
3463,6,391,36
3464,6,392,36
3465,6,393,36
3466,6,394,36
3467,6,395,48
3468,6,396,48
3469,6,397,36
3470,6,398,36
3471,6,399,36
3472,6,400,48
3473,6,401,48
3474,6,402,36
3475,6,403,36
3476,6,404,36
3477,6,405,36
3478,6,406,48
3479,6,407,48
3480,6,408,36
3481,6,409,36
3482,6,410,36
3483,6,411,48
3484,6,412,48
3485,6,413,36
3486,6,414,36
3487,6,415,36
3488,6,416,48
3489,6,417,48
3490,6,418,36
3491,6,419,36
3492,6,420,36
3493,6,421,36
3494,6,422,48
3495,6,423,48
3496,6,424,36
3497,6,425,36
3498,6,426,36
3499,6,427,48
3500,6,428,48
3501,6,429,36
3502,6,430,36
3503,6,431,36
3504,6,432,36
3505,6,433,48
3506,6,434,48
3507,6,435,36
3508,6,436,36
3509,6,437,36
3510,6,438,48
3511,6,439,48
3512,6,440,36
3513,6,441,36
3514,6,442,36
3515,6,443,48
3516,6,444,48
3517,6,445,48
3518,6,446,40
3519,6,447,36
3520,6,448,36
3521,6,449,48
3522,6,450,48
3523,6,451,36
3524,6,452,36
3525,6,453,36
3526,6,454,48
3527,6,455,48
3528,6,456,48
3529,6,457,36
3530,6,458,36
3531,6,459,36
3532,6,460,48
3533,6,461,48
3534,6,462,36
3535,6,463,36
3536,6,464,36
3537,6,465,48
3538,6,466,48
3539,6,467,36
3540,6,468,36
3541,6,469,36
3542,6,470,36
3543,6,471,48
3544,6,472,48
3545,6,473,36
3546,6,474,36
3547,6,475,36
3548,6,476,48
3549,6,477,48
3550,6,478,36
3551,6,479,36
3552,6,480,36
3553,6,481,48
3554,6,482,48
3555,6,483,48
3556,6,484,36
3557,6,485,36
3558,6,486,36
3559,6,487,48
3560,6,488,48
3561,6,489,36
3562,6,490,36
3563,6,491,36
3564,6,492,48
3565,6,493,48
3566,6,494,36
3567,6,495,36
3568,6,496,36
3569,6,497,36
3570,6,498,48
3571,6,499,48
3572,6,500,36
3573,6,501,36
3574,6,502,36
3575,6,503,48
3576,6,504,48
3577,6,505,36
3578,6,506,36
3579,6,507,36
3580,6,508,36
3581,6,509,48
3582,6,510,48
3583,6,511,36
3584,7,0,50
3585,7,1,30
3586,7,2,30
3587,7,3,37
3588,7,4,34
3589,7,5,34
3590,7,6,50
3591,7,7,34
3592,7,8,34
3593,7,9,27
3594,7,10,27
3595,7,11,34
3596,7,12,34
3597,7,13,27
3598,7,14,27
3599,7,15,34
3600,7,16,34
3601,7,17,27
3602,7,18,27
3603,7,19,34
3604,7,20,34
3605,7,21,27
3606,7,22,27
3607,7,23,34
3608,7,24,34
3609,7,25,27
3610,7,26,27
3611,7,27,34
3612,7,28,34
3613,7,29,27
3614,7,30,27
3615,7,31,34
3616,7,32,34
3617,7,33,27
3618,7,34,27
3619,7,35,34
3620,7,36,34
3621,7,37,27
3622,7,38,27
3623,7,39,34
3624,7,40,34
3625,7,41,27
3626,7,42,27
3627,7,43,34
3628,7,44,34
3629,7,45,27
3630,7,46,27
3631,7,47,34
3632,7,48,34
3633,7,49,27
3634,7,50,27
3635,7,51,34
3636,7,52,34
3637,7,53,27
3638,7,54,27
3639,7,55,34
3640,7,56,34
3641,7,57,27
3642,7,58,27
3643,7,59,34
3644,7,60,34
3645,7,61,27
3646,7,62,27
3647,7,63,37
3648,7,64,34
3649,7,65,27
3650,7,66,27
3651,7,67,34
3652,7,68,34
3653,7,69,27
3654,7,70,27
3655,7,71,34
3656,7,72,34
3657,7,73,27
3658,7,74,27
3659,7,75,34
3660,7,76,34
3661,7,77,27
3662,7,78,27
3663,7,79,34
3664,7,80,34
3665,7,81,27
3666,7,82,27
3667,7,83,34
3668,7,84,34
3669,7,85,27
3670,7,86,27
3671,7,87,34
3672,7,88,34
3673,7,89,27
3674,7,90,27
3675,7,91,34
3676,7,92,34
3677,7,93,27
3678,7,94,27
3679,7,95,34
3680,7,96,34
3681,7,97,27
3682,7,98,27
3683,7,99,34
3684,7,100,34
3685,7,101,27
3686,7,102,27
3687,7,103,34
3688,7,104,34
3689,7,105,27
3690,7,106,27
3691,7,107,34
3692,7,108,34
3693,7,109,27
3694,7,110,27
3695,7,111,34
3696,7,112,34
3697,7,113,27
3698,7,114,27
3699,7,115,34
3700,7,116,34
3701,7,117,27
3702,7,118,27
3703,7,119,34
3704,7,120,34
3705,7,121,27
3706,7,122,27
3707,7,123,34
3708,7,124,34
3709,7,125,27
3710,7,126,37
3711,7,127,34
3712,7,128,34
3713,7,129,27
3714,7,130,34
3715,7,131,34
3716,7,132,34
3717,7,133,27
3718,7,134,34
3719,7,135,34
3720,7,136,34
3721,7,137,27
3722,7,138,34
3723,7,139,34
3724,7,140,34
3725,7,141,27
3726,7,142,34
3727,7,143,34
3728,7,144,34
3729,7,145,27
3730,7,146,34
3731,7,147,34
3732,7,148,34
3733,7,149,27
3734,7,150,34
3735,7,151,34
3736,7,152,34
3737,7,153,27
3738,7,154,34
3739,7,155,34
3740,7,156,34
3741,7,157,27
3742,7,158,34
3743,7,159,34
3744,7,160,34
3745,7,161,27
3746,7,162,34
3747,7,163,34
3748,7,164,34
3749,7,165,27
3750,7,166,34
3751,7,167,34
3752,7,168,34
3753,7,169,27
3754,7,170,34
3755,7,171,34
3756,7,172,34
3757,7,173,27
3758,7,174,34
3759,7,175,34
3760,7,176,34
3761,7,177,27
3762,7,178,34
3763,7,179,34
3764,7,180,34
3765,7,181,27
3766,7,182,34
3767,7,183,34
3768,7,184,34
3769,7,185,27
3770,7,186,34
3771,7,187,34
3772,7,188,34
3773,7,189,27
3774,7,190,37
3775,7,191,34
3776,7,192,34
3777,7,193,27
3778,7,194,34
3779,7,195,34
3780,7,196,34
3781,7,197,27
3782,7,198,34
3783,7,199,34
3784,7,200,34
3785,7,201,27
3786,7,202,34
3787,7,203,34
3788,7,204,34
3789,7,205,27
3790,7,206,34
3791,7,207,34
3792,7,208,34
3793,7,209,27
3794,7,210,34
3795,7,211,34
3796,7,212,34
3797,7,213,27
3798,7,214,34
3799,7,215,34
3800,7,216,34
3801,7,217,27
3802,7,218,34
3803,7,219,34
3804,7,220,34
3805,7,221,27
3806,7,222,34
3807,7,223,34
3808,7,224,34
3809,7,225,27
3810,7,226,34
3811,7,227,34
3812,7,228,34
3813,7,229,27
3814,7,230,34
3815,7,231,34
3816,7,232,34
3817,7,233,27
3818,7,234,34
3819,7,235,34
3820,7,236,34
3821,7,237,27
3822,7,238,34
3823,7,239,34
3824,7,240,34
3825,7,241,27
3826,7,242,34
3827,7,243,34
3828,7,244,34
3829,7,245,27
3830,7,246,34
3831,7,247,34
3832,7,248,34
3833,7,249,27
3834,7,250,34
3835,7,251,34
3836,7,252,34
3837,7,253,27
3838,7,254,34
3839,7,255,34
3840,7,256,27
3841,7,257,27
3842,7,258,34
3843,7,259,34
3844,7,260,27
3845,7,261,27
3846,7,262,34
3847,7,263,34
3848,7,264,27
3849,7,265,27
3850,7,266,34
3851,7,267,34
3852,7,268,27
3853,7,269,27
3854,7,270,34
3855,7,271,34
3856,7,272,27
3857,7,273,27
3858,7,274,34
3859,7,275,34
3860,7,276,27
3861,7,277,27
3862,7,278,34
3863,7,279,34
3864,7,280,27
3865,7,281,27
3866,7,282,34
3867,7,283,34
3868,7,284,27
3869,7,285,27
3870,7,286,34
3871,7,287,34
3872,7,288,27
3873,7,289,27
3874,7,290,34
3875,7,291,34
3876,7,292,27
3877,7,293,27
3878,7,294,34
3879,7,295,34
3880,7,296,27
3881,7,297,27
3882,7,298,34
3883,7,299,34
3884,7,300,27
3885,7,301,27
3886,7,302,34
3887,7,303,34
3888,7,304,27
3889,7,305,27
3890,7,306,34
3891,7,307,34
3892,7,308,27
3893,7,309,27
3894,7,310,34
3895,7,311,34
3896,7,312,27
3897,7,313,27
3898,7,314,34
3899,7,315,34
3900,7,316,27
3901,7,317,27
3902,7,318,37
3903,7,319,34
3904,7,320,27
3905,7,321,27
3906,7,322,34
3907,7,323,34
3908,7,324,27
3909,7,325,27
3910,7,326,34
3911,7,327,34
3912,7,328,27
3913,7,329,27
3914,7,330,34
3915,7,331,34
3916,7,332,27
3917,7,333,27
3918,7,334,34
3919,7,335,34
3920,7,336,27
3921,7,337,27
3922,7,338,34
3923,7,339,34
3924,7,340,27
3925,7,341,27
3926,7,342,34
3927,7,343,34
3928,7,344,27
3929,7,345,27
3930,7,346,34
3931,7,347,34
3932,7,348,27
3933,7,349,27
3934,7,350,34
3935,7,351,34
3936,7,352,27
3937,7,353,27
3938,7,354,34
3939,7,355,34
3940,7,356,27
3941,7,357,27
3942,7,358,34
3943,7,359,34
3944,7,360,27
3945,7,361,27
3946,7,362,34
3947,7,363,34
3948,7,364,27
3949,7,365,27
3950,7,366,34
3951,7,367,34
3952,7,368,27
3953,7,369,27
3954,7,370,34
3955,7,371,34
3956,7,372,27
3957,7,373,27
3958,7,374,34
3959,7,375,34
3960,7,376,27
3961,7,377,27
3962,7,378,34
3963,7,379,34
3964,7,380,27
3965,7,381,27
3966,7,382,37
3967,7,383,34
3968,7,384,27
3969,7,385,27
3970,7,386,34
3971,7,387,34
3972,7,388,27
3973,7,389,27
3974,7,390,34
3975,7,391,34
3976,7,392,27
3977,7,393,27
3978,7,394,34
3979,7,395,34
3980,7,396,27
3981,7,397,27
3982,7,398,34
3983,7,399,34
3984,7,400,27
3985,7,401,27
3986,7,402,34
3987,7,403,34
3988,7,404,27
3989,7,405,27
3990,7,406,34
3991,7,407,34
3992,7,408,27
3993,7,409,27
3994,7,410,34
3995,7,411,34
3996,7,412,27
3997,7,413,27
3998,7,414,34
3999,7,415,34
4000,7,416,27
4001,7,417,27
4002,7,418,34
4003,7,419,34
4004,7,420,27
4005,7,421,27
4006,7,422,34
4007,7,423,34
4008,7,424,27
4009,7,425,27
4010,7,426,34
4011,7,427,34
4012,7,428,27
4013,7,429,27
4014,7,430,34
4015,7,431,34
4016,7,432,27
4017,7,433,27
4018,7,434,34
4019,7,435,34
4020,7,436,27
4021,7,437,27
4022,7,438,34
4023,7,439,34
4024,7,440,27
4025,7,441,27
4026,7,442,34
4027,7,443,34
4028,7,444,27
4029,7,445,27
4030,7,446,37
4031,7,447,34
4032,7,448,27
4033,7,449,34
4034,7,450,34
4035,7,451,34
4036,7,452,27
4037,7,453,34
4038,7,454,34
4039,7,455,34
4040,7,456,27
4041,7,457,34
4042,7,458,34
4043,7,459,34
4044,7,460,27
4045,7,461,34
4046,7,462,34
4047,7,463,34
4048,7,464,27
4049,7,465,34
4050,7,466,34
4051,7,467,34
4052,7,468,27
4053,7,469,34
4054,7,470,34
4055,7,471,34
4056,7,472,27
4057,7,473,34
4058,7,474,34
4059,7,475,34
4060,7,476,27
4061,7,477,34
4062,7,478,34
4063,7,479,34
4064,7,480,27
4065,7,481,34
4066,7,482,34
4067,7,483,34
4068,7,484,27
4069,7,485,34
4070,7,486,34
4071,7,487,34
4072,7,488,27
4073,7,489,34
4074,7,490,34
4075,7,491,34
4076,7,492,27
4077,7,493,34
4078,7,494,34
4079,7,495,34
4080,7,496,27
4081,7,497,34
4082,7,498,34
4083,7,499,34
4084,7,500,27
4085,7,501,34
4086,7,502,34
4087,7,503,34
4088,7,504,27
4089,7,505,34
4090,7,506,34
4091,7,507,34
4092,7,508,27
4093,7,509,34
4094,7,510,34
4095,7,511,34
4096,8,0,50
4097,8,1,40
4098,8,2,40
4099,8,3,40
4100,8,4,36
4101,8,5,48
4102,8,6,48
4103,8,7,36
4104,8,8,36
4105,8,9,36
4106,8,10,48
4107,8,11,48
4108,8,12,48
4109,8,13,36
4110,8,14,36
4111,8,15,36
4112,8,16,48
4113,8,17,48
4114,8,18,36
4115,8,19,36
4116,8,20,36
4117,8,21,48
4118,8,22,48
4119,8,23,48
4120,8,24,36
4121,8,25,36
4122,8,26,36
4123,8,27,48
4124,8,28,48
4125,8,29,36
4126,8,30,36
4127,8,31,36
4128,8,32,48
4129,8,33,48
4130,8,34,36
4131,8,35,36
4132,8,36,36
4133,8,37,36
4134,8,38,48
4135,8,39,48
4136,8,40,36
4137,8,41,36
4138,8,42,36
4139,8,43,48
4140,8,44,48
4141,8,45,36
4142,8,46,36
4143,8,47,36
4144,8,48,48
4145,8,49,48
4146,8,50,48
4147,8,51,36
4148,8,52,36
4149,8,53,36
4150,8,54,48
4151,8,55,48
4152,8,56,36
4153,8,57,36
4154,8,58,36
4155,8,59,48
4156,8,60,48
4157,8,61,36
4158,8,62,40
4159,8,63,40
4160,8,64,36
4161,8,65,48
4162,8,66,48
4163,8,67,36
4164,8,68,36
4165,8,69,36
4166,8,70,48
4167,8,71,48
4168,8,72,48
4169,8,73,36
4170,8,74,36
4171,8,75,36
4172,8,76,48
4173,8,77,48
4174,8,78,36
4175,8,79,36
4176,8,80,36
4177,8,81,48
4178,8,82,48
4179,8,83,36
4180,8,84,36
4181,8,85,36
4182,8,86,36
4183,8,87,48
4184,8,88,48
4185,8,89,36
4186,8,90,36
4187,8,91,36
4188,8,92,48
4189,8,93,48
4190,8,94,36
4191,8,95,36
4192,8,96,36
4193,8,97,36
4194,8,98,48
4195,8,99,48
4196,8,100,36
4197,8,101,36
4198,8,102,36
4199,8,103,48
4200,8,104,48
4201,8,105,36
4202,8,106,36
4203,8,107,36
4204,8,108,48
4205,8,109,48
4206,8,110,36
4207,8,111,36
4208,8,112,36
4209,8,113,36
4210,8,114,48
4211,8,115,48
4212,8,116,36
4213,8,117,36
4214,8,118,36
4215,8,119,48
4216,8,120,48
4217,8,121,36
4218,8,122,36
4219,8,123,36
4220,8,124,36
4221,8,125,48
4222,8,126,50
4223,8,127,36
4224,8,128,36
4225,8,129,36
4226,8,130,48
4227,8,131,48
4228,8,132,36
4229,8,133,36
4230,8,134,36
4231,8,135,36
4232,8,136,48
4233,8,137,48
4234,8,138,36
4235,8,139,36
4236,8,140,36
4237,8,141,48
4238,8,142,48
4239,8,143,36
4240,8,144,36
4241,8,145,36
4242,8,146,48
4243,8,147,48
4244,8,148,48
4245,8,149,36
4246,8,150,36
4247,8,151,36
4248,8,152,48
4249,8,153,48
4250,8,154,36
4251,8,155,36
4252,8,156,36
4253,8,157,48
4254,8,158,48
4255,8,159,36
4256,8,160,36
4257,8,161,36
4258,8,162,36
4259,8,163,48
4260,8,164,48
4261,8,165,36
4262,8,166,36
4263,8,167,36
4264,8,168,48
4265,8,169,48
4266,8,170,36
4267,8,171,36
4268,8,172,36
4269,8,173,48
4270,8,174,48
4271,8,175,48
4272,8,176,36
4273,8,177,36
4274,8,178,36
4275,8,179,48
4276,8,180,48
4277,8,181,36
4278,8,182,36
4279,8,183,36
4280,8,184,48
4281,8,185,48
4282,8,186,36
4283,8,187,36
4284,8,188,36
4285,8,189,36
4286,8,190,50
4287,8,191,48
4288,8,192,36
4289,8,193,36
4290,8,194,36
4291,8,195,48
4292,8,196,48
4293,8,197,36
4294,8,198,36
4295,8,199,36
4296,8,200,36
4297,8,201,48
4298,8,202,48
4299,8,203,36
4300,8,204,36
4301,8,205,36
4302,8,206,48
4303,8,207,48
4304,8,208,36
4305,8,209,36
4306,8,210,36
4307,8,211,36
4308,8,212,48
4309,8,213,48
4310,8,214,36
4311,8,215,36
4312,8,216,36
4313,8,217,48
4314,8,218,48
4315,8,219,36
4316,8,220,36
4317,8,221,36
4318,8,222,48
4319,8,223,48
4320,8,224,36
4321,8,225,36
4322,8,226,36
4323,8,227,36
4324,8,228,48
4325,8,229,48
4326,8,230,36
4327,8,231,36
4328,8,232,36
4329,8,233,48
4330,8,234,48
4331,8,235,36
4332,8,236,36
4333,8,237,36
4334,8,238,36
4335,8,239,48
4336,8,240,48
4337,8,241,36
4338,8,242,36
4339,8,243,36
4340,8,244,48
4341,8,245,48
4342,8,246,36
4343,8,247,36
4344,8,248,36
4345,8,249,48
4346,8,250,48
4347,8,251,48
4348,8,252,36
4349,8,253,36
4350,8,254,40
4351,8,255,48
4352,8,256,48
4353,8,257,36
4354,8,258,36
4355,8,259,36
4356,8,260,48
4357,8,261,48
4358,8,262,48
4359,8,263,36
4360,8,264,36
4361,8,265,36
4362,8,266,48
4363,8,267,48
4364,8,268,36
4365,8,269,36
4366,8,270,36
4367,8,271,48
4368,8,272,48
4369,8,273,36
4370,8,274,36
4371,8,275,36
4372,8,276,36
4373,8,277,48
4374,8,278,48
4375,8,279,36
4376,8,280,36
4377,8,281,36
4378,8,282,48
4379,8,283,48
4380,8,284,36
4381,8,285,36
4382,8,286,36
4383,8,287,48
4384,8,288,48
4385,8,289,48
4386,8,290,36
4387,8,291,36
4388,8,292,36
4389,8,293,48
4390,8,294,48
4391,8,295,36
4392,8,296,36
4393,8,297,36
4394,8,298,48
4395,8,299,48
4396,8,300,36
4397,8,301,36
4398,8,302,36
4399,8,303,36
4400,8,304,48
4401,8,305,48
4402,8,306,36
4403,8,307,36
4404,8,308,36
4405,8,309,48
4406,8,310,48
4407,8,311,36
4408,8,312,36
4409,8,313,36
4410,8,314,36
4411,8,315,48
4412,8,316,48
4413,8,317,36
4414,8,318,36
4415,8,319,36
4416,8,320,48
4417,8,321,48
4418,8,322,36
4419,8,323,36
4420,8,324,36
4421,8,325,36
4422,8,326,48
4423,8,327,48
4424,8,328,36
4425,8,329,36
4426,8,330,36
4427,8,331,48
4428,8,332,48
4429,8,333,36
4430,8,334,36
4431,8,335,36
4432,8,336,48
4433,8,337,48
4434,8,338,36
4435,8,339,36
4436,8,340,36
4437,8,341,36
4438,8,342,48
4439,8,343,48
4440,8,344,36
4441,8,345,36
4442,8,346,36
4443,8,347,48
4444,8,348,48
4445,8,349,36
4446,8,350,36
4447,8,351,36
4448,8,352,36
4449,8,353,48
4450,8,354,48
4451,8,355,36
4452,8,356,36
4453,8,357,36
4454,8,358,48
4455,8,359,48
4456,8,360,36
4457,8,361,36
4458,8,362,36
4459,8,363,48
4460,8,364,48
4461,8,365,48
4462,8,366,36
4463,8,367,36
4464,8,368,36
4465,8,369,48
4466,8,370,48
4467,8,371,36
4468,8,372,36
4469,8,373,36
4470,8,374,48
4471,8,375,48
4472,8,376,36
4473,8,377,36
4474,8,378,36
4475,8,379,36
4476,8,380,48
4477,8,381,48
4478,8,382,40
4479,8,383,36
4480,8,384,36
4481,8,385,48
4482,8,386,48
4483,8,387,36
4484,8,388,36
4485,8,389,36
4486,8,390,36
4487,8,391,48
4488,8,392,48
4489,8,393,36
4490,8,394,36
4491,8,395,36
4492,8,396,48
4493,8,397,48
4494,8,398,36
4495,8,399,36
4496,8,400,36
4497,8,401,48
4498,8,402,48
4499,8,403,48
4500,8,404,36
4501,8,405,36
4502,8,406,36
4503,8,407,48
4504,8,408,48
4505,8,409,36
4506,8,410,36
4507,8,411,36
4508,8,412,48
4509,8,413,48
4510,8,414,36
4511,8,415,36
4512,8,416,36
4513,8,417,36
4514,8,418,48
4515,8,419,48
4516,8,420,36
4517,8,421,36
4518,8,422,36
4519,8,423,48
4520,8,424,48
4521,8,425,36
4522,8,426,36
4523,8,427,36
4524,8,428,36
4525,8,429,48
4526,8,430,48
4527,8,431,36
4528,8,432,36
4529,8,433,36
4530,8,434,48
4531,8,435,48
4532,8,436,36
4533,8,437,36
4534,8,438,36
4535,8,439,48
4536,8,440,48
4537,8,441,36
4538,8,442,36
4539,8,443,36
4540,8,444,36
4541,8,445,48
4542,8,446,50
4543,8,447,36
4544,8,448,36
4545,8,449,36
4546,8,450,48
4547,8,451,48
4548,8,452,36
4549,8,453,36
4550,8,454,36
4551,8,455,36
4552,8,456,48
4553,8,457,48
4554,8,458,36
4555,8,459,36
4556,8,460,36
4557,8,461,48
4558,8,462,48
4559,8,463,36
4560,8,464,36
4561,8,465,36
4562,8,466,36
4563,8,467,48
4564,8,468,48
4565,8,469,36
4566,8,470,36
4567,8,471,36
4568,8,472,48
4569,8,473,48
4570,8,474,36
4571,8,475,36
4572,8,476,36
4573,8,477,48
4574,8,478,48
4575,8,479,48
4576,8,480,36
4577,8,481,36
4578,8,482,36
4579,8,483,48
4580,8,484,48
4581,8,485,36
4582,8,486,36
4583,8,487,36
4584,8,488,48
4585,8,489,48
4586,8,490,36
4587,8,491,36
4588,8,492,36
4589,8,493,36
4590,8,494,48
4591,8,495,48
4592,8,496,36
4593,8,497,36
4594,8,498,36
4595,8,499,48
4596,8,500,48
4597,8,501,36
4598,8,502,36
4599,8,503,36
4600,8,504,48
4601,8,505,48
4602,8,506,48
4603,8,507,36
4604,8,508,36
4605,8,509,36
4606,8,510,48
4607,8,511,48
4608,9,0,50
4609,9,1,36
4610,9,2,37
4611,9,3,37
4612,9,4,30
4613,9,5,31
4614,9,6,50
4615,9,7,31
4616,9,8,31
4617,9,9,31
4618,9,10,31
4619,9,11,31
4620,9,12,27
4621,9,13,27
4622,9,14,28
4623,9,15,28
4624,9,16,28
4625,9,17,28
4626,9,18,27
4627,9,19,27
4628,9,20,27
4629,9,21,27
4630,9,22,28
4631,9,23,28
4632,9,24,28
4633,9,25,28
4634,9,26,28
4635,9,27,27
4636,9,28,27
4637,9,29,27
4638,9,30,27
4639,9,31,27
4640,9,32,28
4641,9,33,28
4642,9,34,28
4643,9,35,28
4644,9,36,28
4645,9,37,27
4646,9,38,27
4647,9,39,27
4648,9,40,27
4649,9,41,27
4650,9,42,28
4651,9,43,28
4652,9,44,28
4653,9,45,28
4654,9,46,28
4655,9,47,27
4656,9,48,27
4657,9,49,27
4658,9,50,27
4659,9,51,28
4660,9,52,28
4661,9,53,28
4662,9,54,28
4663,9,55,28
4664,9,56,27
4665,9,57,27
4666,9,58,27
4667,9,59,27
4668,9,60,27
4669,9,61,28
4670,9,62,31
4671,9,63,28
4672,9,64,28
4673,9,65,27
4674,9,66,27
4675,9,67,27
4676,9,68,27
4677,9,69,27
4678,9,70,28
4679,9,71,28
4680,9,72,28
4681,9,73,28
4682,9,74,28
4683,9,75,27
4684,9,76,27
4685,9,77,27
4686,9,78,27
4687,9,79,27
4688,9,80,28
4689,9,81,28
4690,9,82,28
4691,9,83,28
4692,9,84,28
4693,9,85,27
4694,9,86,27
4695,9,87,27
4696,9,88,27
4697,9,89,28
4698,9,90,28
4699,9,91,28
4700,9,92,28
4701,9,93,28
4702,9,94,27
4703,9,95,27
4704,9,96,27
4705,9,97,27
4706,9,98,27
4707,9,99,28
4708,9,100,28
4709,9,101,28
4710,9,102,28
4711,9,103,28
4712,9,104,27
4713,9,105,27
4714,9,106,27
4715,9,107,27
4716,9,108,27
4717,9,109,28
4718,9,110,28
4719,9,111,28
4720,9,112,28
4721,9,113,28
4722,9,114,27
4723,9,115,27
4724,9,116,27
4725,9,117,27
4726,9,118,28
4727,9,119,28
4728,9,120,28
4729,9,121,28
4730,9,122,28
4731,9,123,28
4732,9,124,27
4733,9,125,27
4734,9,126,27
4735,9,127,27
4736,9,128,28
4737,9,129,28
4738,9,130,28
4739,9,131,28
4740,9,132,28
4741,9,133,27
4742,9,134,27
4743,9,135,27
4744,9,136,27
4745,9,137,28
4746,9,138,28
4747,9,139,28
4748,9,140,28
4749,9,141,28
4750,9,142,28
4751,9,143,27
4752,9,144,27
4753,9,145,27
4754,9,146,27
4755,9,147,28
4756,9,148,28
4757,9,149,28
4758,9,150,28
4759,9,151,28
4760,9,152,27
4761,9,153,27
4762,9,154,27
4763,9,155,27
4764,9,156,27
4765,9,157,28
4766,9,158,28
4767,9,159,28
4768,9,160,28
4769,9,161,28
4770,9,162,27
4771,9,163,27
4772,9,164,27
4773,9,165,27
4774,9,166,27
4775,9,167,28
4776,9,168,28
4777,9,169,28
4778,9,170,28
4779,9,171,28
4780,9,172,27
4781,9,173,27
4782,9,174,27
4783,9,175,27
4784,9,176,28
4785,9,177,28
4786,9,178,28
4787,9,179,28
4788,9,180,28
4789,9,181,27
4790,9,182,27
4791,9,183,27
4792,9,184,27
4793,9,185,27
4794,9,186,28
4795,9,187,28
4796,9,188,28
4797,9,189,28
4798,9,190,31
4799,9,191,27
4800,9,192,27
4801,9,193,27
4802,9,194,27
4803,9,195,28
4804,9,196,28
4805,9,197,28
4806,9,198,28
4807,9,199,28
4808,9,200,27
4809,9,201,27
4810,9,202,27
4811,9,203,27
4812,9,204,27
4813,9,205,28
4814,9,206,28
4815,9,207,28
4816,9,208,28
4817,9,209,28
4818,9,210,27
4819,9,211,27
4820,9,212,27
4821,9,213,27
4822,9,214,27
4823,9,215,28
4824,9,216,28
4825,9,217,28
4826,9,218,28
4827,9,219,28
4828,9,220,27
4829,9,221,27
4830,9,222,27
4831,9,223,27
4832,9,224,28
4833,9,225,28
4834,9,226,28
4835,9,227,28
4836,9,228,28
4837,9,229,28
4838,9,230,27
4839,9,231,27
4840,9,232,27
4841,9,233,27
4842,9,234,28
4843,9,235,28
4844,9,236,28
4845,9,237,28
4846,9,238,28
4847,9,239,27
4848,9,240,27
4849,9,241,27
4850,9,242,27
4851,9,243,27
4852,9,244,28
4853,9,245,28
4854,9,246,28
4855,9,247,28
4856,9,248,28
4857,9,249,27
4858,9,250,27
4859,9,251,27
4860,9,252,27
4861,9,253,27
4862,9,254,31
4863,9,255,28
4864,9,256,28
4865,9,257,28
4866,9,258,27
4867,9,259,27
4868,9,260,27
4869,9,261,27
4870,9,262,27
4871,9,263,28
4872,9,264,28
4873,9,265,28
4874,9,266,28
4875,9,267,28
4876,9,268,27
4877,9,269,27
4878,9,270,27
4879,9,271,27
4880,9,272,27
4881,9,273,28
4882,9,274,28
4883,9,275,28
4884,9,276,28
4885,9,277,28
4886,9,278,27
4887,9,279,27
4888,9,280,27
4889,9,281,27
4890,9,282,28
4891,9,283,28
4892,9,284,28
4893,9,285,28
4894,9,286,28
4895,9,287,27
4896,9,288,27
4897,9,289,27
4898,9,290,27
4899,9,291,27
4900,9,292,28
4901,9,293,28
4902,9,294,28
4903,9,295,28
4904,9,296,28
4905,9,297,27
4906,9,298,27
4907,9,299,27
4908,9,300,27
4909,9,301,27
4910,9,302,28
4911,9,303,28
4912,9,304,28
4913,9,305,28
4914,9,306,28
4915,9,307,27
4916,9,308,27
4917,9,309,27
4918,9,310,27
4919,9,311,28
4920,9,312,28
4921,9,313,28
4922,9,314,28
4923,9,315,28
4924,9,316,28
4925,9,317,27
4926,9,318,30
4927,9,319,27
4928,9,320,27
4929,9,321,28
4930,9,322,28
4931,9,323,28
4932,9,324,28
4933,9,325,28
4934,9,326,27
4935,9,327,27
4936,9,328,27
4937,9,329,27
4938,9,330,28
4939,9,331,28
4940,9,332,28
4941,9,333,28
4942,9,334,28
4943,9,335,28
4944,9,336,27
4945,9,337,27
4946,9,338,27
4947,9,339,27
4948,9,340,28
4949,9,341,28
4950,9,342,28
4951,9,343,28
4952,9,344,28
4953,9,345,27
4954,9,346,27
4955,9,347,27
4956,9,348,27
4957,9,349,27
4958,9,350,28
4959,9,351,28
4960,9,352,28
4961,9,353,28
4962,9,354,28
4963,9,355,27
4964,9,356,27
4965,9,357,27
4966,9,358,27
4967,9,359,27
4968,9,360,28
4969,9,361,28
4970,9,362,28
4971,9,363,28
4972,9,364,28
4973,9,365,27
4974,9,366,27
4975,9,367,27
4976,9,368,27
4977,9,369,28
4978,9,370,28
4979,9,371,28
4980,9,372,28
4981,9,373,28
4982,9,374,27
4983,9,375,27
4984,9,376,27
4985,9,377,27
4986,9,378,27
4987,9,379,28
4988,9,380,28
4989,9,381,28
4990,9,382,28
4991,9,383,28
4992,9,384,27
4993,9,385,27
4994,9,386,27
4995,9,387,27
4996,9,388,28
4997,9,389,28
4998,9,390,28
4999,9,391,28
5000,9,392,28
5001,9,393,27
5002,9,394,27
5003,9,395,27
5004,9,396,27
5005,9,397,27
5006,9,398,28
5007,9,399,28
5008,9,400,28
5009,9,401,28
5010,9,402,28
5011,9,403,27
5012,9,404,27
5013,9,405,27
5014,9,406,27
5015,9,407,27
5016,9,408,28
5017,9,409,28
5018,9,410,28
5019,9,411,28
5020,9,412,28
5021,9,413,27
5022,9,414,27
5023,9,415,27
5024,9,416,27
5025,9,417,28
5026,9,418,28
5027,9,419,28
5028,9,420,28
5029,9,421,28
5030,9,422,28
5031,9,423,27
5032,9,424,27
5033,9,425,27
5034,9,426,27
5035,9,427,28
5036,9,428,28
5037,9,429,28
5038,9,430,28
5039,9,431,28
5040,9,432,27
5041,9,433,27
5042,9,434,27
5043,9,435,27
5044,9,436,27
5045,9,437,28
5046,9,438,28
5047,9,439,28
5048,9,440,28
5049,9,441,28
5050,9,442,27
5051,9,443,27
5052,9,444,27
5053,9,445,27
5054,9,446,31
5055,9,447,28
5056,9,448,28
5057,9,449,28
5058,9,450,28
5059,9,451,27
5060,9,452,27
5061,9,453,27
5062,9,454,27
5063,9,455,27
5064,9,456,28
5065,9,457,28
5066,9,458,28
5067,9,459,28
5068,9,460,28
5069,9,461,27
5070,9,462,27
5071,9,463,27
5072,9,464,27
5073,9,465,27
5074,9,466,28
5075,9,467,28
5076,9,468,28
5077,9,469,28
5078,9,470,28
5079,9,471,27
5080,9,472,27
5081,9,473,27
5082,9,474,27
5083,9,475,28
5084,9,476,28
5085,9,477,28
5086,9,478,28
5087,9,479,28
5088,9,480,27
5089,9,481,27
5090,9,482,27
5091,9,483,27
5092,9,484,27
5093,9,485,28
5094,9,486,28
5095,9,487,28
5096,9,488,28
5097,9,489,28
5098,9,490,27
5099,9,491,27
5100,9,492,27
5101,9,493,27
5102,9,494,27
5103,9,495,28
5104,9,496,28
5105,9,497,28
5106,9,498,28
5107,9,499,28
5108,9,500,27
5109,9,501,27
5110,9,502,27
5111,9,503,27
5112,9,504,28
5113,9,505,28
5114,9,506,28
5115,9,507,28
5116,9,508,28
5117,9,509,28
5118,9,510,27
5119,9,511,27
5120,10,0,40
5121,10,1,50
5122,10,2,48
5123,10,3,40
5124,10,4,36
5125,10,5,36
5126,10,6,48
5127,10,7,48
5128,10,8,36
5129,10,9,36
5130,10,10,36
5131,10,11,36
5132,10,12,48
5133,10,13,48
5134,10,14,36
5135,10,15,36
5136,10,16,36
5137,10,17,48
5138,10,18,48
5139,10,19,36
5140,10,20,36
5141,10,21,36
5142,10,22,36
5143,10,23,48
5144,10,24,48
5145,10,25,36
5146,10,26,36
5147,10,27,36
5148,10,28,48
5149,10,29,48
5150,10,30,36
5151,10,31,36
5152,10,32,36
5153,10,33,48
5154,10,34,48
5155,10,35,36
5156,10,36,36
5157,10,37,36
5158,10,38,36
5159,10,39,48
5160,10,40,48
5161,10,41,36
5162,10,42,36
5163,10,43,36
5164,10,44,48
5165,10,45,48
5166,10,46,36
5167,10,47,36
5168,10,48,36
5169,10,49,36
5170,10,50,48
5171,10,51,48
5172,10,52,36
5173,10,53,36
5174,10,54,36
5175,10,55,48
5176,10,56,48
5177,10,57,36
5178,10,58,36
5179,10,59,36
5180,10,60,48
5181,10,61,48
5182,10,62,48
5183,10,63,40
5184,10,64,36
5185,10,65,36
5186,10,66,48
5187,10,67,48
5188,10,68,36
5189,10,69,36
5190,10,70,36
5191,10,71,36
5192,10,72,48
5193,10,73,48
5194,10,74,36
5195,10,75,36
5196,10,76,36
5197,10,77,48
5198,10,78,48
5199,10,79,36
5200,10,80,36
5201,10,81,36
5202,10,82,48
5203,10,83,48
5204,10,84,48
5205,10,85,36
5206,10,86,36
5207,10,87,36
5208,10,88,48
5209,10,89,48
5210,10,90,36
5211,10,91,36
5212,10,92,36
5213,10,93,48
5214,10,94,48
5215,10,95,36
5216,10,96,36
5217,10,97,36
5218,10,98,36
5219,10,99,48
5220,10,100,48
5221,10,101,36
5222,10,102,36
5223,10,103,36
5224,10,104,48
5225,10,105,48
5226,10,106,36
5227,10,107,36
5228,10,108,36
5229,10,109,48
5230,10,110,48
5231,10,111,48
5232,10,112,36
5233,10,113,36
5234,10,114,36
5235,10,115,48
5236,10,116,48
5237,10,117,36
5238,10,118,36
5239,10,119,36
5240,10,120,48
5241,10,121,48
5242,10,122,36
5243,10,123,36
5244,10,124,36
5245,10,125,36
5246,10,126,50
5247,10,127,48
5248,10,128,36
5249,10,129,36
5250,10,130,36
5251,10,131,48
5252,10,132,48
5253,10,133,36
5254,10,134,36
5255,10,135,36
5256,10,136,36
5257,10,137,48
5258,10,138,48
5259,10,139,36
5260,10,140,36
5261,10,141,36
5262,10,142,48
5263,10,143,48
5264,10,144,36
5265,10,145,36
5266,10,146,36
5267,10,147,36
5268,10,148,48
5269,10,149,48
5270,10,150,36
5271,10,151,36
5272,10,152,36
5273,10,153,48
5274,10,154,48
5275,10,155,36
5276,10,156,36
5277,10,157,36
5278,10,158,48
5279,10,159,48
5280,10,160,36
5281,10,161,36
5282,10,162,36
5283,10,163,36
5284,10,164,48
5285,10,165,48
5286,10,166,36
5287,10,167,36
5288,10,168,36
5289,10,169,48
5290,10,170,48
5291,10,171,36
5292,10,172,36
5293,10,173,36
5294,10,174,36
5295,10,175,48
5296,10,176,48
5297,10,177,36
5298,10,178,36
5299,10,179,36
5300,10,180,48
5301,10,181,48
5302,10,182,36
5303,10,183,36
5304,10,184,36
5305,10,185,48
5306,10,186,48
5307,10,187,48
5308,10,188,36
5309,10,189,36
5310,10,190,40
5311,10,191,48
5312,10,192,48
5313,10,193,36
5314,10,194,36
5315,10,195,36
5316,10,196,48
5317,10,197,48
5318,10,198,48
5319,10,199,36
5320,10,200,36
5321,10,201,36
5322,10,202,48
5323,10,203,48
5324,10,204,36
5325,10,205,36
5326,10,206,36
5327,10,207,48
5328,10,208,48
5329,10,209,36
5330,10,210,36
5331,10,211,36
5332,10,212,36
5333,10,213,48
5334,10,214,48
5335,10,215,36
5336,10,216,36
5337,10,217,36
5338,10,218,48
5339,10,219,48
5340,10,220,36
5341,10,221,36
5342,10,222,36
5343,10,223,48
5344,10,224,48
5345,10,225,48
5346,10,226,36
5347,10,227,36
5348,10,228,36
5349,10,229,48
5350,10,230,48
5351,10,231,36
5352,10,232,36
5353,10,233,36
5354,10,234,48
5355,10,235,48
5356,10,236,36
5357,10,237,36
5358,10,238,36
5359,10,239,36
5360,10,240,48
5361,10,241,48
5362,10,242,36
5363,10,243,36
5364,10,244,36
5365,10,245,48
5366,10,246,48
5367,10,247,36
5368,10,248,36
5369,10,249,36
5370,10,250,36
5371,10,251,48
5372,10,252,48
5373,10,253,36
5374,10,254,36
5375,10,255,36
5376,10,256,48
5377,10,257,48
5378,10,258,36
5379,10,259,36
5380,10,260,36
5381,10,261,36
5382,10,262,48
5383,10,263,48
5384,10,264,36
5385,10,265,36
5386,10,266,36
5387,10,267,48
5388,10,268,48
5389,10,269,36
5390,10,270,36
5391,10,271,36
5392,10,272,48
5393,10,273,48
5394,10,274,36
5395,10,275,36
5396,10,276,36
5397,10,277,36
5398,10,278,48
5399,10,279,48
5400,10,280,36
5401,10,281,36
5402,10,282,36
5403,10,283,48
5404,10,284,48
5405,10,285,36
5406,10,286,36
5407,10,287,36
5408,10,288,36
5409,10,289,48
5410,10,290,48
5411,10,291,36
5412,10,292,36
5413,10,293,36
5414,10,294,48
5415,10,295,48
5416,10,296,36
5417,10,297,36
5418,10,298,36
5419,10,299,48
5420,10,300,48
5421,10,301,48
5422,10,302,36
5423,10,303,36
5424,10,304,36
5425,10,305,48
5426,10,306,48
5427,10,307,36
5428,10,308,36
5429,10,309,36
5430,10,310,48
5431,10,311,48
5432,10,312,36
5433,10,313,36
5434,10,314,36
5435,10,315,36
5436,10,316,48
5437,10,317,48
5438,10,318,40
5439,10,319,36
5440,10,320,36
5441,10,321,48
5442,10,322,48
5443,10,323,36
5444,10,324,36
5445,10,325,36
5446,10,326,36
5447,10,327,48
5448,10,328,48
5449,10,329,36
5450,10,330,36
5451,10,331,36
5452,10,332,48
5453,10,333,48
5454,10,334,36
5455,10,335,36
5456,10,336,36
5457,10,337,48
5458,10,338,48
5459,10,339,48
5460,10,340,36
5461,10,341,36
5462,10,342,36
5463,10,343,48
5464,10,344,48
5465,10,345,36
5466,10,346,36
5467,10,347,36
5468,10,348,48
5469,10,349,48
5470,10,350,36
5471,10,351,36
5472,10,352,36
5473,10,353,36
5474,10,354,48
5475,10,355,48
5476,10,356,36
5477,10,357,36
5478,10,358,36
5479,10,359,48
5480,10,360,48
5481,10,361,36
5482,10,362,36
5483,10,363,36
5484,10,364,36
5485,10,365,48
5486,10,366,48
5487,10,367,36
5488,10,368,36
5489,10,369,36
5490,10,370,48
5491,10,371,48
5492,10,372,36
5493,10,373,36
5494,10,374,36
5495,10,375,48
5496,10,376,48
5497,10,377,36
5498,10,378,36
5499,10,379,36
5500,10,380,36
5501,10,381,48
5502,10,382,50
5503,10,383,36
5504,10,384,36
5505,10,385,36
5506,10,386,48
5507,10,387,48
5508,10,388,36
5509,10,389,36
5510,10,390,36
5511,10,391,36
5512,10,392,48
5513,10,393,48
5514,10,394,36
5515,10,395,36
5516,10,396,36
5517,10,397,48
5518,10,398,48
5519,10,399,36
5520,10,400,36
5521,10,401,36
5522,10,402,36
5523,10,403,48
5524,10,404,48
5525,10,405,36
5526,10,406,36
5527,10,407,36
5528,10,408,48
5529,10,409,48
5530,10,410,36
5531,10,411,36
5532,10,412,36
5533,10,413,48
5534,10,414,48
5535,10,415,48
5536,10,416,36
5537,10,417,36
5538,10,418,36
5539,10,419,48
5540,10,420,48
5541,10,421,36
5542,10,422,36
5543,10,423,36
5544,10,424,48
5545,10,425,48
5546,10,426,36
5547,10,427,36
5548,10,428,36
5549,10,429,36
5550,10,430,48
5551,10,431,48
5552,10,432,36
5553,10,433,36
5554,10,434,36
5555,10,435,48
5556,10,436,48
5557,10,437,36
5558,10,438,36
5559,10,439,36
5560,10,440,48
5561,10,441,48
5562,10,442,48
5563,10,443,36
5564,10,444,36
5565,10,445,36
5566,10,446,50
5567,10,447,48
5568,10,448,36
5569,10,449,36
5570,10,450,36
5571,10,451,48
5572,10,452,48
5573,10,453,48
5574,10,454,36
5575,10,455,36
5576,10,456,36
5577,10,457,48
5578,10,458,48
5579,10,459,36
5580,10,460,36
5581,10,461,36
5582,10,462,48
5583,10,463,48
5584,10,464,36
5585,10,465,36
5586,10,466,36
5587,10,467,36
5588,10,468,48
5589,10,469,48
5590,10,470,36
5591,10,471,36
5592,10,472,36
5593,10,473,48
5594,10,474,48
5595,10,475,36
5596,10,476,36
5597,10,477,36
5598,10,478,36
5599,10,479,48
5600,10,480,48
5601,10,481,36
5602,10,482,36
5603,10,483,36
5604,10,484,48
5605,10,485,48
5606,10,486,36
5607,10,487,36
5608,10,488,36
5609,10,489,48
5610,10,490,48
5611,10,491,36
5612,10,492,36
5613,10,493,36
5614,10,494,36
5615,10,495,48
5616,10,496,48
5617,10,497,36
5618,10,498,36
5619,10,499,36
5620,10,500,48
5621,10,501,48
5622,10,502,36
5623,10,503,36
5624,10,504,36
5625,10,505,36
5626,10,506,48
5627,10,507,48
5628,10,508,36
5629,10,509,36
5630,10,510,36
5631,10,511,48
5632,11,0,50
5633,11,1,43
5634,11,2,43
5635,11,3,43
5636,11,4,30
5637,11,5,50
5638,11,6,30
5639,11,7,37
5640,11,8,37
5641,11,9,30
5642,11,10,37
5643,11,11,37
5644,11,12,30
5645,11,13,37
5646,11,14,34
5647,11,15,34
5648,11,16,27
5649,11,17,34
5650,11,18,34
5651,11,19,34
5652,11,20,27
5653,11,21,34
5654,11,22,34
5655,11,23,34
5656,11,24,27
5657,11,25,34
5658,11,26,34
5659,11,27,34
5660,11,28,27
5661,11,29,34
5662,11,30,34
5663,11,31,34
5664,11,32,27
5665,11,33,34
5666,11,34,34
5667,11,35,34
5668,11,36,27
5669,11,37,34
5670,11,38,34
5671,11,39,34
5672,11,40,27
5673,11,41,34
5674,11,42,34
5675,11,43,34
5676,11,44,27
5677,11,45,34
5678,11,46,34
5679,11,47,34
5680,11,48,27
5681,11,49,34
5682,11,50,34
5683,11,51,34
5684,11,52,27
5685,11,53,34
5686,11,54,34
5687,11,55,34
5688,11,56,27
5689,11,57,34
5690,11,58,34
5691,11,59,34
5692,11,60,27
5693,11,61,34
5694,11,62,37
5695,11,63,37
5696,11,64,27
5697,11,65,34
5698,11,66,34
5699,11,67,27
5700,11,68,27
5701,11,69,34
5702,11,70,34
5703,11,71,27
5704,11,72,27
5705,11,73,34
5706,11,74,34
5707,11,75,27
5708,11,76,27
5709,11,77,34
5710,11,78,34
5711,11,79,27
5712,11,80,27
5713,11,81,34
5714,11,82,34
5715,11,83,27
5716,11,84,27
5717,11,85,34
5718,11,86,34
5719,11,87,27
5720,11,88,27
5721,11,89,34
5722,11,90,34
5723,11,91,27
5724,11,92,27
5725,11,93,34
5726,11,94,34
5727,11,95,27
5728,11,96,27
5729,11,97,34
5730,11,98,34
5731,11,99,27
5732,11,100,27
5733,11,101,34
5734,11,102,34
5735,11,103,27
5736,11,104,27
5737,11,105,34
5738,11,106,34
5739,11,107,27
5740,11,108,27
5741,11,109,34
5742,11,110,34
5743,11,111,27
5744,11,112,27
5745,11,113,34
5746,11,114,34
5747,11,115,27
5748,11,116,27
5749,11,117,34
5750,11,118,34
5751,11,119,27
5752,11,120,27
5753,11,121,34
5754,11,122,34
5755,11,123,27
5756,11,124,27
5757,11,125,34
5758,11,126,37
5759,11,127,27
5760,11,128,27
5761,11,129,34
5762,11,130,34
5763,11,131,27
5764,11,132,27
5765,11,133,34
5766,11,134,34
5767,11,135,27
5768,11,136,27
5769,11,137,34
5770,11,138,34
5771,11,139,27
5772,11,140,27
5773,11,141,34
5774,11,142,34
5775,11,143,27
5776,11,144,27
5777,11,145,34
5778,11,146,34
5779,11,147,27
5780,11,148,27
5781,11,149,34
5782,11,150,34
5783,11,151,27
5784,11,152,27
5785,11,153,34
5786,11,154,34
5787,11,155,27
5788,11,156,27
5789,11,157,34
5790,11,158,34
5791,11,159,27
5792,11,160,27
5793,11,161,34
5794,11,162,34
5795,11,163,27
5796,11,164,27
5797,11,165,34
5798,11,166,34
5799,11,167,27
5800,11,168,27
5801,11,169,34
5802,11,170,34
5803,11,171,27
5804,11,172,27
5805,11,173,34
5806,11,174,34
5807,11,175,27
5808,11,176,27
5809,11,177,34
5810,11,178,34
5811,11,179,27
5812,11,180,27
5813,11,181,34
5814,11,182,34
5815,11,183,27
5816,11,184,27
5817,11,185,34
5818,11,186,34
5819,11,187,27
5820,11,188,27
5821,11,189,34
5822,11,190,34
5823,11,191,27
5824,11,192,27
5825,11,193,34
5826,11,194,34
5827,11,195,27
5828,11,196,27
5829,11,197,34
5830,11,198,34
5831,11,199,27
5832,11,200,27
5833,11,201,34
5834,11,202,34
5835,11,203,27
5836,11,204,27
5837,11,205,34
5838,11,206,34
5839,11,207,27
5840,11,208,27
5841,11,209,34
5842,11,210,34
5843,11,211,27
5844,11,212,27
5845,11,213,34
5846,11,214,34
5847,11,215,27
5848,11,216,27
5849,11,217,34
5850,11,218,34
5851,11,219,27
5852,11,220,27
5853,11,221,34
5854,11,222,34
5855,11,223,27
5856,11,224,27
5857,11,225,34
5858,11,226,34
5859,11,227,27
5860,11,228,27
5861,11,229,34
5862,11,230,34
5863,11,231,27
5864,11,232,27
5865,11,233,34
5866,11,234,34
5867,11,235,27
5868,11,236,27
5869,11,237,34
5870,11,238,34
5871,11,239,27
5872,11,240,27
5873,11,241,34
5874,11,242,34
5875,11,243,27
5876,11,244,27
5877,11,245,34
5878,11,246,34
5879,11,247,27
5880,11,248,27
5881,11,249,34
5882,11,250,34
5883,11,251,27
5884,11,252,27
5885,11,253,34
5886,11,254,37
5887,11,255,27
5888,11,256,34
5889,11,257,34
5890,11,258,34
5891,11,259,27
5892,11,260,34
5893,11,261,34
5894,11,262,34
5895,11,263,27
5896,11,264,34
5897,11,265,34
5898,11,266,34
5899,11,267,27
5900,11,268,34
5901,11,269,34
5902,11,270,34
5903,11,271,27
5904,11,272,34
5905,11,273,34
5906,11,274,34
5907,11,275,27
5908,11,276,34
5909,11,277,34
5910,11,278,34
5911,11,279,27
5912,11,280,34
5913,11,281,34
5914,11,282,34
5915,11,283,27
5916,11,284,34
5917,11,285,34
5918,11,286,34
5919,11,287,27
5920,11,288,34
5921,11,289,34
5922,11,290,34
5923,11,291,27
5924,11,292,34
5925,11,293,34
5926,11,294,34
5927,11,295,27
5928,11,296,34
5929,11,297,34
5930,11,298,34
5931,11,299,27
5932,11,300,34
5933,11,301,34
5934,11,302,34
5935,11,303,27
5936,11,304,34
5937,11,305,34
5938,11,306,34
5939,11,307,27
5940,11,308,34
5941,11,309,34
5942,11,310,34
5943,11,311,27
5944,11,312,34
5945,11,313,34
5946,11,314,34
5947,11,315,27
5948,11,316,34
5949,11,317,34
5950,11,318,37
5951,11,319,27
5952,11,320,34
5953,11,321,34
5954,11,322,34
5955,11,323,27
5956,11,324,34
5957,11,325,34
5958,11,326,34
5959,11,327,27
5960,11,328,34
5961,11,329,34
5962,11,330,34
5963,11,331,27
5964,11,332,34
5965,11,333,34
5966,11,334,34
5967,11,335,27
5968,11,336,34
5969,11,337,34
5970,11,338,34
5971,11,339,27
5972,11,340,34
5973,11,341,34
5974,11,342,34
5975,11,343,27
5976,11,344,34
5977,11,345,34
5978,11,346,34
5979,11,347,27
5980,11,348,34
5981,11,349,34
5982,11,350,34
5983,11,351,27
5984,11,352,34
5985,11,353,34
5986,11,354,34
5987,11,355,27
5988,11,356,34
5989,11,357,34
5990,11,358,34
5991,11,359,27
5992,11,360,34
5993,11,361,34
5994,11,362,34
5995,11,363,27
5996,11,364,34
5997,11,365,34
5998,11,366,34
5999,11,367,27
6000,11,368,34
6001,11,369,34
6002,11,370,34
6003,11,371,27
6004,11,372,34
6005,11,373,34
6006,11,374,34
6007,11,375,27
6008,11,376,34
6009,11,377,34
6010,11,378,34
6011,11,379,27
6012,11,380,34
6013,11,381,34
6014,11,382,37
6015,11,383,27
6016,11,384,34
6017,11,385,34
6018,11,386,27
6019,11,387,27
6020,11,388,34
6021,11,389,34
6022,11,390,27
6023,11,391,27
6024,11,392,34
6025,11,393,34
6026,11,394,27
6027,11,395,27
6028,11,396,34
6029,11,397,34
6030,11,398,27
6031,11,399,27
6032,11,400,34
6033,11,401,34
6034,11,402,27
6035,11,403,27
6036,11,404,34
6037,11,405,34
6038,11,406,27
6039,11,407,27
6040,11,408,34
6041,11,409,34
6042,11,410,27
6043,11,411,27
6044,11,412,34
6045,11,413,34
6046,11,414,27
6047,11,415,27
6048,11,416,34
6049,11,417,34
6050,11,418,27
6051,11,419,27
6052,11,420,34
6053,11,421,34
6054,11,422,27
6055,11,423,27
6056,11,424,34
6057,11,425,34
6058,11,426,27
6059,11,427,27
6060,11,428,34
6061,11,429,34
6062,11,430,27
6063,11,431,27
6064,11,432,34
6065,11,433,34
6066,11,434,27
6067,11,435,27
6068,11,436,34
6069,11,437,34
6070,11,438,27
6071,11,439,27
6072,11,440,34
6073,11,441,34
6074,11,442,27
6075,11,443,27
6076,11,444,34
6077,11,445,34
6078,11,446,27
6079,11,447,27
6080,11,448,34
6081,11,449,34
6082,11,450,27
6083,11,451,27
6084,11,452,34
6085,11,453,34
6086,11,454,27
6087,11,455,27
6088,11,456,34
6089,11,457,34
6090,11,458,27
6091,11,459,27
6092,11,460,34
6093,11,461,34
6094,11,462,27
6095,11,463,27
6096,11,464,34
6097,11,465,34
6098,11,466,27
6099,11,467,27
6100,11,468,34
6101,11,469,34
6102,11,470,27
6103,11,471,27
6104,11,472,34
6105,11,473,34
6106,11,474,27
6107,11,475,27
6108,11,476,34
6109,11,477,34
6110,11,478,27
6111,11,479,27
6112,11,480,34
6113,11,481,34
6114,11,482,27
6115,11,483,27
6116,11,484,34
6117,11,485,34
6118,11,486,27
6119,11,487,27
6120,11,488,34
6121,11,489,34
6122,11,490,27
6123,11,491,27
6124,11,492,34
6125,11,493,34
6126,11,494,27
6127,11,495,27
6128,11,496,34
6129,11,497,34
6130,11,498,27
6131,11,499,27
6132,11,500,34
6133,11,501,34
6134,11,502,27
6135,11,503,27
6136,11,504,34
6137,11,505,34
6138,11,506,27
6139,11,507,27
6140,11,508,34
6141,11,509,34
6142,11,510,27
6143,11,511,27
6144,12,0,44
6145,12,1,30
6146,12,2,30
6147,12,3,38
6148,12,4,27
6149,12,5,27
6150,12,6,38
6151,12,7,27
6152,12,8,38
6153,12,9,27
6154,12,10,27
6155,12,11,38
6156,12,12,27
6157,12,13,38
6158,12,14,27
6159,12,15,27
6160,12,16,38
6161,12,17,27
6162,12,18,38
6163,12,19,27
6164,12,20,27
6165,12,21,38
6166,12,22,36
6167,12,23,27
6168,12,24,27
6169,12,25,27
6170,12,26,38
6171,12,27,27
6172,12,28,27
6173,12,29,38
6174,12,30,27
6175,12,31,38
6176,12,32,27
6177,12,33,27
6178,12,34,38
6179,12,35,27
6180,12,36,38
6181,12,37,27
6182,12,38,27
6183,12,39,38
6184,12,40,27
6185,12,41,38
6186,12,42,27
6187,12,43,27
6188,12,44,38
6189,12,45,27
6190,12,46,27
6191,12,47,27
6192,12,48,27
6193,12,49,38
6194,12,50,27
6195,12,51,27
6196,12,52,27
6197,12,53,27
6198,12,54,38
6199,12,55,27
6200,12,56,27
6201,12,57,27
6202,12,58,27
6203,12,59,38
6204,12,60,27
6205,12,61,27
6206,12,62,41
6207,12,63,30
6208,12,64,38
6209,12,65,27
6210,12,66,27
6211,12,67,38
6212,12,68,27
6213,12,69,38
6214,12,70,27
6215,12,71,27
6216,12,72,38
6217,12,73,27
6218,12,74,38
6219,12,75,27
6220,12,76,27
6221,12,77,38
6222,12,78,27
6223,12,79,27
6224,12,80,27
6225,12,81,27
6226,12,82,38
6227,12,83,27
6228,12,84,27
6229,12,85,27
6230,12,86,27
6231,12,87,38
6232,12,88,27
6233,12,89,27
6234,12,90,27
6235,12,91,27
6236,12,92,38
6237,12,93,27
6238,12,94,27
6239,12,95,27
6240,12,96,27
6241,12,97,38
6242,12,98,27
6243,12,99,27
6244,12,100,38
6245,12,101,27
6246,12,102,38
6247,12,103,27
6248,12,104,27
6249,12,105,38
6250,12,106,27
6251,12,107,38
6252,12,108,27
6253,12,109,27
6254,12,110,38
6255,12,111,27
6256,12,112,38
6257,12,113,27
6258,12,114,27
6259,12,115,38
6260,12,116,27
6261,12,117,27
6262,12,118,27
6263,12,119,27
6264,12,120,38
6265,12,121,27
6266,12,122,27
6267,12,123,27
6268,12,124,27
6269,12,125,38
6270,12,126,30
6271,12,127,27
6272,12,128,27
6273,12,129,27
6274,12,130,38
6275,12,131,27
6276,12,132,27
6277,12,133,27
6278,12,134,27
6279,12,135,38
6280,12,136,27
6281,12,137,27
6282,12,138,38
6283,12,139,27
6284,12,140,38
6285,12,141,27
6286,12,142,27
6287,12,143,38
6288,12,144,27
6289,12,145,38
6290,12,146,27
6291,12,147,27
6292,12,148,38
6293,12,149,27
6294,12,150,38
6295,12,151,27
6296,12,152,27
6297,12,153,38
6298,12,154,27
6299,12,155,27
6300,12,156,27
6301,12,157,27
6302,12,158,38
6303,12,159,27
6304,12,160,27
6305,12,161,27
6306,12,162,27
6307,12,163,38
6308,12,164,27
6309,12,165,27
6310,12,166,27
6311,12,167,27
6312,12,168,38
6313,12,169,27
6314,12,170,27
6315,12,171,27
6316,12,172,27
6317,12,173,38
6318,12,174,27
6319,12,175,27
6320,12,176,38
6321,12,177,27
6322,12,178,38
6323,12,179,27
6324,12,180,27
6325,12,181,38
6326,12,182,27
6327,12,183,38
6328,12,184,27
6329,12,185,27
6330,12,186,38
6331,12,187,27
6332,12,188,38
6333,12,189,27
6334,12,190,30
6335,12,191,38
6336,12,192,27
6337,12,193,27
6338,12,194,27
6339,12,195,27
6340,12,196,38
6341,12,197,27
6342,12,198,27
6343,12,199,27
6344,12,200,27
6345,12,201,38
6346,12,202,27
6347,12,203,27
6348,12,204,27
6349,12,205,27
6350,12,206,38
6351,12,207,27
6352,12,208,27
6353,12,209,27
6354,12,210,27
6355,12,211,38
6356,12,212,27
6357,12,213,27
6358,12,214,38
6359,12,215,27
6360,12,216,38
6361,12,217,27
6362,12,218,27
6363,12,219,38
6364,12,220,27
6365,12,221,38
6366,12,222,27
6367,12,223,27
6368,12,224,38
6369,12,225,27
6370,12,226,38
6371,12,227,27
6372,12,228,27
6373,12,229,38
6374,12,230,27
6375,12,231,27
6376,12,232,27
6377,12,233,27
6378,12,234,38
6379,12,235,27
6380,12,236,27
6381,12,237,27
6382,12,238,27
6383,12,239,38
6384,12,240,27
6385,12,241,27
6386,12,242,27
6387,12,243,27
6388,12,244,38
6389,12,245,27
6390,12,246,27
6391,12,247,27
6392,12,248,27
6393,12,249,38
6394,12,250,27
6395,12,251,27
6396,12,252,27
6397,12,253,27
6398,12,254,41
6399,12,255,27
6400,12,256,27
6401,12,257,38
6402,12,258,27
6403,12,259,38
6404,12,260,27
6405,12,261,27
6406,12,262,38
6407,12,263,27
6408,12,264,38
6409,12,265,27
6410,12,266,27
6411,12,267,38
6412,12,268,27
6413,12,269,27
6414,12,270,27
6415,12,271,27
6416,12,272,38
6417,12,273,27
6418,12,274,27
6419,12,275,27
6420,12,276,27
6421,12,277,38
6422,12,278,27
6423,12,279,27
6424,12,280,27
6425,12,281,27
6426,12,282,38
6427,12,283,27
6428,12,284,27
6429,12,285,27
6430,12,286,27
6431,12,287,38
6432,12,288,27
6433,12,289,27
6434,12,290,38
6435,12,291,27
6436,12,292,38
6437,12,293,27
6438,12,294,27
6439,12,295,38
6440,12,296,27
6441,12,297,38
6442,12,298,27
6443,12,299,27
6444,12,300,38
6445,12,301,27
6446,12,302,38
6447,12,303,27
6448,12,304,27
6449,12,305,38
6450,12,306,27
6451,12,307,38
6452,12,308,27
6453,12,309,27
6454,12,310,38
6455,12,311,27
6456,12,312,27
6457,12,313,27
6458,12,314,27
6459,12,315,38
6460,12,316,27
6461,12,317,27
6462,12,318,27
6463,12,319,27
6464,12,320,38
6465,12,321,27
6466,12,322,27
6467,12,323,27
6468,12,324,27
6469,12,325,38
6470,12,326,27
6471,12,327,27
6472,12,328,38
6473,12,329,27
6474,12,330,38
6475,12,331,27
6476,12,332,27
6477,12,333,38
6478,12,334,27
6479,12,335,38
6480,12,336,27
6481,12,337,27
6482,12,338,38
6483,12,339,27
6484,12,340,38
6485,12,341,27
6486,12,342,27
6487,12,343,38
6488,12,344,27
6489,12,345,27
6490,12,346,27
6491,12,347,27
6492,12,348,38
6493,12,349,27
6494,12,350,27
6495,12,351,27
6496,12,352,27
6497,12,353,38
6498,12,354,27
6499,12,355,27
6500,12,356,27
6501,12,357,27
6502,12,358,38
6503,12,359,27
6504,12,360,27
6505,12,361,27
6506,12,362,27
6507,12,363,38
6508,12,364,27
6509,12,365,27
6510,12,366,27
6511,12,367,27
6512,12,368,38
6513,12,369,27
6514,12,370,27
6515,12,371,38
6516,12,372,27
6517,12,373,38
6518,12,374,27
6519,12,375,27
6520,12,376,38
6521,12,377,27
6522,12,378,38
6523,12,379,27
6524,12,380,27
6525,12,381,38
6526,12,382,30
6527,12,383,27
6528,12,384,27
6529,12,385,27
6530,12,386,38
6531,12,387,27
6532,12,388,27
6533,12,389,27
6534,12,390,27
6535,12,391,38
6536,12,392,27
6537,12,393,27
6538,12,394,27
6539,12,395,27
6540,12,396,38
6541,12,397,27
6542,12,398,27
6543,12,399,27
6544,12,400,27
6545,12,401,38
6546,12,402,27
6547,12,403,27
6548,12,404,38
6549,12,405,27
6550,12,406,38
6551,12,407,27
6552,12,408,27
6553,12,409,38
6554,12,410,27
6555,12,411,38
6556,12,412,27
6557,12,413,27
6558,12,414,38
6559,12,415,27
6560,12,416,38
6561,12,417,27
6562,12,418,27
6563,12,419,38
6564,12,420,27
6565,12,421,38
6566,12,422,27
6567,12,423,27
6568,12,424,38
6569,12,425,27
6570,12,426,27
6571,12,427,27
6572,12,428,27
6573,12,429,38
6574,12,430,27
6575,12,431,27
6576,12,432,27
6577,12,433,27
6578,12,434,38
6579,12,435,27
6580,12,436,27
6581,12,437,27
6582,12,438,27
6583,12,439,38
6584,12,440,27
6585,12,441,27
6586,12,442,27
6587,12,443,27
6588,12,444,38
6589,12,445,27
6590,12,446,30
6591,12,447,38
6592,12,448,27
6593,12,449,38
6594,12,450,27
6595,12,451,27
6596,12,452,38
6597,12,453,27
6598,12,454,38
6599,12,455,27
6600,12,456,27
6601,12,457,38
6602,12,458,27
6603,12,459,27
6604,12,460,27
6605,12,461,27
6606,12,462,38
6607,12,463,27
6608,12,464,27
6609,12,465,27
6610,12,466,27
6611,12,467,38
6612,12,468,27
6613,12,469,27
6614,12,470,27
6615,12,471,27
6616,12,472,38
6617,12,473,27
6618,12,474,27
6619,12,475,27
6620,12,476,27
6621,12,477,38
6622,12,478,27
6623,12,479,27
6624,12,480,27
6625,12,481,27
6626,12,482,38
6627,12,483,27
6628,12,484,27
6629,12,485,38
6630,12,486,27
6631,12,487,38
6632,12,488,27
6633,12,489,27
6634,12,490,38
6635,12,491,27
6636,12,492,38
6637,12,493,27
6638,12,494,27
6639,12,495,38
6640,12,496,27
6641,12,497,38
6642,12,498,27
6643,12,499,27
6644,12,500,38
6645,12,501,27
6646,12,502,27
6647,12,503,27
6648,12,504,27
6649,12,505,38
6650,12,506,27
6651,12,507,27
6652,12,508,27
6653,12,509,27
6654,12,510,38
6655,12,511,27
6656,13,0,50
6657,13,1,36
6658,13,2,37
6659,13,3,37
6660,13,4,30
6661,13,5,31
6662,13,6,50
6663,13,7,30
6664,13,8,31
6665,13,9,31
6666,13,10,30
6667,13,11,30
6668,13,12,31
6669,13,13,28
6670,13,14,27
6671,13,15,27
6672,13,16,27
6673,13,17,28
6674,13,18,28
6675,13,19,28
6676,13,20,28
6677,13,21,28
6678,13,22,27
6679,13,23,27
6680,13,24,27
6681,13,25,27
6682,13,26,27
6683,13,27,28
6684,13,28,28
6685,13,29,28
6686,13,30,28
6687,13,31,28
6688,13,32,27
6689,13,33,27
6690,13,34,27
6691,13,35,27
6692,13,36,27
6693,13,37,28
6694,13,38,28
6695,13,39,28
6696,13,40,28
6697,13,41,28
6698,13,42,27
6699,13,43,27
6700,13,44,27
6701,13,45,27
6702,13,46,28
6703,13,47,28
6704,13,48,28
6705,13,49,28
6706,13,50,28
6707,13,51,28
6708,13,52,27
6709,13,53,27
6710,13,54,27
6711,13,55,27
6712,13,56,28
6713,13,57,28
6714,13,58,28
6715,13,59,28
6716,13,60,28
6717,13,61,27
6718,13,62,27
6719,13,63,30
6720,13,64,27
6721,13,65,28
6722,13,66,28
6723,13,67,28
6724,13,68,28
6725,13,69,28
6726,13,70,27
6727,13,71,27
6728,13,72,27
6729,13,73,27
6730,13,74,27
6731,13,75,28
6732,13,76,28
6733,13,77,28
6734,13,78,28
6735,13,79,28
6736,13,80,27
6737,13,81,27
6738,13,82,27
6739,13,83,27
6740,13,84,28
6741,13,85,28
6742,13,86,28
6743,13,87,28
6744,13,88,28
6745,13,89,28
6746,13,90,27
6747,13,91,27
6748,13,92,27
6749,13,93,27
6750,13,94,28
6751,13,95,28
6752,13,96,28
6753,13,97,28
6754,13,98,28
6755,13,99,27
6756,13,100,27
6757,13,101,27
6758,13,102,27
6759,13,103,27
6760,13,104,28
6761,13,105,28
6762,13,106,28
6763,13,107,28
6764,13,108,28
6765,13,109,27
6766,13,110,27
6767,13,111,27
6768,13,112,27
6769,13,113,27
6770,13,114,28
6771,13,115,28
6772,13,116,28
6773,13,117,28
6774,13,118,28
6775,13,119,27
6776,13,120,27
6777,13,121,27
6778,13,122,27
6779,13,123,28
6780,13,124,28
6781,13,125,28
6782,13,126,31
6783,13,127,28
6784,13,128,27
6785,13,129,27
6786,13,130,27
6787,13,131,27
6788,13,132,27
6789,13,133,28
6790,13,134,28
6791,13,135,28
6792,13,136,28
6793,13,137,28
6794,13,138,27
6795,13,139,27
6796,13,140,27
6797,13,141,27
6798,13,142,28
6799,13,143,28
6800,13,144,28
6801,13,145,28
6802,13,146,28
6803,13,147,27
6804,13,148,27
6805,13,149,27
6806,13,150,27
6807,13,151,27
6808,13,152,28
6809,13,153,28
6810,13,154,28
6811,13,155,28
6812,13,156,28
6813,13,157,27
6814,13,158,27
6815,13,159,27
6816,13,160,27
6817,13,161,27
6818,13,162,28
6819,13,163,28
6820,13,164,28
6821,13,165,28
6822,13,166,28
6823,13,167,27
6824,13,168,27
6825,13,169,27
6826,13,170,27
6827,13,171,28
6828,13,172,28
6829,13,173,28
6830,13,174,28
6831,13,175,28
6832,13,176,28
6833,13,177,27
6834,13,178,27
6835,13,179,27
6836,13,180,27
6837,13,181,28
6838,13,182,28
6839,13,183,28
6840,13,184,28
6841,13,185,28
6842,13,186,27
6843,13,187,27
6844,13,188,27
6845,13,189,27
6846,13,190,31
6847,13,191,28
6848,13,192,28
6849,13,193,28
6850,13,194,28
6851,13,195,28
6852,13,196,27
6853,13,197,27
6854,13,198,27
6855,13,199,27
6856,13,200,28
6857,13,201,28
6858,13,202,28
6859,13,203,28
6860,13,204,28
6861,13,205,27
6862,13,206,27
6863,13,207,27
6864,13,208,27
6865,13,209,27
6866,13,210,28
6867,13,211,28
6868,13,212,28
6869,13,213,28
6870,13,214,28
6871,13,215,27
6872,13,216,27
6873,13,217,27
6874,13,218,27
6875,13,219,27
6876,13,220,28
6877,13,221,28
6878,13,222,28
6879,13,223,28
6880,13,224,28
6881,13,225,27
6882,13,226,27
6883,13,227,27
6884,13,228,27
6885,13,229,28
6886,13,230,28
6887,13,231,28
6888,13,232,28
6889,13,233,28
6890,13,234,27
6891,13,235,27
6892,13,236,27
6893,13,237,27
6894,13,238,27
6895,13,239,28
6896,13,240,28
6897,13,241,28
6898,13,242,28
6899,13,243,28
6900,13,244,27
6901,13,245,27
6902,13,246,27
6903,13,247,27
6904,13,248,27
6905,13,249,28
6906,13,250,28
6907,13,251,28
6908,13,252,28
6909,13,253,28
6910,13,254,27
6911,13,255,27
6912,13,256,27
6913,13,257,27
6914,13,258,28
6915,13,259,28
6916,13,260,28
6917,13,261,28
6918,13,262,28
6919,13,263,27
6920,13,264,27
6921,13,265,27
6922,13,266,27
6923,13,267,27
6924,13,268,28
6925,13,269,28
6926,13,270,28
6927,13,271,28
6928,13,272,28
6929,13,273,27
6930,13,274,27
6931,13,275,27
6932,13,276,27
6933,13,277,28
6934,13,278,28
6935,13,279,28
6936,13,280,28
6937,13,281,28
6938,13,282,28
6939,13,283,27
6940,13,284,27
6941,13,285,27
6942,13,286,27
6943,13,287,28
6944,13,288,28
6945,13,289,28
6946,13,290,28
6947,13,291,28
6948,13,292,27
6949,13,293,27
6950,13,294,27
6951,13,295,27
6952,13,296,27
6953,13,297,28
6954,13,298,28
6955,13,299,28
6956,13,300,28
6957,13,301,28
6958,13,302,27
6959,13,303,27
6960,13,304,27
6961,13,305,27
6962,13,306,27
6963,13,307,28
6964,13,308,28
6965,13,309,28
6966,13,310,28
6967,13,311,28
6968,13,312,27
6969,13,313,27
6970,13,314,27
6971,13,315,27
6972,13,316,28
6973,13,317,28
6974,13,318,31
6975,13,319,28
6976,13,320,28
6977,13,321,27
6978,13,322,27
6979,13,323,27
6980,13,324,27
6981,13,325,27
6982,13,326,28
6983,13,327,28
6984,13,328,28
6985,13,329,28
6986,13,330,28
6987,13,331,27
6988,13,332,27
6989,13,333,27
6990,13,334,27
6991,13,335,28
6992,13,336,28
6993,13,337,28
6994,13,338,28
6995,13,339,28
6996,13,340,27
6997,13,341,27
6998,13,342,27
6999,13,343,27
7000,13,344,27
7001,13,345,28
7002,13,346,28
7003,13,347,28
7004,13,348,28
7005,13,349,28
7006,13,350,27
7007,13,351,27
7008,13,352,27
7009,13,353,27
7010,13,354,27
7011,13,355,28
7012,13,356,28
7013,13,357,28
7014,13,358,28
7015,13,359,28
7016,13,360,27
7017,13,361,27
7018,13,362,27
7019,13,363,27
7020,13,364,28
7021,13,365,28
7022,13,366,28
7023,13,367,28
7024,13,368,28
7025,13,369,28
7026,13,370,27
7027,13,371,27
7028,13,372,27
7029,13,373,27
7030,13,374,28
7031,13,375,28
7032,13,376,28
7033,13,377,28
7034,13,378,28
7035,13,379,27
7036,13,380,27
7037,13,381,27
7038,13,382,30
7039,13,383,28
7040,13,384,28
7041,13,385,28
7042,13,386,28
7043,13,387,28
7044,13,388,28
7045,13,389,27
7046,13,390,27
7047,13,391,27
7048,13,392,27
7049,13,393,28
7050,13,394,28
7051,13,395,28
7052,13,396,28
7053,13,397,28
7054,13,398,27
7055,13,399,27
7056,13,400,27
7057,13,401,27
7058,13,402,27
7059,13,403,28
7060,13,404,28
7061,13,405,28
7062,13,406,28
7063,13,407,28
7064,13,408,27
7065,13,409,27
7066,13,410,27
7067,13,411,27
7068,13,412,27
7069,13,413,28
7070,13,414,28
7071,13,415,28
7072,13,416,28
7073,13,417,28
7074,13,418,27
7075,13,419,27
7076,13,420,27
7077,13,421,27
7078,13,422,28
7079,13,423,28
7080,13,424,28
7081,13,425,28
7082,13,426,28
7083,13,427,27
7084,13,428,27
7085,13,429,27
7086,13,430,27
7087,13,431,27
7088,13,432,28
7089,13,433,28
7090,13,434,28
7091,13,435,28
7092,13,436,28
7093,13,437,27
7094,13,438,27
7095,13,439,27
7096,13,440,27
7097,13,441,27
7098,13,442,28
7099,13,443,28
7100,13,444,28
7101,13,445,28
7102,13,446,31
7103,13,447,27
7104,13,448,27
7105,13,449,27
7106,13,450,27
7107,13,451,28
7108,13,452,28
7109,13,453,28
7110,13,454,28
7111,13,455,28
7112,13,456,27
7113,13,457,27
7114,13,458,27
7115,13,459,27
7116,13,460,27
7117,13,461,28
7118,13,462,28
7119,13,463,28
7120,13,464,28
7121,13,465,28
7122,13,466,27
7123,13,467,27
7124,13,468,27
7125,13,469,27
7126,13,470,28
7127,13,471,28
7128,13,472,28
7129,13,473,28
7130,13,474,28
7131,13,475,28
7132,13,476,27
7133,13,477,27
7134,13,478,27
7135,13,479,27
7136,13,480,28
7137,13,481,28
7138,13,482,28
7139,13,483,28
7140,13,484,28
7141,13,485,27
7142,13,486,27
7143,13,487,27
7144,13,488,27
7145,13,489,27
7146,13,490,28
7147,13,491,28
7148,13,492,28
7149,13,493,28
7150,13,494,28
7151,13,495,27
7152,13,496,27
7153,13,497,27
7154,13,498,27
7155,13,499,27
7156,13,500,28
7157,13,501,28
7158,13,502,28
7159,13,503,28
7160,13,504,28
7161,13,505,27
7162,13,506,27
7163,13,507,27
7164,13,508,27
7165,13,509,28
7166,13,510,28
7167,13,511,28
7168,14,0,40
7169,14,1,37
7170,14,2,37
7171,14,3,27
7172,14,4,34
7173,14,5,34
7174,14,6,34
7175,14,7,27
7176,14,8,34
7177,14,9,34
7178,14,10,34
7179,14,11,27
7180,14,12,34
7181,14,13,34
7182,14,14,34
7183,14,15,27
7184,14,16,34
7185,14,17,34
7186,14,18,34
7187,14,19,27
7188,14,20,34
7189,14,21,34
7190,14,22,34
7191,14,23,27
7192,14,24,34
7193,14,25,34
7194,14,26,34
7195,14,27,27
7196,14,28,34
7197,14,29,34
7198,14,30,34
7199,14,31,27
7200,14,32,34
7201,14,33,34
7202,14,34,34
7203,14,35,27
7204,14,36,34
7205,14,37,34
7206,14,38,34
7207,14,39,27
7208,14,40,34
7209,14,41,34
7210,14,42,34
7211,14,43,27
7212,14,44,34
7213,14,45,34
7214,14,46,34
7215,14,47,27
7216,14,48,34
7217,14,49,34
7218,14,50,34
7219,14,51,27
7220,14,52,34
7221,14,53,34
7222,14,54,34
7223,14,55,27
7224,14,56,34
7225,14,57,34
7226,14,58,34
7227,14,59,27
7228,14,60,34
7229,14,61,34
7230,14,62,37
7231,14,63,30
7232,14,64,34
7233,14,65,34
7234,14,66,27
7235,14,67,27
7236,14,68,34
7237,14,69,34
7238,14,70,27
7239,14,71,27
7240,14,72,34
7241,14,73,34
7242,14,74,27
7243,14,75,27
7244,14,76,34
7245,14,77,34
7246,14,78,27
7247,14,79,27
7248,14,80,34
7249,14,81,34
7250,14,82,27
7251,14,83,27
7252,14,84,34
7253,14,85,34
7254,14,86,27
7255,14,87,27
7256,14,88,34
7257,14,89,34
7258,14,90,27
7259,14,91,27
7260,14,92,34
7261,14,93,34
7262,14,94,27
7263,14,95,27
7264,14,96,34
7265,14,97,34
7266,14,98,27
7267,14,99,27
7268,14,100,34
7269,14,101,34
7270,14,102,27
7271,14,103,27
7272,14,104,34
7273,14,105,34
7274,14,106,27
7275,14,107,27
7276,14,108,34
7277,14,109,34
7278,14,110,27
7279,14,111,27
7280,14,112,34
7281,14,113,34
7282,14,114,27
7283,14,115,27
7284,14,116,34
7285,14,117,34
7286,14,118,27
7287,14,119,27
7288,14,120,34
7289,14,121,34
7290,14,122,27
7291,14,123,27
7292,14,124,34
7293,14,125,34
7294,14,126,30
7295,14,127,27
7296,14,128,34
7297,14,129,34
7298,14,130,27
7299,14,131,27
7300,14,132,34
7301,14,133,34
7302,14,134,27
7303,14,135,27
7304,14,136,34
7305,14,137,34
7306,14,138,27
7307,14,139,27
7308,14,140,34
7309,14,141,34
7310,14,142,27
7311,14,143,27
7312,14,144,34
7313,14,145,34
7314,14,146,27
7315,14,147,27
7316,14,148,34
7317,14,149,34
7318,14,150,27
7319,14,151,27
7320,14,152,34
7321,14,153,34
7322,14,154,27
7323,14,155,27
7324,14,156,34
7325,14,157,34
7326,14,158,27
7327,14,159,27
7328,14,160,34
7329,14,161,34
7330,14,162,27
7331,14,163,27
7332,14,164,34
7333,14,165,34
7334,14,166,27
7335,14,167,27
7336,14,168,34
7337,14,169,34
7338,14,170,27
7339,14,171,27
7340,14,172,34
7341,14,173,34
7342,14,174,27
7343,14,175,27
7344,14,176,34
7345,14,177,34
7346,14,178,27
7347,14,179,27
7348,14,180,34
7349,14,181,34
7350,14,182,27
7351,14,183,27
7352,14,184,34
7353,14,185,34
7354,14,186,27
7355,14,187,27
7356,14,188,34
7357,14,189,34
7358,14,190,27
7359,14,191,34
7360,14,192,34
7361,14,193,34
7362,14,194,27
7363,14,195,34
7364,14,196,34
7365,14,197,34
7366,14,198,27
7367,14,199,34
7368,14,200,34
7369,14,201,34
7370,14,202,27
7371,14,203,34
7372,14,204,34
7373,14,205,34
7374,14,206,27
7375,14,207,34
7376,14,208,34
7377,14,209,34
7378,14,210,27
7379,14,211,34
7380,14,212,34
7381,14,213,34
7382,14,214,27
7383,14,215,34
7384,14,216,34
7385,14,217,34
7386,14,218,27
7387,14,219,34
7388,14,220,34
7389,14,221,34
7390,14,222,27
7391,14,223,34
7392,14,224,34
7393,14,225,34
7394,14,226,27
7395,14,227,34
7396,14,228,34
7397,14,229,34
7398,14,230,27
7399,14,231,34
7400,14,232,34
7401,14,233,34
7402,14,234,27
7403,14,235,34
7404,14,236,34
7405,14,237,34
7406,14,238,27
7407,14,239,34
7408,14,240,34
7409,14,241,34
7410,14,242,27
7411,14,243,34
7412,14,244,34
7413,14,245,34
7414,14,246,27
7415,14,247,34
7416,14,248,34
7417,14,249,34
7418,14,250,27
7419,14,251,34
7420,14,252,34
7421,14,253,34
7422,14,254,30
7423,14,255,34
7424,14,256,34
7425,14,257,34
7426,14,258,27
7427,14,259,34
7428,14,260,34
7429,14,261,34
7430,14,262,27
7431,14,263,34
7432,14,264,34
7433,14,265,34
7434,14,266,27
7435,14,267,34
7436,14,268,34
7437,14,269,34
7438,14,270,27
7439,14,271,34
7440,14,272,34
7441,14,273,34
7442,14,274,27
7443,14,275,34
7444,14,276,34
7445,14,277,34
7446,14,278,27
7447,14,279,34
7448,14,280,34
7449,14,281,34
7450,14,282,27
7451,14,283,34
7452,14,284,34
7453,14,285,34
7454,14,286,27
7455,14,287,34
7456,14,288,34
7457,14,289,34
7458,14,290,27
7459,14,291,34
7460,14,292,34
7461,14,293,34
7462,14,294,27
7463,14,295,34
7464,14,296,34
7465,14,297,34
7466,14,298,27
7467,14,299,34
7468,14,300,34
7469,14,301,34
7470,14,302,27
7471,14,303,34
7472,14,304,34
7473,14,305,34
7474,14,306,27
7475,14,307,34
7476,14,308,34
7477,14,309,34
7478,14,310,27
7479,14,311,34
7480,14,312,34
7481,14,313,34
7482,14,314,27
7483,14,315,34
7484,14,316,34
7485,14,317,34
7486,14,318,30
7487,14,319,34
7488,14,320,34
7489,14,321,27
7490,14,322,27
7491,14,323,34
7492,14,324,34
7493,14,325,27
7494,14,326,27
7495,14,327,34
7496,14,328,34
7497,14,329,27
7498,14,330,27
7499,14,331,34
7500,14,332,34
7501,14,333,27
7502,14,334,27
7503,14,335,34
7504,14,336,34
7505,14,337,27
7506,14,338,27
7507,14,339,34
7508,14,340,34
7509,14,341,27
7510,14,342,27
7511,14,343,34
7512,14,344,34
7513,14,345,27
7514,14,346,27
7515,14,347,34
7516,14,348,34
7517,14,349,27
7518,14,350,27
7519,14,351,34
7520,14,352,34
7521,14,353,27
7522,14,354,27
7523,14,355,34
7524,14,356,34
7525,14,357,27
7526,14,358,27
7527,14,359,34
7528,14,360,34
7529,14,361,27
7530,14,362,27
7531,14,363,34
7532,14,364,34
7533,14,365,27
7534,14,366,27
7535,14,367,34
7536,14,368,34
7537,14,369,27
7538,14,370,27
7539,14,371,34
7540,14,372,34
7541,14,373,27
7542,14,374,27
7543,14,375,34
7544,14,376,34
7545,14,377,27
7546,14,378,27
7547,14,379,34
7548,14,380,34
7549,14,381,27
7550,14,382,30
7551,14,383,34
7552,14,384,34
7553,14,385,27
7554,14,386,27
7555,14,387,34
7556,14,388,34
7557,14,389,27
7558,14,390,27
7559,14,391,34
7560,14,392,34
7561,14,393,27
7562,14,394,27
7563,14,395,34
7564,14,396,34
7565,14,397,27
7566,14,398,27
7567,14,399,34
7568,14,400,34
7569,14,401,27
7570,14,402,27
7571,14,403,34
7572,14,404,34
7573,14,405,27
7574,14,406,27
7575,14,407,34
7576,14,408,34
7577,14,409,27
7578,14,410,27
7579,14,411,34
7580,14,412,34
7581,14,413,27
7582,14,414,27
7583,14,415,34
7584,14,416,34
7585,14,417,27
7586,14,418,27
7587,14,419,34
7588,14,420,34
7589,14,421,27
7590,14,422,27
7591,14,423,34
7592,14,424,34
7593,14,425,27
7594,14,426,27
7595,14,427,34
7596,14,428,34
7597,14,429,27
7598,14,430,27
7599,14,431,34
7600,14,432,34
7601,14,433,27
7602,14,434,27
7603,14,435,34
7604,14,436,34
7605,14,437,27
7606,14,438,27
7607,14,439,34
7608,14,440,34
7609,14,441,27
7610,14,442,27
7611,14,443,34
7612,14,444,34
7613,14,445,27
7614,14,446,27
7615,14,447,34
7616,14,448,34
7617,14,449,27
7618,14,450,27
7619,14,451,34
7620,14,452,34
7621,14,453,27
7622,14,454,27
7623,14,455,34
7624,14,456,34
7625,14,457,27
7626,14,458,27
7627,14,459,34
7628,14,460,34
7629,14,461,27
7630,14,462,27
7631,14,463,34
7632,14,464,34
7633,14,465,27
7634,14,466,27
7635,14,467,34
7636,14,468,34
7637,14,469,27
7638,14,470,27
7639,14,471,34
7640,14,472,34
7641,14,473,27
7642,14,474,27
7643,14,475,34
7644,14,476,34
7645,14,477,27
7646,14,478,27
7647,14,479,34
7648,14,480,34
7649,14,481,27
7650,14,482,27
7651,14,483,34
7652,14,484,34
7653,14,485,27
7654,14,486,27
7655,14,487,34
7656,14,488,34
7657,14,489,27
7658,14,490,27
7659,14,491,34
7660,14,492,34
7661,14,493,27
7662,14,494,27
7663,14,495,34
7664,14,496,34
7665,14,497,27
7666,14,498,27
7667,14,499,34
7668,14,500,34
7669,14,501,27
7670,14,502,27
7671,14,503,34
7672,14,504,34
7673,14,505,27
7674,14,506,27
7675,14,507,34
7676,14,508,34
7677,14,509,27
7678,14,510,27
7679,14,511,34
7680,15,0,50
7681,15,1,48
7682,15,2,50
7683,15,3,48
7684,15,4,44
7685,15,5,44
7686,15,6,44
7687,15,7,44
7688,15,8,44
7689,15,9,36
7690,15,10,44
7691,15,11,44
7692,15,12,44
7693,15,13,44
7694,15,14,44
7695,15,15,44
7696,15,16,36
7697,15,17,44
7698,15,18,44
7699,15,19,36
7700,15,20,44
7701,15,21,44
7702,15,22,44
7703,15,23,44
7704,15,24,44
7705,15,25,44
7706,15,26,36
7707,15,27,44
7708,15,28,44
7709,15,29,44
7710,15,30,44
7711,15,31,44
7712,15,32,44
7713,15,33,36
7714,15,34,44
7715,15,35,44
7716,15,36,36
7717,15,37,44
7718,15,38,44
7719,15,39,44
7720,15,40,44
7721,15,41,44
7722,15,42,44
7723,15,43,36
7724,15,44,44
7725,15,45,44
7726,15,46,36
7727,15,47,44
7728,15,48,44
7729,15,49,44
7730,15,50,44
7731,15,51,44
7732,15,52,44
7733,15,53,36
7734,15,54,44
7735,15,55,44
7736,15,56,44
7737,15,57,44
7738,15,58,44
7739,15,59,44
7740,15,60,36
7741,15,61,44
7742,15,62,48
7743,15,63,48
7744,15,64,44
7745,15,65,44
7746,15,66,44
7747,15,67,36
7748,15,68,44
7749,15,69,44
7750,15,70,44
7751,15,71,44
7752,15,72,44
7753,15,73,44
7754,15,74,36
7755,15,75,44
7756,15,76,44
7757,15,77,36
7758,15,78,44
7759,15,79,44
7760,15,80,44
7761,15,81,44
7762,15,82,44
7763,15,83,44
7764,15,84,36
7765,15,85,44
7766,15,86,44
7767,15,87,44
7768,15,88,44
7769,15,89,44
7770,15,90,44
7771,15,91,36
7772,15,92,44
7773,15,93,44
7774,15,94,36
7775,15,95,44
7776,15,96,44
7777,15,97,44
7778,15,98,44
7779,15,99,44
7780,15,100,44
7781,15,101,36
7782,15,102,44
7783,15,103,44
7784,15,104,36
7785,15,105,44
7786,15,106,44
7787,15,107,44
7788,15,108,44
7789,15,109,44
7790,15,110,44
7791,15,111,36
7792,15,112,44
7793,15,113,44
7794,15,114,44
7795,15,115,44
7796,15,116,44
7797,15,117,44
7798,15,118,36
7799,15,119,44
7800,15,120,44
7801,15,121,36
7802,15,122,44
7803,15,123,44
7804,15,124,44
7805,15,125,44
7806,15,126,48
7807,15,127,44
7808,15,128,36
7809,15,129,44
7810,15,130,44
7811,15,131,44
7812,15,132,44
7813,15,133,44
7814,15,134,44
7815,15,135,36
7816,15,136,44
7817,15,137,44
7818,15,138,44
7819,15,139,44
7820,15,140,44
7821,15,141,44
7822,15,142,36
7823,15,143,44
7824,15,144,44
7825,15,145,36
7826,15,146,44
7827,15,147,44
7828,15,148,44
7829,15,149,44
7830,15,150,44
7831,15,151,44
7832,15,152,36
7833,15,153,44
7834,15,154,44
7835,15,155,36
7836,15,156,44
7837,15,157,44
7838,15,158,44
7839,15,159,44
7840,15,160,44
7841,15,161,44
7842,15,162,36
7843,15,163,44
7844,15,164,44
7845,15,165,44
7846,15,166,44
7847,15,167,44
7848,15,168,44
7849,15,169,36
7850,15,170,44
7851,15,171,44
7852,15,172,36
7853,15,173,44
7854,15,174,44
7855,15,175,44
7856,15,176,44
7857,15,177,44
7858,15,178,44
7859,15,179,36
7860,15,180,44
7861,15,181,44
7862,15,182,44
7863,15,183,44
7864,15,184,44
7865,15,185,44
7866,15,186,36
7867,15,187,44
7868,15,188,44
7869,15,189,36
7870,15,190,44
7871,15,191,44
7872,15,192,44
7873,15,193,36
7874,15,194,44
7875,15,195,44
7876,15,196,36
7877,15,197,44
7878,15,198,44
7879,15,199,44
7880,15,200,44
7881,15,201,44
7882,15,202,44
7883,15,203,36
7884,15,204,44
7885,15,205,44
7886,15,206,36
7887,15,207,44
7888,15,208,44
7889,15,209,44
7890,15,210,44
7891,15,211,44
7892,15,212,44
7893,15,213,36
7894,15,214,44
7895,15,215,44
7896,15,216,44
7897,15,217,44
7898,15,218,44
7899,15,219,44
7900,15,220,36
7901,15,221,44
7902,15,222,44
7903,15,223,36
7904,15,224,44
7905,15,225,44
7906,15,226,44
7907,15,227,44
7908,15,228,44
7909,15,229,44
7910,15,230,36
7911,15,231,44
7912,15,232,44
7913,15,233,44
7914,15,234,44
7915,15,235,44
7916,15,236,44
7917,15,237,36
7918,15,238,44
7919,15,239,44
7920,15,240,36
7921,15,241,44
7922,15,242,44
7923,15,243,44
7924,15,244,44
7925,15,245,44
7926,15,246,44
7927,15,247,36
7928,15,248,44
7929,15,249,44
7930,15,250,36
7931,15,251,44
7932,15,252,44
7933,15,253,44
7934,15,254,48
7935,15,255,44
7936,15,256,44
7937,15,257,36
7938,15,258,44
7939,15,259,44
7940,15,260,44
7941,15,261,44
7942,15,262,44
7943,15,263,44
7944,15,264,36
7945,15,265,44
7946,15,266,44
7947,15,267,44
7948,15,268,44
7949,15,269,44
7950,15,270,44
7951,15,271,36
7952,15,272,44
7953,15,273,44
7954,15,274,36
7955,15,275,44
7956,15,276,44
7957,15,277,44
7958,15,278,44
7959,15,279,44
7960,15,280,44
7961,15,281,36
7962,15,282,44
7963,15,283,44
7964,15,284,44
7965,15,285,44
7966,15,286,44
7967,15,287,44
7968,15,288,36
7969,15,289,44
7970,15,290,44
7971,15,291,36
7972,15,292,44
7973,15,293,44
7974,15,294,44
7975,15,295,44
7976,15,296,44
7977,15,297,44
7978,15,298,36
7979,15,299,44
7980,15,300,44
7981,15,301,36
7982,15,302,44
7983,15,303,44
7984,15,304,44
7985,15,305,44
7986,15,306,44
7987,15,307,44
7988,15,308,36
7989,15,309,44
7990,15,310,44
7991,15,311,44
7992,15,312,44
7993,15,313,44
7994,15,314,44
7995,15,315,36
7996,15,316,44
7997,15,317,44
7998,15,318,48
7999,15,319,44
8000,15,320,44
8001,15,321,44
8002,15,322,36
8003,15,323,44
8004,15,324,44
8005,15,325,36
8006,15,326,44
8007,15,327,44
8008,15,328,44
8009,15,329,44
8010,15,330,44
8011,15,331,44
8012,15,332,36
8013,15,333,44
8014,15,334,44
8015,15,335,44
8016,15,336,44
8017,15,337,44
8018,15,338,44
8019,15,339,36
8020,15,340,44
8021,15,341,44
8022,15,342,36
8023,15,343,44
8024,15,344,44
8025,15,345,44
8026,15,346,44
8027,15,347,44
8028,15,348,44
8029,15,349,36
8030,15,350,44
8031,15,351,44
8032,15,352,36
8033,15,353,44
8034,15,354,44
8035,15,355,44
8036,15,356,44
8037,15,357,44
8038,15,358,44
8039,15,359,36
8040,15,360,44
8041,15,361,44
8042,15,362,44
8043,15,363,44
8044,15,364,44
8045,15,365,44
8046,15,366,36
8047,15,367,44
8048,15,368,44
8049,15,369,36
8050,15,370,44
8051,15,371,44
8052,15,372,44
8053,15,373,44
8054,15,374,44
8055,15,375,44
8056,15,376,36
8057,15,377,44
8058,15,378,44
8059,15,379,44
8060,15,380,44
8061,15,381,44
8062,15,382,48
8063,15,383,36
8064,15,384,44
8065,15,385,44
8066,15,386,44
8067,15,387,44
8068,15,388,44
8069,15,389,44
8070,15,390,36
8071,15,391,44
8072,15,392,44
8073,15,393,36
8074,15,394,44
8075,15,395,44
8076,15,396,44
8077,15,397,44
8078,15,398,44
8079,15,399,44
8080,15,400,36
8081,15,401,44
8082,15,402,44
8083,15,403,36
8084,15,404,44
8085,15,405,44
8086,15,406,44
8087,15,407,44
8088,15,408,44
8089,15,409,44
8090,15,410,36
8091,15,411,44
8092,15,412,44
8093,15,413,44
8094,15,414,44
8095,15,415,44
8096,15,416,44
8097,15,417,36
8098,15,418,44
8099,15,419,44
8100,15,420,36
8101,15,421,44
8102,15,422,44
8103,15,423,44
8104,15,424,44
8105,15,425,44
8106,15,426,44
8107,15,427,36
8108,15,428,44
8109,15,429,44
8110,15,430,44
8111,15,431,44
8112,15,432,44
8113,15,433,44
8114,15,434,36
8115,15,435,44
8116,15,436,44
8117,15,437,36
8118,15,438,44
8119,15,439,44
8120,15,440,44
8121,15,441,44
8122,15,442,44
8123,15,443,44
8124,15,444,36
8125,15,445,44
8126,15,446,44
8127,15,447,44
8128,15,448,44
8129,15,449,44
8130,15,450,44
8131,15,451,36
8132,15,452,44
8133,15,453,44
8134,15,454,36
8135,15,455,44
8136,15,456,44
8137,15,457,44
8138,15,458,44
8139,15,459,44
8140,15,460,44
8141,15,461,36
8142,15,462,44
8143,15,463,44
8144,15,464,44
8145,15,465,44
8146,15,466,44
8147,15,467,44
8148,15,468,36
8149,15,469,44
8150,15,470,44
8151,15,471,36
8152,15,472,44
8153,15,473,44
8154,15,474,44
8155,15,475,44
8156,15,476,44
8157,15,477,44
8158,15,478,36
8159,15,479,44
8160,15,480,44
8161,15,481,44
8162,15,482,44
8163,15,483,44
8164,15,484,44
8165,15,485,36
8166,15,486,44
8167,15,487,44
8168,15,488,36
8169,15,489,44
8170,15,490,44
8171,15,491,44
8172,15,492,44
8173,15,493,44
8174,15,494,44
8175,15,495,36
8176,15,496,44
8177,15,497,44
8178,15,498,36
8179,15,499,44
8180,15,500,44
8181,15,501,44
8182,15,502,44
8183,15,503,44
8184,15,504,44
8185,15,505,36
8186,15,506,44
8187,15,507,44
8188,15,508,44
8189,15,509,44
8190,15,510,44
8191,15,511,44
8192,16,0,30
8193,16,1,47
8194,16,2,30
8195,16,3,30
8196,16,4,38
8197,16,5,50
8198,16,6,27
8199,16,7,27
8200,16,8,38
8201,16,9,27
8202,16,10,27
8203,16,11,27
8204,16,12,27
8205,16,13,38
8206,16,14,27
8207,16,15,27
8208,16,16,38
8209,16,17,27
8210,16,18,38
8211,16,19,27
8212,16,20,27
8213,16,21,38
8214,16,22,27
8215,16,23,38
8216,16,24,27
8217,16,25,27
8218,16,26,38
8219,16,27,27
8220,16,28,38
8221,16,29,27
8222,16,30,27
8223,16,31,38
8224,16,32,27
8225,16,33,27
8226,16,34,27
8227,16,35,27
8228,16,36,38
8229,16,37,27
8230,16,38,27
8231,16,39,27
8232,16,40,27
8233,16,41,38
8234,16,42,27
8235,16,43,27
8236,16,44,27
8237,16,45,27
8238,16,46,38
8239,16,47,27
8240,16,48,27
8241,16,49,27
8242,16,50,27
8243,16,51,38
8244,16,52,27
8245,16,53,27
8246,16,54,38
8247,16,55,27
8248,16,56,38
8249,16,57,27
8250,16,58,27
8251,16,59,38
8252,16,60,27
8253,16,61,38
8254,16,62,27
8255,16,63,30
8256,16,64,38
8257,16,65,27
8258,16,66,27
8259,16,67,27
8260,16,68,27
8261,16,69,38
8262,16,70,27
8263,16,71,27
8264,16,72,27
8265,16,73,27
8266,16,74,38
8267,16,75,27
8268,16,76,27
8269,16,77,27
8270,16,78,27
8271,16,79,38
8272,16,80,27
8273,16,81,27
8274,16,82,27
8275,16,83,27
8276,16,84,38
8277,16,85,27
8278,16,86,27
8279,16,87,38
8280,16,88,27
8281,16,89,38
8282,16,90,27
8283,16,91,27
8284,16,92,38
8285,16,93,27
8286,16,94,38
8287,16,95,27
8288,16,96,27
8289,16,97,38
8290,16,98,27
8291,16,99,38
8292,16,100,27
8293,16,101,27
8294,16,102,38
8295,16,103,27
8296,16,104,27
8297,16,105,27
8298,16,106,27
8299,16,107,38
8300,16,108,27
8301,16,109,27
8302,16,110,27
8303,16,111,27
8304,16,112,38
8305,16,113,27
8306,16,114,27
8307,16,115,27
8308,16,116,27
8309,16,117,38
8310,16,118,27
8311,16,119,27
8312,16,120,27
8313,16,121,27
8314,16,122,38
8315,16,123,27
8316,16,124,27
8317,16,125,27
8318,16,126,30
8319,16,127,38
8320,16,128,27
8321,16,129,27
8322,16,130,38
8323,16,131,27
8324,16,132,38
8325,16,133,27
8326,16,134,27
8327,16,135,38
8328,16,136,27
8329,16,137,38
8330,16,138,27
8331,16,139,27
8332,16,140,38
8333,16,141,27
8334,16,142,27
8335,16,143,27
8336,16,144,27
8337,16,145,38
8338,16,146,27
8339,16,147,27
8340,16,148,27
8341,16,149,27
8342,16,150,38
8343,16,151,27
8344,16,152,27
8345,16,153,27
8346,16,154,27
8347,16,155,38
8348,16,156,27
8349,16,157,27
8350,16,158,27
8351,16,159,27
8352,16,160,38
8353,16,161,27
8354,16,162,27
8355,16,163,38
8356,16,164,27
8357,16,165,38
8358,16,166,27
8359,16,167,27
8360,16,168,38
8361,16,169,27
8362,16,170,38
8363,16,171,27
8364,16,172,27
8365,16,173,38
8366,16,174,27
8367,16,175,38
8368,16,176,27
8369,16,177,27
8370,16,178,38
8371,16,179,27
8372,16,180,38
8373,16,181,27
8374,16,182,27
8375,16,183,38
8376,16,184,27
8377,16,185,27
8378,16,186,27
8379,16,187,27
8380,16,188,38
8381,16,189,27
8382,16,190,30
8383,16,191,27
8384,16,192,27
8385,16,193,38
8386,16,194,27
8387,16,195,27
8388,16,196,27
8389,16,197,27
8390,16,198,38
8391,16,199,27
8392,16,200,27
8393,16,201,38
8394,16,202,27
8395,16,203,38
8396,16,204,27
8397,16,205,27
8398,16,206,38
8399,16,207,27
8400,16,208,38
8401,16,209,27
8402,16,210,27
8403,16,211,38
8404,16,212,27
8405,16,213,38
8406,16,214,27
8407,16,215,27
8408,16,216,38
8409,16,217,27
8410,16,218,27
8411,16,219,27
8412,16,220,27
8413,16,221,38
8414,16,222,27
8415,16,223,27
8416,16,224,27
8417,16,225,27
8418,16,226,38
8419,16,227,27
8420,16,228,27
8421,16,229,27
8422,16,230,27
8423,16,231,38
8424,16,232,27
8425,16,233,27
8426,16,234,27
8427,16,235,27
8428,16,236,38
8429,16,237,27
8430,16,238,27
8431,16,239,27
8432,16,240,27
8433,16,241,38
8434,16,242,27
8435,16,243,27
8436,16,244,38
8437,16,245,27
8438,16,246,38
8439,16,247,27
8440,16,248,27
8441,16,249,38
8442,16,250,27
8443,16,251,38
8444,16,252,27
8445,16,253,27
8446,16,254,38
8447,16,255,27
8448,16,256,27
8449,16,257,27
8450,16,258,27
8451,16,259,38
8452,16,260,27
8453,16,261,27
8454,16,262,27
8455,16,263,27
8456,16,264,38
8457,16,265,27
8458,16,266,27
8459,16,267,27
8460,16,268,27
8461,16,269,38
8462,16,270,27
8463,16,271,27
8464,16,272,27
8465,16,273,27
8466,16,274,38
8467,16,275,27
8468,16,276,27
8469,16,277,38
8470,16,278,27
8471,16,279,38
8472,16,280,27
8473,16,281,27
8474,16,282,38
8475,16,283,27
8476,16,284,38
8477,16,285,27
8478,16,286,27
8479,16,287,38
8480,16,288,27
8481,16,289,38
8482,16,290,27
8483,16,291,27
8484,16,292,38
8485,16,293,27
8486,16,294,38
8487,16,295,27
8488,16,296,27
8489,16,297,38
8490,16,298,27
8491,16,299,27
8492,16,300,27
8493,16,301,27
8494,16,302,38
8495,16,303,27
8496,16,304,27
8497,16,305,27
8498,16,306,27
8499,16,307,38
8500,16,308,27
8501,16,309,27
8502,16,310,27
8503,16,311,27
8504,16,312,38
8505,16,313,27
8506,16,314,27
8507,16,315,27
8508,16,316,27
8509,16,317,38
8510,16,318,30
8511,16,319,27
8512,16,320,38
8513,16,321,27
8514,16,322,38
8515,16,323,27
8516,16,324,27
8517,16,325,38
8518,16,326,27
8519,16,327,38
8520,16,328,27
8521,16,329,27
8522,16,330,38
8523,16,331,27
8524,16,332,27
8525,16,333,27
8526,16,334,27
8527,16,335,38
8528,16,336,27
8529,16,337,27
8530,16,338,27
8531,16,339,27
8532,16,340,38
8533,16,341,27
8534,16,342,27
8535,16,343,27
8536,16,344,27
8537,16,345,38
8538,16,346,27
8539,16,347,27
8540,16,348,27
8541,16,349,27
8542,16,350,38
8543,16,351,27
8544,16,352,27
8545,16,353,27
8546,16,354,27
8547,16,355,38
8548,16,356,27
8549,16,357,27
8550,16,358,38
8551,16,359,27
8552,16,360,38
8553,16,361,27
8554,16,362,27
8555,16,363,38
8556,16,364,27
8557,16,365,38
8558,16,366,27
8559,16,367,27
8560,16,368,38
8561,16,369,27
8562,16,370,38
8563,16,371,27
8564,16,372,27
8565,16,373,38
8566,16,374,27
8567,16,375,27
8568,16,376,27
8569,16,377,27
8570,16,378,38
8571,16,379,27
8572,16,380,27
8573,16,381,27
8574,16,382,30
8575,16,383,38
8576,16,384,27
8577,16,385,27
8578,16,386,27
8579,16,387,27
8580,16,388,38
8581,16,389,27
8582,16,390,27
8583,16,391,38
8584,16,392,27
8585,16,393,38
8586,16,394,27
8587,16,395,27
8588,16,396,38
8589,16,397,27
8590,16,398,38
8591,16,399,27
8592,16,400,27
8593,16,401,38
8594,16,402,27
8595,16,403,38
8596,16,404,27
8597,16,405,27
8598,16,406,38
8599,16,407,27
8600,16,408,38
8601,16,409,27
8602,16,410,27
8603,16,411,38
8604,16,412,27
8605,16,413,27
8606,16,414,27
8607,16,415,27
8608,16,416,38
8609,16,417,27
8610,16,418,27
8611,16,419,27
8612,16,420,27
8613,16,421,38
8614,16,422,27
8615,16,423,27
8616,16,424,27
8617,16,425,27
8618,16,426,38
8619,16,427,27
8620,16,428,27
8621,16,429,27
8622,16,430,27
8623,16,431,38
8624,16,432,27
8625,16,433,27
8626,16,434,38
8627,16,435,27
8628,16,436,38
8629,16,437,27
8630,16,438,27
8631,16,439,38
8632,16,440,27
8633,16,441,38
8634,16,442,27
8635,16,443,27
8636,16,444,38
8637,16,445,27
8638,16,446,41
8639,16,447,27
8640,16,448,27
8641,16,449,38
8642,16,450,27
8643,16,451,27
8644,16,452,27
8645,16,453,27
8646,16,454,38
8647,16,455,27
8648,16,456,27
8649,16,457,27
8650,16,458,27
8651,16,459,38
8652,16,460,27
8653,16,461,27
8654,16,462,27
8655,16,463,27
8656,16,464,38
8657,16,465,27
8658,16,466,27
8659,16,467,27
8660,16,468,27
8661,16,469,38
8662,16,470,27
8663,16,471,27
8664,16,472,38
8665,16,473,27
8666,16,474,38
8667,16,475,27
8668,16,476,27
8669,16,477,38
8670,16,478,27
8671,16,479,38
8672,16,480,27
8673,16,481,27
8674,16,482,38
8675,16,483,27
8676,16,484,38
8677,16,485,27
8678,16,486,27
8679,16,487,38
8680,16,488,27
8681,16,489,27
8682,16,490,27
8683,16,491,27
8684,16,492,38
8685,16,493,27
8686,16,494,27
8687,16,495,27
8688,16,496,27
8689,16,497,38
8690,16,498,27
8691,16,499,27
8692,16,500,27
8693,16,501,27
8694,16,502,38
8695,16,503,27
8696,16,504,27
8697,16,505,27
8698,16,506,27
8699,16,507,38
8700,16,508,27
8701,16,509,27
8702,16,510,38
8703,16,511,27
8704,17,0,50
8705,17,1,37
8706,17,2,30
8707,17,3,27
8708,17,4,34
8709,17,5,34
8710,17,6,50
8711,17,7,34
8712,17,8,34
8713,17,9,27
8714,17,10,34
8715,17,11,34
8716,17,12,34
8717,17,13,27
8718,17,14,34
8719,17,15,34
8720,17,16,34
8721,17,17,27
8722,17,18,34
8723,17,19,34
8724,17,20,34
8725,17,21,27
8726,17,22,34
8727,17,23,34
8728,17,24,34
8729,17,25,27
8730,17,26,34
8731,17,27,34
8732,17,28,34
8733,17,29,27
8734,17,30,34
8735,17,31,34
8736,17,32,34
8737,17,33,27
8738,17,34,34
8739,17,35,34
8740,17,36,34
8741,17,37,27
8742,17,38,34
8743,17,39,34
8744,17,40,34
8745,17,41,27
8746,17,42,34
8747,17,43,34
8748,17,44,34
8749,17,45,27
8750,17,46,34
8751,17,47,34
8752,17,48,34
8753,17,49,27
8754,17,50,34
8755,17,51,34
8756,17,52,34
8757,17,53,27
8758,17,54,34
8759,17,55,34
8760,17,56,34
8761,17,57,27
8762,17,58,34
8763,17,59,34
8764,17,60,34
8765,17,61,27
8766,17,62,34
8767,17,63,37
8768,17,64,27
8769,17,65,27
8770,17,66,34
8771,17,67,34
8772,17,68,27
8773,17,69,27
8774,17,70,34
8775,17,71,34
8776,17,72,27
8777,17,73,27
8778,17,74,34
8779,17,75,34
8780,17,76,27
8781,17,77,27
8782,17,78,34
8783,17,79,34
8784,17,80,27
8785,17,81,27
8786,17,82,34
8787,17,83,34
8788,17,84,27
8789,17,85,27
8790,17,86,34
8791,17,87,34
8792,17,88,27
8793,17,89,27
8794,17,90,34
8795,17,91,34
8796,17,92,27
8797,17,93,27
8798,17,94,34
8799,17,95,34
8800,17,96,27
8801,17,97,27
8802,17,98,34
8803,17,99,34
8804,17,100,27
8805,17,101,27
8806,17,102,34
8807,17,103,34
8808,17,104,27
8809,17,105,27
8810,17,106,34
8811,17,107,34
8812,17,108,27
8813,17,109,27
8814,17,110,34
8815,17,111,34
8816,17,112,27
8817,17,113,27
8818,17,114,34
8819,17,115,34
8820,17,116,27
8821,17,117,27
8822,17,118,34
8823,17,119,34
8824,17,120,27
8825,17,121,27
8826,17,122,34
8827,17,123,34
8828,17,124,27
8829,17,125,27
8830,17,126,37
8831,17,127,34
8832,17,128,27
8833,17,129,27
8834,17,130,34
8835,17,131,34
8836,17,132,27
8837,17,133,27
8838,17,134,34
8839,17,135,34
8840,17,136,27
8841,17,137,27
8842,17,138,34
8843,17,139,34
8844,17,140,27
8845,17,141,27
8846,17,142,34
8847,17,143,34
8848,17,144,27
8849,17,145,27
8850,17,146,34
8851,17,147,34
8852,17,148,27
8853,17,149,27
8854,17,150,34
8855,17,151,34
8856,17,152,27
8857,17,153,27
8858,17,154,34
8859,17,155,34
8860,17,156,27
8861,17,157,27
8862,17,158,34
8863,17,159,34
8864,17,160,27
8865,17,161,27
8866,17,162,34
8867,17,163,34
8868,17,164,27
8869,17,165,27
8870,17,166,34
8871,17,167,34
8872,17,168,27
8873,17,169,27
8874,17,170,34
8875,17,171,34
8876,17,172,27
8877,17,173,27
8878,17,174,34
8879,17,175,34
8880,17,176,27
8881,17,177,27
8882,17,178,34
8883,17,179,34
8884,17,180,27
8885,17,181,27
8886,17,182,34
8887,17,183,34
8888,17,184,27
8889,17,185,27
8890,17,186,34
8891,17,187,34
8892,17,188,27
8893,17,189,27
8894,17,190,37
8895,17,191,34
8896,17,192,27
8897,17,193,34
8898,17,194,34
8899,17,195,34
8900,17,196,27
8901,17,197,34
8902,17,198,34
8903,17,199,34
8904,17,200,27
8905,17,201,34
8906,17,202,34
8907,17,203,34
8908,17,204,27
8909,17,205,34
8910,17,206,34
8911,17,207,34
8912,17,208,27
8913,17,209,34
8914,17,210,34
8915,17,211,34
8916,17,212,27
8917,17,213,34
8918,17,214,34
8919,17,215,34
8920,17,216,27
8921,17,217,34
8922,17,218,34
8923,17,219,34
8924,17,220,27
8925,17,221,34
8926,17,222,34
8927,17,223,34
8928,17,224,27
8929,17,225,34
8930,17,226,34
8931,17,227,34
8932,17,228,27
8933,17,229,34
8934,17,230,34
8935,17,231,34
8936,17,232,27
8937,17,233,34
8938,17,234,34
8939,17,235,34
8940,17,236,27
8941,17,237,34
8942,17,238,34
8943,17,239,34
8944,17,240,27
8945,17,241,34
8946,17,242,34
8947,17,243,34
8948,17,244,27
8949,17,245,34
8950,17,246,34
8951,17,247,34
8952,17,248,27
8953,17,249,34
8954,17,250,34
8955,17,251,34
8956,17,252,27
8957,17,253,34
8958,17,254,34
8959,17,255,34
8960,17,256,27
8961,17,257,34
8962,17,258,34
8963,17,259,34
8964,17,260,27
8965,17,261,34
8966,17,262,34
8967,17,263,34
8968,17,264,27
8969,17,265,34
8970,17,266,34
8971,17,267,34
8972,17,268,27
8973,17,269,34
8974,17,270,34
8975,17,271,34
8976,17,272,27
8977,17,273,34
8978,17,274,34
8979,17,275,34
8980,17,276,27
8981,17,277,34
8982,17,278,34
8983,17,279,34
8984,17,280,27
8985,17,281,34
8986,17,282,34
8987,17,283,34
8988,17,284,27
8989,17,285,34
8990,17,286,34
8991,17,287,34
8992,17,288,27
8993,17,289,34
8994,17,290,34
8995,17,291,34
8996,17,292,27
8997,17,293,34
8998,17,294,34
8999,17,295,34
9000,17,296,27
9001,17,297,34
9002,17,298,34
9003,17,299,34
9004,17,300,27
9005,17,301,34
9006,17,302,34
9007,17,303,34
9008,17,304,27
9009,17,305,34
9010,17,306,34
9011,17,307,34
9012,17,308,27
9013,17,309,34
9014,17,310,34
9015,17,311,34
9016,17,312,27
9017,17,313,34
9018,17,314,34
9019,17,315,34
9020,17,316,27
9021,17,317,34
9022,17,318,37
9023,17,319,27
9024,17,320,27
9025,17,321,34
9026,17,322,34
9027,17,323,27
9028,17,324,27
9029,17,325,34
9030,17,326,34
9031,17,327,27
9032,17,328,27
9033,17,329,34
9034,17,330,34
9035,17,331,27
9036,17,332,27
9037,17,333,34
9038,17,334,34
9039,17,335,27
9040,17,336,27
9041,17,337,34
9042,17,338,34
9043,17,339,27
9044,17,340,27
9045,17,341,34
9046,17,342,34
9047,17,343,27
9048,17,344,27
9049,17,345,34
9050,17,346,34
9051,17,347,27
9052,17,348,27
9053,17,349,34
9054,17,350,34
9055,17,351,27
9056,17,352,27
9057,17,353,34
9058,17,354,34
9059,17,355,27
9060,17,356,27
9061,17,357,34
9062,17,358,34
9063,17,359,27
9064,17,360,27
9065,17,361,34
9066,17,362,34
9067,17,363,27
9068,17,364,27
9069,17,365,34
9070,17,366,34
9071,17,367,27
9072,17,368,27
9073,17,369,34
9074,17,370,34
9075,17,371,27
9076,17,372,27
9077,17,373,34
9078,17,374,34
9079,17,375,27
9080,17,376,27
9081,17,377,34
9082,17,378,34
9083,17,379,27
9084,17,380,27
9085,17,381,34
9086,17,382,37
9087,17,383,27
9088,17,384,27
9089,17,385,34
9090,17,386,34
9091,17,387,27
9092,17,388,27
9093,17,389,34
9094,17,390,34
9095,17,391,27
9096,17,392,27
9097,17,393,34
9098,17,394,34
9099,17,395,27
9100,17,396,27
9101,17,397,34
9102,17,398,34
9103,17,399,27
9104,17,400,27
9105,17,401,34
9106,17,402,34
9107,17,403,27
9108,17,404,27
9109,17,405,34
9110,17,406,34
9111,17,407,27
9112,17,408,27
9113,17,409,34
9114,17,410,34
9115,17,411,27
9116,17,412,27
9117,17,413,34
9118,17,414,34
9119,17,415,27
9120,17,416,27
9121,17,417,34
9122,17,418,34
9123,17,419,27
9124,17,420,27
9125,17,421,34
9126,17,422,34
9127,17,423,27
9128,17,424,27
9129,17,425,34
9130,17,426,34
9131,17,427,27
9132,17,428,27
9133,17,429,34
9134,17,430,34
9135,17,431,27
9136,17,432,27
9137,17,433,34
9138,17,434,34
9139,17,435,27
9140,17,436,27
9141,17,437,34
9142,17,438,34
9143,17,439,27
9144,17,440,27
9145,17,441,34
9146,17,442,34
9147,17,443,27
9148,17,444,27
9149,17,445,34
9150,17,446,37
9151,17,447,27
9152,17,448,27
9153,17,449,34
9154,17,450,34
9155,17,451,27
9156,17,452,27
9157,17,453,34
9158,17,454,34
9159,17,455,27
9160,17,456,27
9161,17,457,34
9162,17,458,34
9163,17,459,27
9164,17,460,27
9165,17,461,34
9166,17,462,34
9167,17,463,27
9168,17,464,27
9169,17,465,34
9170,17,466,34
9171,17,467,27
9172,17,468,27
9173,17,469,34
9174,17,470,34
9175,17,471,27
9176,17,472,27
9177,17,473,34
9178,17,474,34
9179,17,475,27
9180,17,476,27
9181,17,477,34
9182,17,478,34
9183,17,479,27
9184,17,480,27
9185,17,481,34
9186,17,482,34
9187,17,483,27
9188,17,484,27
9189,17,485,34
9190,17,486,34
9191,17,487,27
9192,17,488,27
9193,17,489,34
9194,17,490,34
9195,17,491,27
9196,17,492,27
9197,17,493,34
9198,17,494,34
9199,17,495,27
9200,17,496,27
9201,17,497,34
9202,17,498,34
9203,17,499,27
9204,17,500,27
9205,17,501,34
9206,17,502,34
9207,17,503,27
9208,17,504,27
9209,17,505,34
9210,17,506,34
9211,17,507,27
9212,17,508,27
9213,17,509,34
9214,17,510,34
9215,17,511,27
9216,18,0,37
9217,18,1,37
9218,18,2,37
9219,18,3,30
9220,18,4,27
9221,18,5,34
9222,18,6,34
9223,18,7,27
9224,18,8,27
9225,18,9,34
9226,18,10,34
9227,18,11,27
9228,18,12,27
9229,18,13,34
9230,18,14,34
9231,18,15,27
9232,18,16,27
9233,18,17,34
9234,18,18,34
9235,18,19,27
9236,18,20,27
9237,18,21,34
9238,18,22,34
9239,18,23,27
9240,18,24,27
9241,18,25,34
9242,18,26,34
9243,18,27,27
9244,18,28,27
9245,18,29,34
9246,18,30,34
9247,18,31,27
9248,18,32,27
9249,18,33,34
9250,18,34,34
9251,18,35,27
9252,18,36,27
9253,18,37,34
9254,18,38,34
9255,18,39,27
9256,18,40,27
9257,18,41,34
9258,18,42,34
9259,18,43,27
9260,18,44,27
9261,18,45,34
9262,18,46,34
9263,18,47,27
9264,18,48,27
9265,18,49,34
9266,18,50,34
9267,18,51,27
9268,18,52,27
9269,18,53,34
9270,18,54,34
9271,18,55,27
9272,18,56,27
9273,18,57,34
9274,18,58,34
9275,18,59,27
9276,18,60,27
9277,18,61,34
9278,18,62,37
9279,18,63,30
9280,18,64,34
9281,18,65,34
9282,18,66,34
9283,18,67,27
9284,18,68,34
9285,18,69,34
9286,18,70,34
9287,18,71,27
9288,18,72,34
9289,18,73,34
9290,18,74,34
9291,18,75,27
9292,18,76,34
9293,18,77,34
9294,18,78,34
9295,18,79,27
9296,18,80,34
9297,18,81,34
9298,18,82,34
9299,18,83,27
9300,18,84,34
9301,18,85,34
9302,18,86,34
9303,18,87,27
9304,18,88,34
9305,18,89,34
9306,18,90,34
9307,18,91,27
9308,18,92,34
9309,18,93,34
9310,18,94,34
9311,18,95,27
9312,18,96,34
9313,18,97,34
9314,18,98,34
9315,18,99,27
9316,18,100,34
9317,18,101,34
9318,18,102,34
9319,18,103,27
9320,18,104,34
9321,18,105,34
9322,18,106,34
9323,18,107,27
9324,18,108,34
9325,18,109,34
9326,18,110,34
9327,18,111,27
9328,18,112,34
9329,18,113,34
9330,18,114,34
9331,18,115,27
9332,18,116,34
9333,18,117,34
9334,18,118,34
9335,18,119,27
9336,18,120,34
9337,18,121,34
9338,18,122,34
9339,18,123,27
9340,18,124,34
9341,18,125,34
9342,18,126,37
9343,18,127,27
9344,18,128,34
9345,18,129,34
9346,18,130,27
9347,18,131,27
9348,18,132,34
9349,18,133,34
9350,18,134,27
9351,18,135,27
9352,18,136,34
9353,18,137,34
9354,18,138,27
9355,18,139,27
9356,18,140,34
9357,18,141,34
9358,18,142,27
9359,18,143,27
9360,18,144,34
9361,18,145,34
9362,18,146,27
9363,18,147,27
9364,18,148,34
9365,18,149,34
9366,18,150,27
9367,18,151,27
9368,18,152,34
9369,18,153,34
9370,18,154,27
9371,18,155,27
9372,18,156,34
9373,18,157,34
9374,18,158,27
9375,18,159,27
9376,18,160,34
9377,18,161,34
9378,18,162,27
9379,18,163,27
9380,18,164,34
9381,18,165,34
9382,18,166,27
9383,18,167,27
9384,18,168,34
9385,18,169,34
9386,18,170,27
9387,18,171,27
9388,18,172,34
9389,18,173,34
9390,18,174,27
9391,18,175,27
9392,18,176,34
9393,18,177,34
9394,18,178,27
9395,18,179,27
9396,18,180,34
9397,18,181,34
9398,18,182,27
9399,18,183,27
9400,18,184,34
9401,18,185,34
9402,18,186,27
9403,18,187,27
9404,18,188,34
9405,18,189,34
9406,18,190,27
9407,18,191,27
9408,18,192,34
9409,18,193,34
9410,18,194,27
9411,18,195,27
9412,18,196,34
9413,18,197,34
9414,18,198,27
9415,18,199,27
9416,18,200,34
9417,18,201,34
9418,18,202,27
9419,18,203,27
9420,18,204,34
9421,18,205,34
9422,18,206,27
9423,18,207,27
9424,18,208,34
9425,18,209,34
9426,18,210,27
9427,18,211,27
9428,18,212,34
9429,18,213,34
9430,18,214,27
9431,18,215,27
9432,18,216,34
9433,18,217,34
9434,18,218,27
9435,18,219,27
9436,18,220,34
9437,18,221,34
9438,18,222,27
9439,18,223,27
9440,18,224,34
9441,18,225,34
9442,18,226,27
9443,18,227,27
9444,18,228,34
9445,18,229,34
9446,18,230,27
9447,18,231,27
9448,18,232,34
9449,18,233,34
9450,18,234,27
9451,18,235,27
9452,18,236,34
9453,18,237,34
9454,18,238,27
9455,18,239,27
9456,18,240,34
9457,18,241,34
9458,18,242,27
9459,18,243,27
9460,18,244,34
9461,18,245,34
9462,18,246,27
9463,18,247,27
9464,18,248,34
9465,18,249,34
9466,18,250,27
9467,18,251,27
9468,18,252,34
9469,18,253,34
9470,18,254,30
9471,18,255,27
9472,18,256,34
9473,18,257,34
9474,18,258,27
9475,18,259,27
9476,18,260,34
9477,18,261,34
9478,18,262,27
9479,18,263,27
9480,18,264,34
9481,18,265,34
9482,18,266,27
9483,18,267,27
9484,18,268,34
9485,18,269,34
9486,18,270,27
9487,18,271,27
9488,18,272,34
9489,18,273,34
9490,18,274,27
9491,18,275,27
9492,18,276,34
9493,18,277,34
9494,18,278,27
9495,18,279,27
9496,18,280,34
9497,18,281,34
9498,18,282,27
9499,18,283,27
9500,18,284,34
9501,18,285,34
9502,18,286,27
9503,18,287,27
9504,18,288,34
9505,18,289,34
9506,18,290,27
9507,18,291,27
9508,18,292,34
9509,18,293,34
9510,18,294,27
9511,18,295,27
9512,18,296,34
9513,18,297,34
9514,18,298,27
9515,18,299,27
9516,18,300,34
9517,18,301,34
9518,18,302,27
9519,18,303,27
9520,18,304,34
9521,18,305,34
9522,18,306,27
9523,18,307,27
9524,18,308,34
9525,18,309,34
9526,18,310,27
9527,18,311,27
9528,18,312,34
9529,18,313,34
9530,18,314,27
9531,18,315,27
9532,18,316,34
9533,18,317,34
9534,18,318,30
9535,18,319,34
9536,18,320,34
9537,18,321,34
9538,18,322,27
9539,18,323,34
9540,18,324,34
9541,18,325,34
9542,18,326,27
9543,18,327,34
9544,18,328,34
9545,18,329,34
9546,18,330,27
9547,18,331,34
9548,18,332,34
9549,18,333,34
9550,18,334,27
9551,18,335,34
9552,18,336,34
9553,18,337,34
9554,18,338,27
9555,18,339,34
9556,18,340,34
9557,18,341,34
9558,18,342,27
9559,18,343,34
9560,18,344,34
9561,18,345,34
9562,18,346,27
9563,18,347,34
9564,18,348,34
9565,18,349,34
9566,18,350,27
9567,18,351,34
9568,18,352,34
9569,18,353,34
9570,18,354,27
9571,18,355,34
9572,18,356,34
9573,18,357,34
9574,18,358,27
9575,18,359,34
9576,18,360,34
9577,18,361,34
9578,18,362,27
9579,18,363,34
9580,18,364,34
9581,18,365,34
9582,18,366,27
9583,18,367,34
9584,18,368,34
9585,18,369,34
9586,18,370,27
9587,18,371,34
9588,18,372,34
9589,18,373,34
9590,18,374,27
9591,18,375,34
9592,18,376,34
9593,18,377,34
9594,18,378,27
9595,18,379,34
9596,18,380,34
9597,18,381,34
9598,18,382,30
9599,18,383,34
9600,18,384,34
9601,18,385,34
9602,18,386,27
9603,18,387,34
9604,18,388,34
9605,18,389,34
9606,18,390,27
9607,18,391,34
9608,18,392,34
9609,18,393,34
9610,18,394,27
9611,18,395,34
9612,18,396,34
9613,18,397,34
9614,18,398,27
9615,18,399,34
9616,18,400,34
9617,18,401,34
9618,18,402,27
9619,18,403,34
9620,18,404,34
9621,18,405,34
9622,18,406,27
9623,18,407,34
9624,18,408,34
9625,18,409,34
9626,18,410,27
9627,18,411,34
9628,18,412,34
9629,18,413,34
9630,18,414,27
9631,18,415,34
9632,18,416,34
9633,18,417,34
9634,18,418,27
9635,18,419,34
9636,18,420,34
9637,18,421,34
9638,18,422,27
9639,18,423,34
9640,18,424,34
9641,18,425,34
9642,18,426,27
9643,18,427,34
9644,18,428,34
9645,18,429,34
9646,18,430,27
9647,18,431,34
9648,18,432,34
9649,18,433,34
9650,18,434,27
9651,18,435,34
9652,18,436,34
9653,18,437,34
9654,18,438,27
9655,18,439,34
9656,18,440,34
9657,18,441,34
9658,18,442,27
9659,18,443,34
9660,18,444,34
9661,18,445,34
9662,18,446,27
9663,18,447,34
9664,18,448,34
9665,18,449,27
9666,18,450,27
9667,18,451,34
9668,18,452,34
9669,18,453,27
9670,18,454,27
9671,18,455,34
9672,18,456,34
9673,18,457,27
9674,18,458,27
9675,18,459,34
9676,18,460,34
9677,18,461,27
9678,18,462,27
9679,18,463,34
9680,18,464,34
9681,18,465,27
9682,18,466,27
9683,18,467,34
9684,18,468,34
9685,18,469,27
9686,18,470,27
9687,18,471,34
9688,18,472,34
9689,18,473,27
9690,18,474,27
9691,18,475,34
9692,18,476,34
9693,18,477,27
9694,18,478,27
9695,18,479,34
9696,18,480,34
9697,18,481,27
9698,18,482,27
9699,18,483,34
9700,18,484,34
9701,18,485,27
9702,18,486,27
9703,18,487,34
9704,18,488,34
9705,18,489,27
9706,18,490,27
9707,18,491,34
9708,18,492,34
9709,18,493,27
9710,18,494,27
9711,18,495,34
9712,18,496,34
9713,18,497,27
9714,18,498,27
9715,18,499,34
9716,18,500,34
9717,18,501,27
9718,18,502,27
9719,18,503,34
9720,18,504,34
9721,18,505,27
9722,18,506,27
9723,18,507,34
9724,18,508,34
9725,18,509,27
9726,18,510,27
9727,18,511,34
9728,19,0,50
9729,19,1,30
9730,19,2,37
9731,19,3,34
9732,19,4,34
9733,19,5,27
9734,19,6,50
9735,19,7,27
9736,19,8,50
9737,19,9,27
9738,19,10,34
9739,19,11,34
9740,19,12,27
9741,19,13,27
9742,19,14,34
9743,19,15,34
9744,19,16,27
9745,19,17,27
9746,19,18,34
9747,19,19,34
9748,19,20,27
9749,19,21,27
9750,19,22,34
9751,19,23,34
9752,19,24,27
9753,19,25,27
9754,19,26,34
9755,19,27,34
9756,19,28,27
9757,19,29,27
9758,19,30,34
9759,19,31,34
9760,19,32,27
9761,19,33,27
9762,19,34,34
9763,19,35,34
9764,19,36,27
9765,19,37,27
9766,19,38,34
9767,19,39,34
9768,19,40,27
9769,19,41,27
9770,19,42,34
9771,19,43,34
9772,19,44,27
9773,19,45,27
9774,19,46,34
9775,19,47,34
9776,19,48,27
9777,19,49,27
9778,19,50,34
9779,19,51,34
9780,19,52,27
9781,19,53,27
9782,19,54,34
9783,19,55,34
9784,19,56,27
9785,19,57,27
9786,19,58,34
9787,19,59,34
9788,19,60,27
9789,19,61,27
9790,19,62,37
9791,19,63,34
9792,19,64,27
9793,19,65,27
9794,19,66,34
9795,19,67,34
9796,19,68,27
9797,19,69,27
9798,19,70,34
9799,19,71,34
9800,19,72,27
9801,19,73,27
9802,19,74,34
9803,19,75,34
9804,19,76,27
9805,19,77,27
9806,19,78,34
9807,19,79,34
9808,19,80,27
9809,19,81,27
9810,19,82,34
9811,19,83,34
9812,19,84,27
9813,19,85,27
9814,19,86,34
9815,19,87,34
9816,19,88,27
9817,19,89,27
9818,19,90,34
9819,19,91,34
9820,19,92,27
9821,19,93,27
9822,19,94,34
9823,19,95,34
9824,19,96,27
9825,19,97,27
9826,19,98,34
9827,19,99,34
9828,19,100,27
9829,19,101,27
9830,19,102,34
9831,19,103,34
9832,19,104,27
9833,19,105,27
9834,19,106,34
9835,19,107,34
9836,19,108,27
9837,19,109,27
9838,19,110,34
9839,19,111,34
9840,19,112,27
9841,19,113,27
9842,19,114,34
9843,19,115,34
9844,19,116,27
9845,19,117,27
9846,19,118,34
9847,19,119,34
9848,19,120,27
9849,19,121,27
9850,19,122,34
9851,19,123,34
9852,19,124,27
9853,19,125,27
9854,19,126,34
9855,19,127,34
9856,19,128,27
9857,19,129,34
9858,19,130,34
9859,19,131,34
9860,19,132,27
9861,19,133,34
9862,19,134,34
9863,19,135,34
9864,19,136,27
9865,19,137,34
9866,19,138,34
9867,19,139,34
9868,19,140,27
9869,19,141,34
9870,19,142,34
9871,19,143,34
9872,19,144,27
9873,19,145,34
9874,19,146,34
9875,19,147,34
9876,19,148,27
9877,19,149,34
9878,19,150,34
9879,19,151,34
9880,19,152,27
9881,19,153,34
9882,19,154,34
9883,19,155,34
9884,19,156,27
9885,19,157,34
9886,19,158,34
9887,19,159,34
9888,19,160,27
9889,19,161,34
9890,19,162,34
9891,19,163,34
9892,19,164,27
9893,19,165,34
9894,19,166,34
9895,19,167,34
9896,19,168,27
9897,19,169,34
9898,19,170,34
9899,19,171,34
9900,19,172,27
9901,19,173,34
9902,19,174,34
9903,19,175,34
9904,19,176,27
9905,19,177,34
9906,19,178,34
9907,19,179,34
9908,19,180,27
9909,19,181,34
9910,19,182,34
9911,19,183,34
9912,19,184,27
9913,19,185,34
9914,19,186,34
9915,19,187,34
9916,19,188,27
9917,19,189,34
9918,19,190,37
9919,19,191,34
9920,19,192,27
9921,19,193,34
9922,19,194,34
9923,19,195,34
9924,19,196,27
9925,19,197,34
9926,19,198,34
9927,19,199,34
9928,19,200,27
9929,19,201,34
9930,19,202,34
9931,19,203,34
9932,19,204,27
9933,19,205,34
9934,19,206,34
9935,19,207,34
9936,19,208,27
9937,19,209,34
9938,19,210,34
9939,19,211,34
9940,19,212,27
9941,19,213,34
9942,19,214,34
9943,19,215,34
9944,19,216,27
9945,19,217,34
9946,19,218,34
9947,19,219,34
9948,19,220,27
9949,19,221,34
9950,19,222,34
9951,19,223,34
9952,19,224,27
9953,19,225,34
9954,19,226,34
9955,19,227,34
9956,19,228,27
9957,19,229,34
9958,19,230,34
9959,19,231,34
9960,19,232,27
9961,19,233,34
9962,19,234,34
9963,19,235,34
9964,19,236,27
9965,19,237,34
9966,19,238,34
9967,19,239,34
9968,19,240,27
9969,19,241,34
9970,19,242,34
9971,19,243,34
9972,19,244,27
9973,19,245,34
9974,19,246,34
9975,19,247,34
9976,19,248,27
9977,19,249,34
9978,19,250,34
9979,19,251,34
9980,19,252,27
9981,19,253,34
9982,19,254,37
9983,19,255,27
9984,19,256,27
9985,19,257,34
9986,19,258,34
9987,19,259,27
9988,19,260,27
9989,19,261,34
9990,19,262,34
9991,19,263,27
9992,19,264,27
9993,19,265,34
9994,19,266,34
9995,19,267,27
9996,19,268,27
9997,19,269,34
9998,19,270,34
9999,19,271,27
10000,19,272,27
10001,19,273,34
10002,19,274,34
10003,19,275,27
10004,19,276,27
10005,19,277,34
10006,19,278,34
10007,19,279,27
10008,19,280,27
10009,19,281,34
10010,19,282,34
10011,19,283,27
10012,19,284,27
10013,19,285,34
10014,19,286,34
10015,19,287,27
10016,19,288,27
10017,19,289,34
10018,19,290,34
10019,19,291,27
10020,19,292,27
10021,19,293,34
10022,19,294,34
10023,19,295,27
10024,19,296,27
10025,19,297,34
10026,19,298,34
10027,19,299,27
10028,19,300,27
10029,19,301,34
10030,19,302,34
10031,19,303,27
10032,19,304,27
10033,19,305,34
10034,19,306,34
10035,19,307,27
10036,19,308,27
10037,19,309,34
10038,19,310,34
10039,19,311,27
10040,19,312,27
10041,19,313,34
10042,19,314,34
10043,19,315,27
10044,19,316,27
10045,19,317,34
10046,19,318,37
10047,19,319,27
10048,19,320,27
10049,19,321,34
10050,19,322,34
10051,19,323,27
10052,19,324,27
10053,19,325,34
10054,19,326,34
10055,19,327,27
10056,19,328,27
10057,19,329,34
10058,19,330,34
10059,19,331,27
10060,19,332,27
10061,19,333,34
10062,19,334,34
10063,19,335,27
10064,19,336,27
10065,19,337,34
10066,19,338,34
10067,19,339,27
10068,19,340,27
10069,19,341,34
10070,19,342,34
10071,19,343,27
10072,19,344,27
10073,19,345,34
10074,19,346,34
10075,19,347,27
10076,19,348,27
10077,19,349,34
10078,19,350,34
10079,19,351,27
10080,19,352,27
10081,19,353,34
10082,19,354,34
10083,19,355,27
10084,19,356,27
10085,19,357,34
10086,19,358,34
10087,19,359,27
10088,19,360,27
10089,19,361,34
10090,19,362,34
10091,19,363,27
10092,19,364,27
10093,19,365,34
10094,19,366,34
10095,19,367,27
10096,19,368,27
10097,19,369,34
10098,19,370,34
10099,19,371,27
10100,19,372,27
10101,19,373,34
10102,19,374,34
10103,19,375,27
10104,19,376,27
10105,19,377,34
10106,19,378,34
10107,19,379,27
10108,19,380,27
10109,19,381,34
10110,19,382,34
10111,19,383,27
10112,19,384,27
10113,19,385,34
10114,19,386,34
10115,19,387,27
10116,19,388,27
10117,19,389,34
10118,19,390,34
10119,19,391,27
10120,19,392,27
10121,19,393,34
10122,19,394,34
10123,19,395,27
10124,19,396,27
10125,19,397,34
10126,19,398,34
10127,19,399,27
10128,19,400,27
10129,19,401,34
10130,19,402,34
10131,19,403,27
10132,19,404,27
10133,19,405,34
10134,19,406,34
10135,19,407,27
10136,19,408,27
10137,19,409,34
10138,19,410,34
10139,19,411,27
10140,19,412,27
10141,19,413,34
10142,19,414,34
10143,19,415,27
10144,19,416,27
10145,19,417,34
10146,19,418,34
10147,19,419,27
10148,19,420,27
10149,19,421,34
10150,19,422,34
10151,19,423,27
10152,19,424,27
10153,19,425,34
10154,19,426,34
10155,19,427,27
10156,19,428,27
10157,19,429,34
10158,19,430,34
10159,19,431,27
10160,19,432,27
10161,19,433,34
10162,19,434,34
10163,19,435,27
10164,19,436,27
10165,19,437,34
10166,19,438,34
10167,19,439,27
10168,19,440,27
10169,19,441,34
10170,19,442,34
10171,19,443,27
10172,19,444,27
10173,19,445,34
10174,19,446,37
10175,19,447,27
10176,19,448,34
10177,19,449,34
10178,19,450,34
10179,19,451,27
10180,19,452,34
10181,19,453,34
10182,19,454,34
10183,19,455,27
10184,19,456,34
10185,19,457,34
10186,19,458,34
10187,19,459,27
10188,19,460,34
10189,19,461,34
10190,19,462,34
10191,19,463,27
10192,19,464,34
10193,19,465,34
10194,19,466,34
10195,19,467,27
10196,19,468,34
10197,19,469,34
10198,19,470,34
10199,19,471,27
10200,19,472,34
10201,19,473,34
10202,19,474,34
10203,19,475,27
10204,19,476,34
10205,19,477,34
10206,19,478,34
10207,19,479,27
10208,19,480,34
10209,19,481,34
10210,19,482,34
10211,19,483,27
10212,19,484,34
10213,19,485,34
10214,19,486,34
10215,19,487,27
10216,19,488,34
10217,19,489,34
10218,19,490,34
10219,19,491,27
10220,19,492,34
10221,19,493,34
10222,19,494,34
10223,19,495,27
10224,19,496,34
10225,19,497,34
10226,19,498,34
10227,19,499,27
10228,19,500,34
10229,19,501,34
10230,19,502,34
10231,19,503,27
10232,19,504,34
10233,19,505,34
10234,19,506,34
10235,19,507,27
10236,19,508,34
10237,19,509,34
10238,19,510,34
10239,19,511,27
10240,20,0,40
10241,20,1,37
10242,20,2,37
10243,20,3,30
10244,20,4,27
10245,20,5,50
10246,20,6,34
10247,20,7,34
10248,20,8,34
10249,20,9,27
10250,20,10,34
10251,20,11,34
10252,20,12,27
10253,20,13,27
10254,20,14,34
10255,20,15,34
10256,20,16,27
10257,20,17,27
10258,20,18,34
10259,20,19,34
10260,20,20,27
10261,20,21,27
10262,20,22,34
10263,20,23,34
10264,20,24,27
10265,20,25,27
10266,20,26,34
10267,20,27,34
10268,20,28,27
10269,20,29,27
10270,20,30,34
10271,20,31,34
10272,20,32,27
10273,20,33,27
10274,20,34,34
10275,20,35,34
10276,20,36,27
10277,20,37,27
10278,20,38,34
10279,20,39,34
10280,20,40,27
10281,20,41,27
10282,20,42,34
10283,20,43,34
10284,20,44,27
10285,20,45,27
10286,20,46,34
10287,20,47,34
10288,20,48,27
10289,20,49,27
10290,20,50,34
10291,20,51,34
10292,20,52,27
10293,20,53,27
10294,20,54,34
10295,20,55,34
10296,20,56,27
10297,20,57,27
10298,20,58,34
10299,20,59,34
10300,20,60,27
10301,20,61,27
10302,20,62,37
10303,20,63,37
10304,20,64,27
10305,20,65,34
10306,20,66,34
10307,20,67,34
10308,20,68,27
10309,20,69,34
10310,20,70,34
10311,20,71,34
10312,20,72,27
10313,20,73,34
10314,20,74,34
10315,20,75,34
10316,20,76,27
10317,20,77,34
10318,20,78,34
10319,20,79,34
10320,20,80,27
10321,20,81,34
10322,20,82,34
10323,20,83,34
10324,20,84,27
10325,20,85,34
10326,20,86,34
10327,20,87,34
10328,20,88,27
10329,20,89,34
10330,20,90,34
10331,20,91,34
10332,20,92,27
10333,20,93,34
10334,20,94,34
10335,20,95,34
10336,20,96,27
10337,20,97,34
10338,20,98,34
10339,20,99,34
10340,20,100,27
10341,20,101,34
10342,20,102,34
10343,20,103,34
10344,20,104,27
10345,20,105,34
10346,20,106,34
10347,20,107,34
10348,20,108,27
10349,20,109,34
10350,20,110,34
10351,20,111,34
10352,20,112,27
10353,20,113,34
10354,20,114,34
10355,20,115,34
10356,20,116,27
10357,20,117,34
10358,20,118,34
10359,20,119,34
10360,20,120,27
10361,20,121,34
10362,20,122,34
10363,20,123,34
10364,20,124,27
10365,20,125,34
10366,20,126,37
10367,20,127,27
10368,20,128,27
10369,20,129,34
10370,20,130,34
10371,20,131,27
10372,20,132,27
10373,20,133,34
10374,20,134,34
10375,20,135,27
10376,20,136,27
10377,20,137,34
10378,20,138,34
10379,20,139,27
10380,20,140,27
10381,20,141,34
10382,20,142,34
10383,20,143,27
10384,20,144,27
10385,20,145,34
10386,20,146,34
10387,20,147,27
10388,20,148,27
10389,20,149,34
10390,20,150,34
10391,20,151,27
10392,20,152,27
10393,20,153,34
10394,20,154,34
10395,20,155,27
10396,20,156,27
10397,20,157,34
10398,20,158,34
10399,20,159,27
10400,20,160,27
10401,20,161,34
10402,20,162,34
10403,20,163,27
10404,20,164,27
10405,20,165,34
10406,20,166,34
10407,20,167,27
10408,20,168,27
10409,20,169,34
10410,20,170,34
10411,20,171,27
10412,20,172,27
10413,20,173,34
10414,20,174,34
10415,20,175,27
10416,20,176,27
10417,20,177,34
10418,20,178,34
10419,20,179,27
10420,20,180,27
10421,20,181,34
10422,20,182,34
10423,20,183,27
10424,20,184,27
10425,20,185,34
10426,20,186,34
10427,20,187,27
10428,20,188,27
10429,20,189,34
10430,20,190,37
10431,20,191,27
10432,20,192,27
10433,20,193,34
10434,20,194,34
10435,20,195,27
10436,20,196,27
10437,20,197,34
10438,20,198,34
10439,20,199,27
10440,20,200,27
10441,20,201,34
10442,20,202,34
10443,20,203,27
10444,20,204,27
10445,20,205,34
10446,20,206,34
10447,20,207,27
10448,20,208,27
10449,20,209,34
10450,20,210,34
10451,20,211,27
10452,20,212,27
10453,20,213,34
10454,20,214,34
10455,20,215,27
10456,20,216,27
10457,20,217,34
10458,20,218,34
10459,20,219,27
10460,20,220,27
10461,20,221,34
10462,20,222,34
10463,20,223,27
10464,20,224,27
10465,20,225,34
10466,20,226,34
10467,20,227,27
10468,20,228,27
10469,20,229,34
10470,20,230,34
10471,20,231,27
10472,20,232,27
10473,20,233,34
10474,20,234,34
10475,20,235,27
10476,20,236,27
10477,20,237,34
10478,20,238,34
10479,20,239,27
10480,20,240,27
10481,20,241,34
10482,20,242,34
10483,20,243,27
10484,20,244,27
10485,20,245,34
10486,20,246,34
10487,20,247,27
10488,20,248,27
10489,20,249,34
10490,20,250,34
10491,20,251,27
10492,20,252,27
10493,20,253,34
10494,20,254,37
10495,20,255,27
10496,20,256,27
10497,20,257,34
10498,20,258,34
10499,20,259,27
10500,20,260,27
10501,20,261,34
10502,20,262,34
10503,20,263,27
10504,20,264,27
10505,20,265,34
10506,20,266,34
10507,20,267,27
10508,20,268,27
10509,20,269,34
10510,20,270,34
10511,20,271,27
10512,20,272,27
10513,20,273,34
10514,20,274,34
10515,20,275,27
10516,20,276,27
10517,20,277,34
10518,20,278,34
10519,20,279,27
10520,20,280,27
10521,20,281,34
10522,20,282,34
10523,20,283,27
10524,20,284,27
10525,20,285,34
10526,20,286,34
10527,20,287,27
10528,20,288,27
10529,20,289,34
10530,20,290,34
10531,20,291,27
10532,20,292,27
10533,20,293,34
10534,20,294,34
10535,20,295,27
10536,20,296,27
10537,20,297,34
10538,20,298,34
10539,20,299,27
10540,20,300,27
10541,20,301,34
10542,20,302,34
10543,20,303,27
10544,20,304,27
10545,20,305,34
10546,20,306,34
10547,20,307,27
10548,20,308,27
10549,20,309,34
10550,20,310,34
10551,20,311,27
10552,20,312,27
10553,20,313,34
10554,20,314,34
10555,20,315,27
10556,20,316,27
10557,20,317,34
10558,20,318,34
10559,20,319,27
10560,20,320,34
10561,20,321,34
10562,20,322,34
10563,20,323,27
10564,20,324,34
10565,20,325,34
10566,20,326,34
10567,20,327,27
10568,20,328,34
10569,20,329,34
10570,20,330,34
10571,20,331,27
10572,20,332,34
10573,20,333,34
10574,20,334,34
10575,20,335,27
10576,20,336,34
10577,20,337,34
10578,20,338,34
10579,20,339,27
10580,20,340,34
10581,20,341,34
10582,20,342,34
10583,20,343,27
10584,20,344,34
10585,20,345,34
10586,20,346,34
10587,20,347,27
10588,20,348,34
10589,20,349,34
10590,20,350,34
10591,20,351,27
10592,20,352,34
10593,20,353,34
10594,20,354,34
10595,20,355,27
10596,20,356,34
10597,20,357,34
10598,20,358,34
10599,20,359,27
10600,20,360,34
10601,20,361,34
10602,20,362,34
10603,20,363,27
10604,20,364,34
10605,20,365,34
10606,20,366,34
10607,20,367,27
10608,20,368,34
10609,20,369,34
10610,20,370,34
10611,20,371,27
10612,20,372,34
10613,20,373,34
10614,20,374,34
10615,20,375,27
10616,20,376,34
10617,20,377,34
10618,20,378,34
10619,20,379,27
10620,20,380,34
10621,20,381,34
10622,20,382,37
10623,20,383,27
10624,20,384,34
10625,20,385,34
10626,20,386,34
10627,20,387,27
10628,20,388,34
10629,20,389,34
10630,20,390,34
10631,20,391,27
10632,20,392,34
10633,20,393,34
10634,20,394,34
10635,20,395,27
10636,20,396,34
10637,20,397,34
10638,20,398,34
10639,20,399,27
10640,20,400,34
10641,20,401,34
10642,20,402,34
10643,20,403,27
10644,20,404,34
10645,20,405,34
10646,20,406,34
10647,20,407,27
10648,20,408,34
10649,20,409,34
10650,20,410,34
10651,20,411,27
10652,20,412,34
10653,20,413,34
10654,20,414,34
10655,20,415,27
10656,20,416,34
10657,20,417,34
10658,20,418,34
10659,20,419,27
10660,20,420,34
10661,20,421,34
10662,20,422,34
10663,20,423,27
10664,20,424,34
10665,20,425,34
10666,20,426,34
10667,20,427,27
10668,20,428,34
10669,20,429,34
10670,20,430,34
10671,20,431,27
10672,20,432,34
10673,20,433,34
10674,20,434,34
10675,20,435,27
10676,20,436,34
10677,20,437,34
10678,20,438,34
10679,20,439,27
10680,20,440,34
10681,20,441,34
10682,20,442,34
10683,20,443,27
10684,20,444,34
10685,20,445,34
10686,20,446,37
10687,20,447,27
10688,20,448,34
10689,20,449,34
10690,20,450,27
10691,20,451,27
10692,20,452,34
10693,20,453,34
10694,20,454,27
10695,20,455,27
10696,20,456,34
10697,20,457,34
10698,20,458,27
10699,20,459,27
10700,20,460,34
10701,20,461,34
10702,20,462,27
10703,20,463,27
10704,20,464,34
10705,20,465,34
10706,20,466,27
10707,20,467,27
10708,20,468,34
10709,20,469,34
10710,20,470,27
10711,20,471,27
10712,20,472,34
10713,20,473,34
10714,20,474,27
10715,20,475,27
10716,20,476,34
10717,20,477,34
10718,20,478,27
10719,20,479,27
10720,20,480,34
10721,20,481,34
10722,20,482,27
10723,20,483,27
10724,20,484,34
10725,20,485,34
10726,20,486,27
10727,20,487,27
10728,20,488,34
10729,20,489,34
10730,20,490,27
10731,20,491,27
10732,20,492,34
10733,20,493,34
10734,20,494,27
10735,20,495,27
10736,20,496,34
10737,20,497,34
10738,20,498,27
10739,20,499,27
10740,20,500,34
10741,20,501,34
10742,20,502,27
10743,20,503,27
10744,20,504,34
10745,20,505,34
10746,20,506,27
10747,20,507,27
10748,20,508,34
10749,20,509,34
10750,20,510,27
10751,20,511,27
10752,21,0,50
10753,21,1,44
10754,21,2,50
10755,21,3,50
10756,21,4,36
10757,21,5,36
10758,21,6,36
10759,21,7,48
10760,21,8,48
10761,21,9,36
10762,21,10,36
10763,21,11,36
10764,21,12,48
10765,21,13,48
10766,21,14,36
10767,21,15,36
10768,21,16,36
10769,21,17,36
10770,21,18,48
10771,21,19,48
10772,21,20,36
10773,21,21,36
10774,21,22,36
10775,21,23,48
10776,21,24,48
10777,21,25,36
10778,21,26,36
10779,21,27,36
10780,21,28,36
10781,21,29,48
10782,21,30,48
10783,21,31,36
10784,21,32,36
10785,21,33,36
10786,21,34,48
10787,21,35,48
10788,21,36,36
10789,21,37,36
10790,21,38,36
10791,21,39,48
10792,21,40,48
10793,21,41,48
10794,21,42,36
10795,21,43,36
10796,21,44,36
10797,21,45,48
10798,21,46,48
10799,21,47,36
10800,21,48,36
10801,21,49,36
10802,21,50,48
10803,21,51,48
10804,21,52,36
10805,21,53,36
10806,21,54,36
10807,21,55,36
10808,21,56,48
10809,21,57,48
10810,21,58,36
10811,21,59,36
10812,21,60,36
10813,21,61,48
10814,21,62,50
10815,21,63,50
10816,21,64,36
10817,21,65,36
10818,21,66,36
10819,21,67,48
10820,21,68,48
10821,21,69,36
10822,21,70,36
10823,21,71,36
10824,21,72,48
10825,21,73,48
10826,21,74,36
10827,21,75,36
10828,21,76,36
10829,21,77,36
10830,21,78,48
10831,21,79,48
10832,21,80,36
10833,21,81,36
10834,21,82,36
10835,21,83,48
10836,21,84,48
10837,21,85,36
10838,21,86,36
10839,21,87,36
10840,21,88,48
10841,21,89,48
10842,21,90,48
10843,21,91,36
10844,21,92,36
10845,21,93,36
10846,21,94,48
10847,21,95,48
10848,21,96,36
10849,21,97,36
10850,21,98,36
10851,21,99,48
10852,21,100,48
10853,21,101,36
10854,21,102,36
10855,21,103,36
10856,21,104,36
10857,21,105,48
10858,21,106,48
10859,21,107,36
10860,21,108,36
10861,21,109,36
10862,21,110,48
10863,21,111,48
10864,21,112,36
10865,21,113,36
10866,21,114,36
10867,21,115,36
10868,21,116,48
10869,21,117,48
10870,21,118,36
10871,21,119,36
10872,21,120,36
10873,21,121,48
10874,21,122,48
10875,21,123,36
10876,21,124,36
10877,21,125,36
10878,21,126,50
10879,21,127,48
10880,21,128,48
10881,21,129,36
10882,21,130,36
10883,21,131,36
10884,21,132,48
10885,21,133,48
10886,21,134,36
10887,21,135,36
10888,21,136,36
10889,21,137,48
10890,21,138,48
10891,21,139,36
10892,21,140,36
10893,21,141,36
10894,21,142,36
10895,21,143,48
10896,21,144,48
10897,21,145,36
10898,21,146,36
10899,21,147,36
10900,21,148,48
10901,21,149,48
10902,21,150,36
10903,21,151,36
10904,21,152,36
10905,21,153,36
10906,21,154,48
10907,21,155,48
10908,21,156,36
10909,21,157,36
10910,21,158,36
10911,21,159,48
10912,21,160,48
10913,21,161,36
10914,21,162,36
10915,21,163,36
10916,21,164,48
10917,21,165,48
10918,21,166,48
10919,21,167,36
10920,21,168,36
10921,21,169,36
10922,21,170,48
10923,21,171,48
10924,21,172,36
10925,21,173,36
10926,21,174,36
10927,21,175,48
10928,21,176,48
10929,21,177,36
10930,21,178,36
10931,21,179,36
10932,21,180,36
10933,21,181,48
10934,21,182,48
10935,21,183,36
10936,21,184,36
10937,21,185,36
10938,21,186,48
10939,21,187,48
10940,21,188,36
10941,21,189,36
10942,21,190,36
10943,21,191,36
10944,21,192,48
10945,21,193,48
10946,21,194,36
10947,21,195,36
10948,21,196,36
10949,21,197,48
10950,21,198,48
10951,21,199,36
10952,21,200,36
10953,21,201,36
10954,21,202,48
10955,21,203,48
10956,21,204,48
10957,21,205,36
10958,21,206,36
10959,21,207,36
10960,21,208,48
10961,21,209,48
10962,21,210,36
10963,21,211,36
10964,21,212,36
10965,21,213,48
10966,21,214,48
10967,21,215,36
10968,21,216,36
10969,21,217,36
10970,21,218,36
10971,21,219,48
10972,21,220,48
10973,21,221,36
10974,21,222,36
10975,21,223,36
10976,21,224,48
10977,21,225,48
10978,21,226,36
10979,21,227,36
10980,21,228,36
10981,21,229,36
10982,21,230,48
10983,21,231,48
10984,21,232,36
10985,21,233,36
10986,21,234,36
10987,21,235,48
10988,21,236,48
10989,21,237,36
10990,21,238,36
10991,21,239,36
10992,21,240,48
10993,21,241,48
10994,21,242,36
10995,21,243,36
10996,21,244,36
10997,21,245,36
10998,21,246,48
10999,21,247,48
11000,21,248,36
11001,21,249,36
11002,21,250,36
11003,21,251,48
11004,21,252,48
11005,21,253,36
11006,21,254,40
11007,21,255,36
11008,21,256,36
11009,21,257,48
11010,21,258,48
11011,21,259,36
11012,21,260,36
11013,21,261,36
11014,21,262,48
11015,21,263,48
11016,21,264,36
11017,21,265,36
11018,21,266,36
11019,21,267,36
11020,21,268,48
11021,21,269,48
11022,21,270,36
11023,21,271,36
11024,21,272,36
11025,21,273,48
11026,21,274,48
11027,21,275,36
11028,21,276,36
11029,21,277,36
11030,21,278,48
11031,21,279,48
11032,21,280,48
11033,21,281,36
11034,21,282,36
11035,21,283,36
11036,21,284,48
11037,21,285,48
11038,21,286,36
11039,21,287,36
11040,21,288,36
11041,21,289,48
11042,21,290,48
11043,21,291,36
11044,21,292,36
11045,21,293,36
11046,21,294,36
11047,21,295,48
11048,21,296,48
11049,21,297,36
11050,21,298,36
11051,21,299,36
11052,21,300,48
11053,21,301,48
11054,21,302,36
11055,21,303,36
11056,21,304,36
11057,21,305,48
11058,21,306,48
11059,21,307,48
11060,21,308,36
11061,21,309,36
11062,21,310,36
11063,21,311,48
11064,21,312,48
11065,21,313,36
11066,21,314,36
11067,21,315,36
11068,21,316,48
11069,21,317,48
11070,21,318,50
11071,21,319,36
11072,21,320,36
11073,21,321,36
11074,21,322,48
11075,21,323,48
11076,21,324,36
11077,21,325,36
11078,21,326,36
11079,21,327,48
11080,21,328,48
11081,21,329,36
11082,21,330,36
11083,21,331,36
11084,21,332,36
11085,21,333,48
11086,21,334,48
11087,21,335,36
11088,21,336,36
11089,21,337,36
11090,21,338,48
11091,21,339,48
11092,21,340,36
11093,21,341,36
11094,21,342,36
11095,21,343,36
11096,21,344,48
11097,21,345,48
11098,21,346,36
11099,21,347,36
11100,21,348,36
11101,21,349,48
11102,21,350,48
11103,21,351,36
11104,21,352,36
11105,21,353,36
11106,21,354,48
11107,21,355,48
11108,21,356,36
11109,21,357,36
11110,21,358,36
11111,21,359,36
11112,21,360,48
11113,21,361,48
11114,21,362,36
11115,21,363,36
11116,21,364,36
11117,21,365,48
11118,21,366,48
11119,21,367,36
11120,21,368,36
11121,21,369,36
11122,21,370,36
11123,21,371,48
11124,21,372,48
11125,21,373,36
11126,21,374,36
11127,21,375,36
11128,21,376,48
11129,21,377,48
11130,21,378,36
11131,21,379,36
11132,21,380,36
11133,21,381,48
11134,21,382,50
11135,21,383,48
11136,21,384,36
11137,21,385,36
11138,21,386,36
11139,21,387,48
11140,21,388,48
11141,21,389,36
11142,21,390,36
11143,21,391,36
11144,21,392,48
11145,21,393,48
11146,21,394,48
11147,21,395,36
11148,21,396,36
11149,21,397,36
11150,21,398,48
11151,21,399,48
11152,21,400,36
11153,21,401,36
11154,21,402,36
11155,21,403,48
11156,21,404,48
11157,21,405,36
11158,21,406,36
11159,21,407,36
11160,21,408,36
11161,21,409,48
11162,21,410,48
11163,21,411,36
11164,21,412,36
11165,21,413,36
11166,21,414,48
11167,21,415,48
11168,21,416,36
11169,21,417,36
11170,21,418,36
11171,21,419,48
11172,21,420,48
11173,21,421,48
11174,21,422,36
11175,21,423,36
11176,21,424,36
11177,21,425,48
11178,21,426,48
11179,21,427,36
11180,21,428,36
11181,21,429,36
11182,21,430,48
11183,21,431,48
11184,21,432,36
11185,21,433,36
11186,21,434,36
11187,21,435,36
11188,21,436,48
11189,21,437,48
11190,21,438,36
11191,21,439,36
11192,21,440,36
11193,21,441,48
11194,21,442,48
11195,21,443,36
11196,21,444,36
11197,21,445,36
11198,21,446,36
11199,21,447,48
11200,21,448,48
11201,21,449,36
11202,21,450,36
11203,21,451,36
11204,21,452,48
11205,21,453,48
11206,21,454,36
11207,21,455,36
11208,21,456,36
11209,21,457,36
11210,21,458,48
11211,21,459,48
11212,21,460,36
11213,21,461,36
11214,21,462,36
11215,21,463,48
11216,21,464,48
11217,21,465,36
11218,21,466,36
11219,21,467,36
11220,21,468,48
11221,21,469,48
11222,21,470,36
11223,21,471,36
11224,21,472,36
11225,21,473,36
11226,21,474,48
11227,21,475,48
11228,21,476,36
11229,21,477,36
11230,21,478,36
11231,21,479,48
11232,21,480,48
11233,21,481,36
11234,21,482,36
11235,21,483,36
11236,21,484,36
11237,21,485,48
11238,21,486,48
11239,21,487,36
11240,21,488,36
11241,21,489,36
11242,21,490,48
11243,21,491,48
11244,21,492,36
11245,21,493,36
11246,21,494,36
11247,21,495,48
11248,21,496,48
11249,21,497,48
11250,21,498,36
11251,21,499,36
11252,21,500,36
11253,21,501,48
11254,21,502,48
11255,21,503,36
11256,21,504,36
11257,21,505,36
11258,21,506,48
11259,21,507,48
11260,21,508,36
11261,21,509,36
11262,21,510,36
11263,21,511,36
11264,22,0,40
11265,22,1,37
11266,22,2,30
11267,22,3,34
11268,22,4,34
11269,22,5,27
11270,22,6,27
11271,22,7,34
11272,22,8,34
11273,22,9,27
11274,22,10,27
11275,22,11,34
11276,22,12,34
11277,22,13,27
11278,22,14,27
11279,22,15,34
11280,22,16,34
11281,22,17,27
11282,22,18,27
11283,22,19,34
11284,22,20,34
11285,22,21,27
11286,22,22,27
11287,22,23,34
11288,22,24,34
11289,22,25,27
11290,22,26,27
11291,22,27,34
11292,22,28,34
11293,22,29,27
11294,22,30,27
11295,22,31,34
11296,22,32,34
11297,22,33,27
11298,22,34,27
11299,22,35,34
11300,22,36,34
11301,22,37,27
11302,22,38,27
11303,22,39,34
11304,22,40,34
11305,22,41,27
11306,22,42,27
11307,22,43,34
11308,22,44,34
11309,22,45,27
11310,22,46,27
11311,22,47,34
11312,22,48,34
11313,22,49,27
11314,22,50,27
11315,22,51,34
11316,22,52,34
11317,22,53,27
11318,22,54,27
11319,22,55,34
11320,22,56,34
11321,22,57,27
11322,22,58,27
11323,22,59,34
11324,22,60,34
11325,22,61,27
11326,22,62,27
11327,22,63,37
11328,22,64,34
11329,22,65,27
11330,22,66,27
11331,22,67,34
11332,22,68,34
11333,22,69,27
11334,22,70,27
11335,22,71,34
11336,22,72,34
11337,22,73,27
11338,22,74,27
11339,22,75,34
11340,22,76,34
11341,22,77,27
11342,22,78,27
11343,22,79,34
11344,22,80,34
11345,22,81,27
11346,22,82,27
11347,22,83,34
11348,22,84,34
11349,22,85,27
11350,22,86,27
11351,22,87,34
11352,22,88,34
11353,22,89,27
11354,22,90,27
11355,22,91,34
11356,22,92,34
11357,22,93,27
11358,22,94,27
11359,22,95,34
11360,22,96,34
11361,22,97,27
11362,22,98,27
11363,22,99,34
11364,22,100,34
11365,22,101,27
11366,22,102,27
11367,22,103,34
11368,22,104,34
11369,22,105,27
11370,22,106,27
11371,22,107,34
11372,22,108,34
11373,22,109,27
11374,22,110,27
11375,22,111,34
11376,22,112,34
11377,22,113,27
11378,22,114,27
11379,22,115,34
11380,22,116,34
11381,22,117,27
11382,22,118,27
11383,22,119,34
11384,22,120,34
11385,22,121,27
11386,22,122,27
11387,22,123,34
11388,22,124,34
11389,22,125,27
11390,22,126,37
11391,22,127,34
11392,22,128,34
11393,22,129,27
11394,22,130,34
11395,22,131,34
11396,22,132,34
11397,22,133,27
11398,22,134,34
11399,22,135,34
11400,22,136,34
11401,22,137,27
11402,22,138,34
11403,22,139,34
11404,22,140,34
11405,22,141,27
11406,22,142,34
11407,22,143,34
11408,22,144,34
11409,22,145,27
11410,22,146,34
11411,22,147,34
11412,22,148,34
11413,22,149,27
11414,22,150,34
11415,22,151,34
11416,22,152,34
11417,22,153,27
11418,22,154,34
11419,22,155,34
11420,22,156,34
11421,22,157,27
11422,22,158,34
11423,22,159,34
11424,22,160,34
11425,22,161,27
11426,22,162,34
11427,22,163,34
11428,22,164,34
11429,22,165,27
11430,22,166,34
11431,22,167,34
11432,22,168,34
11433,22,169,27
11434,22,170,34
11435,22,171,34
11436,22,172,34
11437,22,173,27
11438,22,174,34
11439,22,175,34
11440,22,176,34
11441,22,177,27
11442,22,178,34
11443,22,179,34
11444,22,180,34
11445,22,181,27
11446,22,182,34
11447,22,183,34
11448,22,184,34
11449,22,185,27
11450,22,186,34
11451,22,187,34
11452,22,188,34
11453,22,189,27
11454,22,190,37
11455,22,191,34
11456,22,192,34
11457,22,193,27
11458,22,194,34
11459,22,195,34
11460,22,196,34
11461,22,197,27
11462,22,198,34
11463,22,199,34
11464,22,200,34
11465,22,201,27
11466,22,202,34
11467,22,203,34
11468,22,204,34
11469,22,205,27
11470,22,206,34
11471,22,207,34
11472,22,208,34
11473,22,209,27
11474,22,210,34
11475,22,211,34
11476,22,212,34
11477,22,213,27
11478,22,214,34
11479,22,215,34
11480,22,216,34
11481,22,217,27
11482,22,218,34
11483,22,219,34
11484,22,220,34
11485,22,221,27
11486,22,222,34
11487,22,223,34
11488,22,224,34
11489,22,225,27
11490,22,226,34
11491,22,227,34
11492,22,228,34
11493,22,229,27
11494,22,230,34
11495,22,231,34
11496,22,232,34
11497,22,233,27
11498,22,234,34
11499,22,235,34
11500,22,236,34
11501,22,237,27
11502,22,238,34
11503,22,239,34
11504,22,240,34
11505,22,241,27
11506,22,242,34
11507,22,243,34
11508,22,244,34
11509,22,245,27
11510,22,246,34
11511,22,247,34
11512,22,248,34
11513,22,249,27
11514,22,250,34
11515,22,251,34
11516,22,252,34
11517,22,253,27
11518,22,254,34
11519,22,255,34
11520,22,256,27
11521,22,257,27
11522,22,258,34
11523,22,259,34
11524,22,260,27
11525,22,261,27
11526,22,262,34
11527,22,263,34
11528,22,264,27
11529,22,265,27
11530,22,266,34
11531,22,267,34
11532,22,268,27
11533,22,269,27
11534,22,270,34
11535,22,271,34
11536,22,272,27
11537,22,273,27
11538,22,274,34
11539,22,275,34
11540,22,276,27
11541,22,277,27
11542,22,278,34
11543,22,279,34
11544,22,280,27
11545,22,281,27
11546,22,282,34
11547,22,283,34
11548,22,284,27
11549,22,285,27
11550,22,286,34
11551,22,287,34
11552,22,288,27
11553,22,289,27
11554,22,290,34
11555,22,291,34
11556,22,292,27
11557,22,293,27
11558,22,294,34
11559,22,295,34
11560,22,296,27
11561,22,297,27
11562,22,298,34
11563,22,299,34
11564,22,300,27
11565,22,301,27
11566,22,302,34
11567,22,303,34
11568,22,304,27
11569,22,305,27
11570,22,306,34
11571,22,307,34
11572,22,308,27
11573,22,309,27
11574,22,310,34
11575,22,311,34
11576,22,312,27
11577,22,313,27
11578,22,314,34
11579,22,315,34
11580,22,316,27
11581,22,317,27
11582,22,318,37
11583,22,319,34
11584,22,320,27
11585,22,321,27
11586,22,322,34
11587,22,323,34
11588,22,324,27
11589,22,325,27
11590,22,326,34
11591,22,327,34
11592,22,328,27
11593,22,329,27
11594,22,330,34
11595,22,331,34
11596,22,332,27
11597,22,333,27
11598,22,334,34
11599,22,335,34
11600,22,336,27
11601,22,337,27
11602,22,338,34
11603,22,339,34
11604,22,340,27
11605,22,341,27
11606,22,342,34
11607,22,343,34
11608,22,344,27
11609,22,345,27
11610,22,346,34
11611,22,347,34
11612,22,348,27
11613,22,349,27
11614,22,350,34
11615,22,351,34
11616,22,352,27
11617,22,353,27
11618,22,354,34
11619,22,355,34
11620,22,356,27
11621,22,357,27
11622,22,358,34
11623,22,359,34
11624,22,360,27
11625,22,361,27
11626,22,362,34
11627,22,363,34
11628,22,364,27
11629,22,365,27
11630,22,366,34
11631,22,367,34
11632,22,368,27
11633,22,369,27
11634,22,370,34
11635,22,371,34
11636,22,372,27
11637,22,373,27
11638,22,374,34
11639,22,375,34
11640,22,376,27
11641,22,377,27
11642,22,378,34
11643,22,379,34
11644,22,380,27
11645,22,381,27
11646,22,382,37
11647,22,383,34
11648,22,384,27
11649,22,385,27
11650,22,386,34
11651,22,387,34
11652,22,388,27
11653,22,389,27
11654,22,390,34
11655,22,391,34
11656,22,392,27
11657,22,393,27
11658,22,394,34
11659,22,395,34
11660,22,396,27
11661,22,397,27
11662,22,398,34
11663,22,399,34
11664,22,400,27
11665,22,401,27
11666,22,402,34
11667,22,403,34
11668,22,404,27
11669,22,405,27
11670,22,406,34
11671,22,407,34
11672,22,408,27
11673,22,409,27
11674,22,410,34
11675,22,411,34
11676,22,412,27
11677,22,413,27
11678,22,414,34
11679,22,415,34
11680,22,416,27
11681,22,417,27
11682,22,418,34
11683,22,419,34
11684,22,420,27
11685,22,421,27
11686,22,422,34
11687,22,423,34
11688,22,424,27
11689,22,425,27
11690,22,426,34
11691,22,427,34
11692,22,428,27
11693,22,429,27
11694,22,430,34
11695,22,431,34
11696,22,432,27
11697,22,433,27
11698,22,434,34
11699,22,435,34
11700,22,436,27
11701,22,437,27
11702,22,438,34
11703,22,439,34
11704,22,440,27
11705,22,441,27
11706,22,442,34
11707,22,443,34
11708,22,444,27
11709,22,445,27
11710,22,446,37
11711,22,447,34
11712,22,448,27
11713,22,449,34
11714,22,450,34
11715,22,451,34
11716,22,452,27
11717,22,453,34
11718,22,454,34
11719,22,455,34
11720,22,456,27
11721,22,457,34
11722,22,458,34
11723,22,459,34
11724,22,460,27
11725,22,461,34
11726,22,462,34
11727,22,463,34
11728,22,464,27
11729,22,465,34
11730,22,466,34
11731,22,467,34
11732,22,468,27
11733,22,469,34
11734,22,470,34
11735,22,471,34
11736,22,472,27
11737,22,473,34
11738,22,474,34
11739,22,475,34
11740,22,476,27
11741,22,477,34
11742,22,478,34
11743,22,479,34
11744,22,480,27
11745,22,481,34
11746,22,482,34
11747,22,483,34
11748,22,484,27
11749,22,485,34
11750,22,486,34
11751,22,487,34
11752,22,488,27
11753,22,489,34
11754,22,490,34
11755,22,491,34
11756,22,492,27
11757,22,493,34
11758,22,494,34
11759,22,495,34
11760,22,496,27
11761,22,497,34
11762,22,498,34
11763,22,499,34
11764,22,500,27
11765,22,501,34
11766,22,502,34
11767,22,503,34
11768,22,504,27
11769,22,505,34
11770,22,506,34
11771,22,507,34
11772,22,508,27
11773,22,509,34
11774,22,510,34
11775,22,511,34
11776,23,0,50
11777,23,1,40
11778,23,2,43
11779,23,3,35
11780,23,4,32
11781,23,5,32
11782,23,6,50
11783,23,7,32
11784,23,8,37
11785,23,9,32
11786,23,10,32
11787,23,11,37
11788,23,12,32
11789,23,13,32
11790,23,14,37
11791,23,15,32
11792,23,16,32
11793,23,17,37
11794,23,18,32
11795,23,19,32
11796,23,20,37
11797,23,21,32
11798,23,22,32
11799,23,23,37
11800,23,24,32
11801,23,25,32
11802,23,26,37
11803,23,27,32
11804,23,28,32
11805,23,29,37
11806,23,30,32
11807,23,31,32
11808,23,32,32
11809,23,33,32
11810,23,34,32
11811,23,35,32
11812,23,36,37
11813,23,37,32
11814,23,38,32
11815,23,39,37
11816,23,40,32
11817,23,41,32
11818,23,42,37
11819,23,43,32
11820,23,44,32
11821,23,45,37
11822,23,46,32
11823,23,47,32
11824,23,48,37
11825,23,49,32
11826,23,50,32
11827,23,51,37
11828,23,52,32
11829,23,53,32
11830,23,54,37
11831,23,55,32
11832,23,56,32
11833,23,57,37
11834,23,58,32
11835,23,59,32
11836,23,60,32
11837,23,61,32
11838,23,62,35
11839,23,63,32
11840,23,64,37
11841,23,65,32
11842,23,66,32
11843,23,67,37
11844,23,68,32
11845,23,69,32
11846,23,70,32
11847,23,71,32
11848,23,72,32
11849,23,73,32
11850,23,74,37
11851,23,75,32
11852,23,76,32
11853,23,77,37
11854,23,78,32
11855,23,79,32
11856,23,80,37
11857,23,81,32
11858,23,82,32
11859,23,83,37
11860,23,84,32
11861,23,85,32
11862,23,86,37
11863,23,87,32
11864,23,88,32
11865,23,89,37
11866,23,90,32
11867,23,91,32
11868,23,92,37
11869,23,93,32
11870,23,94,32
11871,23,95,37
11872,23,96,32
11873,23,97,32
11874,23,98,32
11875,23,99,32
11876,23,100,32
11877,23,101,32
11878,23,102,37
11879,23,103,32
11880,23,104,32
11881,23,105,37
11882,23,106,32
11883,23,107,32
11884,23,108,37
11885,23,109,32
11886,23,110,32
11887,23,111,37
11888,23,112,32
11889,23,113,32
11890,23,114,37
11891,23,115,32
11892,23,116,32
11893,23,117,37
11894,23,118,32
11895,23,119,32
11896,23,120,37
11897,23,121,32
11898,23,122,32
11899,23,123,37
11900,23,124,32
11901,23,125,32
11902,23,126,32
11903,23,127,37
11904,23,128,32
11905,23,129,32
11906,23,130,37
11907,23,131,32
11908,23,132,32
11909,23,133,37
11910,23,134,32
11911,23,135,32
11912,23,136,37
11913,23,137,32
11914,23,138,32
11915,23,139,37
11916,23,140,32
11917,23,141,32
11918,23,142,37
11919,23,143,32
11920,23,144,32
11921,23,145,32
11922,23,146,32
11923,23,147,32
11924,23,148,32
11925,23,149,37
11926,23,150,32
11927,23,151,32
11928,23,152,37
11929,23,153,32
11930,23,154,32
11931,23,155,37
11932,23,156,32
11933,23,157,32
11934,23,158,37
11935,23,159,32
11936,23,160,32
11937,23,161,37
11938,23,162,32
11939,23,163,32
11940,23,164,37
11941,23,165,32
11942,23,166,32
11943,23,167,37
11944,23,168,32
11945,23,169,32
11946,23,170,37
11947,23,171,32
11948,23,172,32
11949,23,173,32
11950,23,174,32
11951,23,175,32
11952,23,176,32
11953,23,177,37
11954,23,178,32
11955,23,179,32
11956,23,180,37
11957,23,181,32
11958,23,182,32
11959,23,183,37
11960,23,184,32
11961,23,185,32
11962,23,186,37
11963,23,187,32
11964,23,188,32
11965,23,189,37
11966,23,190,35
11967,23,191,32
11968,23,192,32
11969,23,193,32
11970,23,194,32
11971,23,195,32
11972,23,196,37
11973,23,197,32
11974,23,198,32
11975,23,199,37
11976,23,200,32
11977,23,201,32
11978,23,202,37
11979,23,203,32
11980,23,204,32
11981,23,205,37
11982,23,206,32
11983,23,207,32
11984,23,208,37
11985,23,209,32
11986,23,210,32
11987,23,211,37
11988,23,212,32
11989,23,213,32
11990,23,214,37
11991,23,215,32
11992,23,216,32
11993,23,217,37
11994,23,218,32
11995,23,219,32
11996,23,220,32
11997,23,221,32
11998,23,222,32
11999,23,223,32
12000,23,224,37
12001,23,225,32
12002,23,226,32
12003,23,227,37
12004,23,228,32
12005,23,229,32
12006,23,230,37
12007,23,231,32
12008,23,232,32
12009,23,233,37
12010,23,234,32
12011,23,235,32
12012,23,236,37
12013,23,237,32
12014,23,238,32
12015,23,239,37
12016,23,240,32
12017,23,241,32
12018,23,242,37
12019,23,243,32
12020,23,244,32
12021,23,245,50
12022,23,246,30
12023,23,247,36
12024,23,248,50
12025,23,249,50
12026,23,250,27
12027,23,251,27
12028,23,252,50
12029,23,253,27
12030,23,254,30
12031,23,255,27
12032,23,256,50
12033,23,257,27
12034,23,258,27
12035,23,259,50
12036,23,260,27
12037,23,261,27
12038,23,262,50
12039,23,263,27
12040,23,264,27
12041,23,265,50
12042,23,266,27
12043,23,267,27
12044,23,268,27
12045,23,269,50
12046,23,270,27
12047,23,271,27
12048,23,272,50
12049,23,273,27
12050,23,274,27
12051,23,275,50
12052,23,276,27
12053,23,277,27
12054,23,278,50
12055,23,279,50
12056,23,280,27
12057,23,281,27
12058,23,282,50
12059,23,283,27
12060,23,284,27
12061,23,285,50
12062,23,286,27
12063,23,287,27
12064,23,288,50
12065,23,289,27
12066,23,290,27
12067,23,291,27
12068,23,292,50
12069,23,293,27
12070,23,294,27
12071,23,295,50
12072,23,296,27
12073,23,297,27
12074,23,298,50
12075,23,299,27
12076,23,300,27
12077,23,301,50
12078,23,302,27
12079,23,303,27
12080,23,304,27
12081,23,305,50
12082,23,306,27
12083,23,307,27
12084,23,308,50
12085,23,309,27
12086,23,310,27
12087,23,311,50
12088,23,312,27
12089,23,313,27
12090,23,314,50
12091,23,315,50
12092,23,316,27
12093,23,317,27
12094,23,318,50
12095,23,319,27
12096,23,320,27
12097,23,321,50
12098,23,322,27
12099,23,323,27
12100,23,324,50
12101,23,325,27
12102,23,326,27
12103,23,327,27
12104,23,328,50
12105,23,329,27
12106,23,330,27
12107,23,331,50
12108,23,332,27
12109,23,333,27
12110,23,334,50
12111,23,335,27
12112,23,336,27
12113,23,337,50
12114,23,338,50
12115,23,339,27
12116,23,340,27
12117,23,341,50
12118,23,342,27
12119,23,343,27
12120,23,344,50
12121,23,345,27
12122,23,346,27
12123,23,347,50
12124,23,348,27
12125,23,349,27
12126,23,350,27
12127,23,351,50
12128,23,352,27
12129,23,353,27
12130,23,354,50
12131,23,355,27
12132,23,356,27
12133,23,357,50
12134,23,358,27
12135,23,359,27
12136,23,360,50
12137,23,361,27
12138,23,362,27
12139,23,363,27
12140,23,364,50
12141,23,365,27
12142,23,366,27
12143,23,367,50
12144,23,368,27
12145,23,369,27
12146,23,370,50
12147,23,371,27
12148,23,372,27
12149,23,373,50
12150,23,374,50
12151,23,375,27
12152,23,376,27
12153,23,377,50
12154,23,378,27
12155,23,379,27
12156,23,380,50
12157,23,381,27
12158,23,382,30
12159,23,383,50
12160,23,384,27
12161,23,385,27
12162,23,386,27
12163,23,387,50
12164,23,388,27
12165,23,389,27
12166,23,390,50
12167,23,391,27
12168,23,392,27
12169,23,393,50
12170,23,394,27
12171,23,395,27
12172,23,396,50
12173,23,397,50
12174,23,398,27
12175,23,399,27
12176,23,400,50
12177,23,401,27
12178,23,402,27
12179,23,403,50
12180,23,404,27
12181,23,405,27
12182,23,406,50
12183,23,407,27
12184,23,408,27
12185,23,409,27
12186,23,410,50
12187,23,411,27
12188,23,412,27
12189,23,413,50
12190,23,414,27
12191,23,415,27
12192,23,416,50
12193,23,417,27
12194,23,418,27
12195,23,419,50
12196,23,420,27
12197,23,421,27
12198,23,422,27
12199,23,423,50
12200,23,424,27
12201,23,425,27
12202,23,426,50
12203,23,427,27
12204,23,428,27
12205,23,429,50
12206,23,430,27
12207,23,431,27
12208,23,432,50
12209,23,433,50
12210,23,434,27
12211,23,435,27
12212,23,436,50
12213,23,437,27
12214,23,438,27
12215,23,439,50
12216,23,440,27
12217,23,441,27
12218,23,442,50
12219,23,443,27
12220,23,444,27
12221,23,445,27
12222,23,446,50
12223,23,447,27
12224,23,448,27
12225,23,449,50
12226,23,450,27
12227,23,451,27
12228,23,452,50
12229,23,453,27
12230,23,454,27
12231,23,455,50
12232,23,456,50
12233,23,457,27
12234,23,458,27
12235,23,459,50
12236,23,460,27
12237,23,461,27
12238,23,462,50
12239,23,463,27
12240,23,464,27
12241,23,465,50
12242,23,466,27
12243,23,467,27
12244,23,468,27
12245,23,469,50
12246,23,470,27
12247,23,471,27
12248,23,472,50
12249,23,473,27
12250,23,474,27
12251,23,475,50
12252,23,476,27
12253,23,477,27
12254,23,478,50
12255,23,479,27
12256,23,480,27
12257,23,481,27
12258,23,482,50
12259,23,483,27
12260,23,484,27
12261,23,485,50
12262,23,486,27
12263,23,487,27
12264,23,488,50
12265,23,489,27
12266,23,490,27
12267,23,491,50
12268,23,492,50
12269,23,493,27
12270,23,494,27
12271,23,495,50
12272,23,496,27
12273,23,497,27
12274,23,498,50
12275,23,499,27
12276,23,500,27
12277,23,501,50
12278,23,502,27
12279,23,503,27
12280,23,504,27
12281,23,505,50
12282,23,506,27
12283,23,507,27
12284,23,508,50
12285,23,509,27
12286,23,510,27
12287,23,511,50
12288,24,0,47
12289,24,1,47
12290,24,2,36
12291,24,3,36
12292,24,4,41
12293,24,5,30
12294,24,6,30
12295,24,7,41
12296,24,8,30
12297,24,9,30
12298,24,10,30
12299,24,11,41
12300,24,12,30
12301,24,13,27
12302,24,14,38
12303,24,15,27
12304,24,16,27
12305,24,17,27
12306,24,18,27
12307,24,19,38
12308,24,20,27
12309,24,21,27
12310,24,22,38
12311,24,23,27
12312,24,24,38
12313,24,25,27
12314,24,26,27
12315,24,27,38
12316,24,28,27
12317,24,29,38
12318,24,30,27
12319,24,31,27
12320,24,32,38
12321,24,33,27
12322,24,34,38
12323,24,35,27
12324,24,36,27
12325,24,37,38
12326,24,38,27
12327,24,39,27
12328,24,40,27
12329,24,41,27
12330,24,42,38
12331,24,43,27
12332,24,44,27
12333,24,45,27
12334,24,46,27
12335,24,47,38
12336,24,48,27
12337,24,49,27
12338,24,50,27
12339,24,51,27
12340,24,52,38
12341,24,53,27
12342,24,54,27
12343,24,55,27
12344,24,56,27
12345,24,57,38
12346,24,58,27
12347,24,59,27
12348,24,60,38
12349,24,61,27
12350,24,62,41
12351,24,63,27
12352,24,64,27
12353,24,65,38
12354,24,66,27
12355,24,67,38
12356,24,68,27
12357,24,69,27
12358,24,70,38
12359,24,71,27
12360,24,72,27
12361,24,73,27
12362,24,74,27
12363,24,75,38
12364,24,76,27
12365,24,77,27
12366,24,78,27
12367,24,79,27
12368,24,80,38
12369,24,81,27
12370,24,82,27
12371,24,83,27
12372,24,84,27
12373,24,85,38
12374,24,86,27
12375,24,87,27
12376,24,88,27
12377,24,89,27
12378,24,90,38
12379,24,91,27
12380,24,92,27
12381,24,93,38
12382,24,94,27
12383,24,95,38
12384,24,96,27
12385,24,97,27
12386,24,98,38
12387,24,99,27
12388,24,100,38
12389,24,101,27
12390,24,102,27
12391,24,103,38
12392,24,104,27
12393,24,105,38
12394,24,106,27
12395,24,107,27
12396,24,108,38
12397,24,109,27
12398,24,110,27
12399,24,111,27
12400,24,112,27
12401,24,113,38
12402,24,114,27
12403,24,115,27
12404,24,116,27
12405,24,117,27
12406,24,118,38
12407,24,119,27
12408,24,120,27
12409,24,121,27
12410,24,122,27
12411,24,123,38
12412,24,124,27
12413,24,125,27
12414,24,126,27
12415,24,127,27
12416,24,128,38
12417,24,129,27
12418,24,130,27
12419,24,131,38
12420,24,132,27
12421,24,133,38
12422,24,134,27
12423,24,135,27
12424,24,136,38
12425,24,137,27
12426,24,138,38
12427,24,139,27
12428,24,140,27
12429,24,141,38
12430,24,142,27
12431,24,143,38
12432,24,144,27
12433,24,145,27
12434,24,146,38
12435,24,147,27
12436,24,148,27
12437,24,149,27
12438,24,150,27
12439,24,151,38
12440,24,152,27
12441,24,153,27
12442,24,154,27
12443,24,155,27
12444,24,156,38
12445,24,157,27
12446,24,158,27
12447,24,159,27
12448,24,160,27
12449,24,161,38
12450,24,162,27
12451,24,163,27
12452,24,164,27
12453,24,165,27
12454,24,166,38
12455,24,167,27
12456,24,168,27
12457,24,169,38
12458,24,170,27
12459,24,171,38
12460,24,172,27
12461,24,173,27
12462,24,174,38
12463,24,175,27
12464,24,176,38
12465,24,177,27
12466,24,178,27
12467,24,179,38
12468,24,180,27
12469,24,181,38
12470,24,182,27
12471,24,183,27
12472,24,184,38
12473,24,185,27
12474,24,186,38
12475,24,187,27
12476,24,188,27
12477,24,189,38
12478,24,190,30
12479,24,191,27
12480,24,192,27
12481,24,193,27
12482,24,194,38
12483,24,195,27
12484,24,196,27
12485,24,197,27
12486,24,198,27
12487,24,199,38
12488,24,200,27
12489,24,201,27
12490,24,202,27
12491,24,203,27
12492,24,204,38
12493,24,205,27
12494,24,206,27
12495,24,207,38
12496,24,208,27
12497,24,209,38
12498,24,210,27
12499,24,211,27
12500,24,212,38
12501,24,213,27
12502,24,214,38
12503,24,215,27
12504,24,216,27
12505,24,217,38
12506,24,218,27
12507,24,219,38
12508,24,220,27
12509,24,221,27
12510,24,222,38
12511,24,223,27
12512,24,224,27
12513,24,225,27
12514,24,226,27
12515,24,227,38
12516,24,228,27
12517,24,229,27
12518,24,230,27
12519,24,231,27
12520,24,232,38
12521,24,233,27
12522,24,234,27
12523,24,235,27
12524,24,236,27
12525,24,237,38
12526,24,238,27
12527,24,239,27
12528,24,240,27
12529,24,241,27
12530,24,242,38
12531,24,243,27
12532,24,244,27
12533,24,245,27
12534,24,246,27
12535,24,247,38
12536,24,248,27
12537,24,249,27
12538,24,250,38
12539,24,251,27
12540,24,252,38
12541,24,253,27
12542,24,254,30
12543,24,255,38
12544,24,256,27
12545,24,257,38
12546,24,258,27
12547,24,259,27
12548,24,260,38
12549,24,261,27
12550,24,262,27
12551,24,263,27
12552,24,264,27
12553,24,265,38
12554,24,266,27
12555,24,267,27
12556,24,268,27
12557,24,269,27
12558,24,270,38
12559,24,271,27
12560,24,272,27
12561,24,273,27
12562,24,274,27
12563,24,275,38
12564,24,276,27
12565,24,277,27
12566,24,278,27
12567,24,279,27
12568,24,280,38
12569,24,281,27
12570,24,282,27
12571,24,283,38
12572,24,284,27
12573,24,285,38
12574,24,286,27
12575,24,287,27
12576,24,288,38
12577,24,289,27
12578,24,290,38
12579,24,291,27
12580,24,292,27
12581,24,293,38
12582,24,294,27
12583,24,295,38
12584,24,296,27
12585,24,297,27
12586,24,298,38
12587,24,299,27
12588,24,300,38
12589,24,301,27
12590,24,302,27
12591,24,303,38
12592,24,304,27
12593,24,305,27
12594,24,306,27
12595,24,307,27
12596,24,308,38
12597,24,309,27
12598,24,310,27
12599,24,311,27
12600,24,312,27
12601,24,313,38
12602,24,314,27
12603,24,315,27
12604,24,316,27
12605,24,317,27
12606,24,318,41
12607,24,319,27
12608,24,320,27
12609,24,321,38
12610,24,322,27
12611,24,323,38
12612,24,324,27
12613,24,325,27
12614,24,326,38
12615,24,327,27
12616,24,328,38
12617,24,329,27
12618,24,330,27
12619,24,331,38
12620,24,332,27
12621,24,333,38
12622,24,334,27
12623,24,335,27
12624,24,336,38
12625,24,337,27
12626,24,338,27
12627,24,339,27
12628,24,340,27
12629,24,341,38
12630,24,342,27
12631,24,343,27
12632,24,344,27
12633,24,345,27
12634,24,346,38
12635,24,347,27
12636,24,348,27
12637,24,349,27
12638,24,350,27
12639,24,351,38
12640,24,352,27
12641,24,353,27
12642,24,354,27
12643,24,355,27
12644,24,356,38
12645,24,357,27
12646,24,358,27
12647,24,359,27
12648,24,360,27
12649,24,361,38
12650,24,362,27
12651,24,363,27
12652,24,364,38
12653,24,365,27
12654,24,366,38
12655,24,367,27
12656,24,368,27
12657,24,369,38
12658,24,370,27
12659,24,371,38
12660,24,372,27
12661,24,373,27
12662,24,374,38
12663,24,375,27
12664,24,376,38
12665,24,377,27
12666,24,378,27
12667,24,379,38
12668,24,380,27
12669,24,381,27
12670,24,382,27
12671,24,383,27
12672,24,384,38
12673,24,385,27
12674,24,386,27
12675,24,387,27
12676,24,388,27
12677,24,389,38
12678,24,390,27
12679,24,391,27
12680,24,392,27
12681,24,393,27
12682,24,394,38
12683,24,395,27
12684,24,396,27
12685,24,397,38
12686,24,398,27
12687,24,399,38
12688,24,400,27
12689,24,401,27
12690,24,402,38
12691,24,403,27
12692,24,404,38
12693,24,405,27
12694,24,406,27
12695,24,407,38
12696,24,408,27
12697,24,409,38
12698,24,410,27
12699,24,411,27
12700,24,412,38
12701,24,413,27
12702,24,414,38
12703,24,415,27
12704,24,416,27
12705,24,417,38
12706,24,418,27
12707,24,419,27
12708,24,420,27
12709,24,421,27
12710,24,422,38
12711,24,423,27
12712,24,424,27
12713,24,425,27
12714,24,426,27
12715,24,427,38
12716,24,428,27
12717,24,429,27
12718,24,430,27
12719,24,431,27
12720,24,432,38
12721,24,433,27
12722,24,434,27
12723,24,435,27
12724,24,436,27
12725,24,437,38
12726,24,438,27
12727,24,439,27
12728,24,440,38
12729,24,441,27
12730,24,442,38
12731,24,443,27
12732,24,444,27
12733,24,445,38
12734,24,446,30
12735,24,447,38
12736,24,448,27
12737,24,449,27
12738,24,450,38
12739,24,451,27
12740,24,452,27
12741,24,453,27
12742,24,454,27
12743,24,455,38
12744,24,456,27
12745,24,457,27
12746,24,458,27
12747,24,459,27
12748,24,460,38
12749,24,461,27
12750,24,462,27
12751,24,463,27
12752,24,464,27
12753,24,465,38
12754,24,466,27
12755,24,467,27
12756,24,468,27
12757,24,469,27
12758,24,470,38
12759,24,471,27
12760,24,472,27
12761,24,473,27
12762,24,474,27
12763,24,475,38
12764,24,476,27
12765,24,477,27
12766,24,478,38
12767,24,479,27
12768,24,480,38
12769,24,481,27
12770,24,482,27
12771,24,483,38
12772,24,484,27
12773,24,485,38
12774,24,486,27
12775,24,487,27
12776,24,488,38
12777,24,489,27
12778,24,490,38
12779,24,491,27
12780,24,492,27
12781,24,493,38
12782,24,494,27
12783,24,495,27
12784,24,496,27
12785,24,497,27
12786,24,498,38
12787,24,499,27
12788,24,500,27
12789,24,501,27
12790,24,502,27
12791,24,503,38
12792,24,504,27
12793,24,505,27
12794,24,506,27
12795,24,507,27
12796,24,508,38
12797,24,509,27
12798,24,510,27
12799,24,511,27
12800,25,0,36
12801,25,1,50
12802,25,2,50
12803,25,3,50
12804,25,4,30
12805,25,5,45
12806,25,6,30
12807,25,7,50
12808,25,8,50
12809,25,9,50
12810,25,10,30
12811,25,11,30
12812,25,12,30
12813,25,13,50
12814,25,14,27
12815,25,15,27
12816,25,16,27
12817,25,17,50
12818,25,18,27
12819,25,19,27
12820,25,20,50
12821,25,21,27
12822,25,22,27
12823,25,23,50
12824,25,24,27
12825,25,25,27
12826,25,26,27
12827,25,27,50
12828,25,28,27
12829,25,29,27
12830,25,30,50
12831,25,31,27
12832,25,32,27
12833,25,33,50
12834,25,34,27
12835,25,35,27
12836,25,36,50
12837,25,37,27
12838,25,38,27
12839,25,39,27
12840,25,40,50
12841,25,41,27
12842,25,42,27
12843,25,43,50
12844,25,44,27
12845,25,45,27
12846,25,46,50
12847,25,47,27
12848,25,48,27
12849,25,49,50
12850,25,50,50
12851,25,51,27
12852,25,52,27
12853,25,53,50
12854,25,54,27
12855,25,55,27
12856,25,56,50
12857,25,57,27
12858,25,58,27
12859,25,59,50
12860,25,60,27
12861,25,61,27
12862,25,62,27
12863,25,63,50
12864,25,64,27
12865,25,65,27
12866,25,66,50
12867,25,67,27
12868,25,68,27
12869,25,69,50
12870,25,70,27
12871,25,71,27
12872,25,72,27
12873,25,73,50
12874,25,74,27
12875,25,75,27
12876,25,76,50
12877,25,77,27
12878,25,78,27
12879,25,79,50
12880,25,80,27
12881,25,81,27
12882,25,82,50
12883,25,83,27
12884,25,84,27
12885,25,85,27
12886,25,86,50
12887,25,87,27
12888,25,88,27
12889,25,89,50
12890,25,90,27
12891,25,91,27
12892,25,92,50
12893,25,93,27
12894,25,94,27
12895,25,95,50
12896,25,96,50
12897,25,97,27
12898,25,98,27
12899,25,99,50
12900,25,100,27
12901,25,101,27
12902,25,102,50
12903,25,103,27
12904,25,104,27
12905,25,105,50
12906,25,106,27
12907,25,107,27
12908,25,108,27
12909,25,109,50
12910,25,110,27
12911,25,111,27
12912,25,112,50
12913,25,113,27
12914,25,114,27
12915,25,115,50
12916,25,116,27
12917,25,117,27
12918,25,118,50
12919,25,119,27
12920,25,120,27
12921,25,121,27
12922,25,122,50
12923,25,123,27
12924,25,124,27
12925,25,125,50
12926,25,126,30
12927,25,127,27
12928,25,128,50
12929,25,129,27
12930,25,130,27
12931,25,131,27
12932,25,132,50
12933,25,133,27
12934,25,134,27
12935,25,135,50
12936,25,136,27
12937,25,137,27
12938,25,138,50
12939,25,139,27
12940,25,140,27
12941,25,141,50
12942,25,142,27
12943,25,143,27
12944,25,144,27
12945,25,145,50
12946,25,146,27
12947,25,147,27
12948,25,148,50
12949,25,149,27
12950,25,150,27
12951,25,151,50
12952,25,152,27
12953,25,153,27
12954,25,154,50
12955,25,155,50
12956,25,156,27
12957,25,157,27
12958,25,158,50
12959,25,159,27
12960,25,160,27
12961,25,161,50
12962,25,162,27
12963,25,163,27
12964,25,164,50
12965,25,165,27
12966,25,166,27
12967,25,167,27
12968,25,168,50
12969,25,169,27
12970,25,170,27
12971,25,171,50
12972,25,172,27
12973,25,173,27
12974,25,174,50
12975,25,175,27
12976,25,176,27
12977,25,177,50
12978,25,178,27
12979,25,179,27
12980,25,180,27
12981,25,181,50
12982,25,182,27
12983,25,183,27
12984,25,184,50
12985,25,185,27
12986,25,186,27
12987,25,187,50
12988,25,188,27
12989,25,189,27
12990,25,190,50
12991,25,191,50
12992,25,192,27
12993,25,193,27
12994,25,194,50
12995,25,195,27
12996,25,196,27
12997,25,197,50
12998,25,198,27
12999,25,199,27
13000,25,200,50
13001,25,201,27
13002,25,202,27
13003,25,203,27
13004,25,204,50
13005,25,205,27
13006,25,206,27
13007,25,207,50
13008,25,208,27
13009,25,209,27
13010,25,210,50
13011,25,211,27
13012,25,212,27
13013,25,213,50
13014,25,214,50
13015,25,215,27
13016,25,216,27
13017,25,217,50
13018,25,218,27
13019,25,219,27
13020,25,220,50
13021,25,221,27
13022,25,222,27
13023,25,223,50
13024,25,224,27
13025,25,225,27
13026,25,226,27
13027,25,227,50
13028,25,228,27
13029,25,229,27
13030,25,230,50
13031,25,231,27
13032,25,232,27
13033,25,233,50
13034,25,234,27
13035,25,235,27
13036,25,236,50
13037,25,237,27
13038,25,238,27
13039,25,239,27
13040,25,240,50
13041,25,241,27
13042,25,242,27
13043,25,243,50
13044,25,244,27
13045,25,245,27
13046,25,246,50
13047,25,247,27
13048,25,248,27
13049,25,249,50
13050,25,250,50
13051,25,251,27
13052,25,252,27
13053,25,253,50
13054,25,254,27
13055,25,255,27
13056,25,256,50
13057,25,257,27
13058,25,258,27
13059,25,259,50
13060,25,260,27
13061,25,261,27
13062,25,262,27
13063,25,263,50
13064,25,264,27
13065,25,265,27
13066,25,266,50
13067,25,267,27
13068,25,268,27
13069,25,269,50
13070,25,270,27
13071,25,271,27
13072,25,272,50
13073,25,273,50
13074,25,274,27
13075,25,275,27
13076,25,276,50
13077,25,277,27
13078,25,278,27
13079,25,279,50
13080,25,280,27
13081,25,281,27
13082,25,282,50
13083,25,283,27
13084,25,284,27
13085,25,285,27
13086,25,286,50
13087,25,287,27
13088,25,288,27
13089,25,289,50
13090,25,290,27
13091,25,291,27
13092,25,292,50
13093,25,293,27
13094,25,294,27
13095,25,295,50
13096,25,296,27
13097,25,297,27
13098,25,298,27
13099,25,299,50
13100,25,300,27
13101,25,301,27
13102,25,302,50
13103,25,303,27
13104,25,304,27
13105,25,305,50
13106,25,306,27
13107,25,307,27
13108,25,308,50
13109,25,309,50
13110,25,310,27
13111,25,311,27
13112,25,312,50
13113,25,313,27
13114,25,314,27
13115,25,315,50
13116,25,316,27
13117,25,317,27
13118,25,318,50
13119,25,319,27
13120,25,320,27
13121,25,321,27
13122,25,322,50
13123,25,323,27
13124,25,324,27
13125,25,325,50
13126,25,326,27
13127,25,327,27
13128,25,328,50
13129,25,329,27
13130,25,330,27
13131,25,331,50
13132,25,332,50
13133,25,333,27
13134,25,334,27
13135,25,335,50
13136,25,336,27
13137,25,337,27
13138,25,338,50
13139,25,339,27
13140,25,340,27
13141,25,341,50
13142,25,342,27
13143,25,343,27
13144,25,344,27
13145,25,345,50
13146,25,346,27
13147,25,347,27
13148,25,348,50
13149,25,349,27
13150,25,350,27
13151,25,351,50
13152,25,352,27
13153,25,353,27
13154,25,354,50
13155,25,355,27
13156,25,356,27
13157,25,357,27
13158,25,358,50
13159,25,359,27
13160,25,360,27
13161,25,361,50
13162,25,362,27
13163,25,363,27
13164,25,364,50
13165,25,365,27
13166,25,366,27
13167,25,367,50
13168,25,368,50
13169,25,369,27
13170,25,370,27
13171,25,371,50
13172,25,372,27
13173,25,373,27
13174,25,374,50
13175,25,375,27
13176,25,376,27
13177,25,377,50
13178,25,378,27
13179,25,379,27
13180,25,380,27
13181,25,381,50
13182,25,382,30
13183,25,383,27
13184,25,384,50
13185,25,385,27
13186,25,386,27
13187,25,387,50
13188,25,388,27
13189,25,389,27
13190,25,390,50
13191,25,391,50
13192,25,392,27
13193,25,393,27
13194,25,394,50
13195,25,395,27
13196,25,396,27
13197,25,397,50
13198,25,398,27
13199,25,399,27
13200,25,400,50
13201,25,401,27
13202,25,402,27
13203,25,403,27
13204,25,404,50
13205,25,405,27
13206,25,406,27
13207,25,407,50
13208,25,408,27
13209,25,409,27
13210,25,410,50
13211,25,411,27
13212,25,412,27
13213,25,413,50
13214,25,414,27
13215,25,415,27
13216,25,416,27
13217,25,417,50
13218,25,418,27
13219,25,419,27
13220,25,420,50
13221,25,421,27
13222,25,422,27
13223,25,423,50
13224,25,424,27
13225,25,425,27
13226,25,426,50
13227,25,427,50
13228,25,428,27
13229,25,429,27
13230,25,430,50
13231,25,431,27
13232,25,432,27
13233,25,433,50
13234,25,434,27
13235,25,435,27
13236,25,436,50
13237,25,437,27
13238,25,438,27
13239,25,439,27
13240,25,440,50
13241,25,441,27
13242,25,442,27
13243,25,443,50
13244,25,444,27
13245,25,445,27
13246,25,446,50
13247,25,447,27
13248,25,448,27
13249,25,449,50
13250,25,450,50
13251,25,451,27
13252,25,452,27
13253,25,453,50
13254,25,454,27
13255,25,455,27
13256,25,456,50
13257,25,457,27
13258,25,458,27
13259,25,459,50
13260,25,460,27
13261,25,461,27
13262,25,462,27
13263,25,463,50
13264,25,464,27
13265,25,465,27
13266,25,466,50
13267,25,467,27
13268,25,468,27
13269,25,469,50
13270,25,470,27
13271,25,471,27
13272,25,472,50
13273,25,473,27
13274,25,474,27
13275,25,475,27
13276,25,476,50
13277,25,477,27
13278,25,478,27
13279,25,479,50
13280,25,480,27
13281,25,481,27
13282,25,482,50
13283,25,483,27
13284,25,484,27
13285,25,485,50
13286,25,486,50
13287,25,487,27
13288,25,488,27
13289,25,489,50
13290,25,490,27
13291,25,491,27
13292,25,492,50
13293,25,493,27
13294,25,494,27
13295,25,495,50
13296,25,496,27
13297,25,497,27
13298,25,498,27
13299,25,499,50
13300,25,500,27
13301,25,501,27
13302,25,502,50
13303,25,503,27
13304,25,504,27
13305,25,505,50
13306,25,506,27
13307,25,507,27
13308,25,508,50
13309,25,509,27
13310,25,510,27
13311,25,511,27
13312,26,0,37
13313,26,1,40
13314,26,2,37
13315,26,3,30
13316,26,4,27
13317,26,5,34
13318,26,6,34
13319,26,7,27
13320,26,8,27
13321,26,9,34
13322,26,10,34
13323,26,11,27
13324,26,12,34
13325,26,13,34
13326,26,14,34
13327,26,15,27
13328,26,16,34
13329,26,17,34
13330,26,18,34
13331,26,19,27
13332,26,20,34
13333,26,21,34
13334,26,22,34
13335,26,23,27
13336,26,24,34
13337,26,25,34
13338,26,26,34
13339,26,27,27
13340,26,28,34
13341,26,29,34
13342,26,30,34
13343,26,31,27
13344,26,32,34
13345,26,33,34
13346,26,34,34
13347,26,35,27
13348,26,36,34
13349,26,37,34
13350,26,38,34
13351,26,39,27
13352,26,40,34
13353,26,41,34
13354,26,42,34
13355,26,43,27
13356,26,44,34
13357,26,45,34
13358,26,46,34
13359,26,47,27
13360,26,48,34
13361,26,49,34
13362,26,50,34
13363,26,51,27
13364,26,52,34
13365,26,53,34
13366,26,54,34
13367,26,55,27
13368,26,56,34
13369,26,57,34
13370,26,58,34
13371,26,59,27
13372,26,60,34
13373,26,61,34
13374,26,62,37
13375,26,63,30
13376,26,64,34
13377,26,65,34
13378,26,66,27
13379,26,67,27
13380,26,68,34
13381,26,69,34
13382,26,70,27
13383,26,71,27
13384,26,72,34
13385,26,73,34
13386,26,74,27
13387,26,75,27
13388,26,76,34
13389,26,77,34
13390,26,78,27
13391,26,79,27
13392,26,80,34
13393,26,81,34
13394,26,82,27
13395,26,83,27
13396,26,84,34
13397,26,85,34
13398,26,86,27
13399,26,87,27
13400,26,88,34
13401,26,89,34
13402,26,90,27
13403,26,91,27
13404,26,92,34
13405,26,93,34
13406,26,94,27
13407,26,95,27
13408,26,96,34
13409,26,97,34
13410,26,98,27
13411,26,99,27
13412,26,100,34
13413,26,101,34
13414,26,102,27
13415,26,103,27
13416,26,104,34
13417,26,105,34
13418,26,106,27
13419,26,107,27
13420,26,108,34
13421,26,109,34
13422,26,110,27
13423,26,111,27
13424,26,112,34
13425,26,113,34
13426,26,114,27
13427,26,115,27
13428,26,116,34
13429,26,117,34
13430,26,118,27
13431,26,119,27
13432,26,120,34
13433,26,121,34
13434,26,122,27
13435,26,123,27
13436,26,124,34
13437,26,125,34
13438,26,126,30
13439,26,127,27
13440,26,128,34
13441,26,129,34
13442,26,130,27
13443,26,131,27
13444,26,132,34
13445,26,133,34
13446,26,134,27
13447,26,135,27
13448,26,136,34
13449,26,137,34
13450,26,138,27
13451,26,139,27
13452,26,140,34
13453,26,141,34
13454,26,142,27
13455,26,143,27
13456,26,144,34
13457,26,145,34
13458,26,146,27
13459,26,147,27
13460,26,148,34
13461,26,149,34
13462,26,150,27
13463,26,151,27
13464,26,152,34
13465,26,153,34
13466,26,154,27
13467,26,155,27
13468,26,156,34
13469,26,157,34
13470,26,158,27
13471,26,159,27
13472,26,160,34
13473,26,161,34
13474,26,162,27
13475,26,163,27
13476,26,164,34
13477,26,165,34
13478,26,166,27
13479,26,167,27
13480,26,168,34
13481,26,169,34
13482,26,170,27
13483,26,171,27
13484,26,172,34
13485,26,173,34
13486,26,174,27
13487,26,175,27
13488,26,176,34
13489,26,177,34
13490,26,178,27
13491,26,179,27
13492,26,180,34
13493,26,181,34
13494,26,182,27
13495,26,183,27
13496,26,184,34
13497,26,185,34
13498,26,186,27
13499,26,187,27
13500,26,188,34
13501,26,189,34
13502,26,190,27
13503,26,191,27
13504,26,192,34
13505,26,193,34
13506,26,194,27
13507,26,195,27
13508,26,196,34
13509,26,197,34
13510,26,198,27
13511,26,199,27
13512,26,200,34
13513,26,201,34
13514,26,202,27
13515,26,203,27
13516,26,204,34
13517,26,205,34
13518,26,206,27
13519,26,207,27
13520,26,208,34
13521,26,209,34
13522,26,210,27
13523,26,211,27
13524,26,212,34
13525,26,213,34
13526,26,214,27
13527,26,215,27
13528,26,216,34
13529,26,217,34
13530,26,218,27
13531,26,219,27
13532,26,220,34
13533,26,221,34
13534,26,222,27
13535,26,223,27
13536,26,224,34
13537,26,225,34
13538,26,226,27
13539,26,227,27
13540,26,228,34
13541,26,229,34
13542,26,230,27
13543,26,231,27
13544,26,232,34
13545,26,233,34
13546,26,234,27
13547,26,235,27
13548,26,236,34
13549,26,237,34
13550,26,238,27
13551,26,239,27
13552,26,240,34
13553,26,241,34
13554,26,242,27
13555,26,243,27
13556,26,244,34
13557,26,245,34
13558,26,246,27
13559,26,247,27
13560,26,248,34
13561,26,249,34
13562,26,250,27
13563,26,251,27
13564,26,252,34
13565,26,253,34
13566,26,254,30
13567,26,255,34
13568,26,256,34
13569,26,257,34
13570,26,258,27
13571,26,259,34
13572,26,260,34
13573,26,261,34
13574,26,262,27
13575,26,263,34
13576,26,264,34
13577,26,265,34
13578,26,266,27
13579,26,267,34
13580,26,268,34
13581,26,269,34
13582,26,270,27
13583,26,271,34
13584,26,272,34
13585,26,273,34
13586,26,274,27
13587,26,275,34
13588,26,276,34
13589,26,277,34
13590,26,278,27
13591,26,279,34
13592,26,280,34
13593,26,281,34
13594,26,282,27
13595,26,283,34
13596,26,284,34
13597,26,285,34
13598,26,286,27
13599,26,287,34
13600,26,288,34
13601,26,289,34
13602,26,290,27
13603,26,291,34
13604,26,292,34
13605,26,293,34
13606,26,294,27
13607,26,295,34
13608,26,296,34
13609,26,297,34
13610,26,298,27
13611,26,299,34
13612,26,300,34
13613,26,301,34
13614,26,302,27
13615,26,303,34
13616,26,304,34
13617,26,305,34
13618,26,306,27
13619,26,307,34
13620,26,308,34
13621,26,309,34
13622,26,310,27
13623,26,311,34
13624,26,312,34
13625,26,313,34
13626,26,314,27
13627,26,315,34
13628,26,316,34
13629,26,317,34
13630,26,318,30
13631,26,319,34
13632,26,320,34
13633,26,321,34
13634,26,322,27
13635,26,323,34
13636,26,324,34
13637,26,325,34
13638,26,326,27
13639,26,327,34
13640,26,328,34
13641,26,329,34
13642,26,330,27
13643,26,331,34
13644,26,332,34
13645,26,333,34
13646,26,334,27
13647,26,335,34
13648,26,336,34
13649,26,337,34
13650,26,338,27
13651,26,339,34
13652,26,340,34
13653,26,341,34
13654,26,342,27
13655,26,343,34
13656,26,344,34
13657,26,345,34
13658,26,346,27
13659,26,347,34
13660,26,348,34
13661,26,349,34
13662,26,350,27
13663,26,351,34
13664,26,352,34
13665,26,353,34
13666,26,354,27
13667,26,355,34
13668,26,356,34
13669,26,357,34
13670,26,358,27
13671,26,359,34
13672,26,360,34
13673,26,361,34
13674,26,362,27
13675,26,363,34
13676,26,364,34
13677,26,365,34
13678,26,366,27
13679,26,367,34
13680,26,368,34
13681,26,369,34
13682,26,370,27
13683,26,371,34
13684,26,372,34
13685,26,373,34
13686,26,374,27
13687,26,375,34
13688,26,376,34
13689,26,377,34
13690,26,378,27
13691,26,379,34
13692,26,380,34
13693,26,381,34
13694,26,382,30
13695,26,383,34
13696,26,384,34
13697,26,385,27
13698,26,386,27
13699,26,387,34
13700,26,388,34
13701,26,389,27
13702,26,390,27
13703,26,391,34
13704,26,392,34
13705,26,393,27
13706,26,394,27
13707,26,395,34
13708,26,396,34
13709,26,397,27
13710,26,398,27
13711,26,399,34
13712,26,400,34
13713,26,401,27
13714,26,402,27
13715,26,403,34
13716,26,404,34
13717,26,405,27
13718,26,406,27
13719,26,407,34
13720,26,408,34
13721,26,409,27
13722,26,410,27
13723,26,411,34
13724,26,412,34
13725,26,413,27
13726,26,414,27
13727,26,415,34
13728,26,416,34
13729,26,417,27
13730,26,418,27
13731,26,419,34
13732,26,420,34
13733,26,421,27
13734,26,422,27
13735,26,423,34
13736,26,424,34
13737,26,425,27
13738,26,426,27
13739,26,427,34
13740,26,428,34
13741,26,429,27
13742,26,430,27
13743,26,431,34
13744,26,432,34
13745,26,433,27
13746,26,434,27
13747,26,435,34
13748,26,436,34
13749,26,437,27
13750,26,438,27
13751,26,439,34
13752,26,440,34
13753,26,441,27
13754,26,442,27
13755,26,443,34
13756,26,444,34
13757,26,445,27
13758,26,446,27
13759,26,447,34
13760,26,448,34
13761,26,449,27
13762,26,450,27
13763,26,451,34
13764,26,452,34
13765,26,453,27
13766,26,454,27
13767,26,455,34
13768,26,456,34
13769,26,457,27
13770,26,458,27
13771,26,459,34
13772,26,460,34
13773,26,461,27
13774,26,462,27
13775,26,463,34
13776,26,464,34
13777,26,465,27
13778,26,466,27
13779,26,467,34
13780,26,468,34
13781,26,469,27
13782,26,470,27
13783,26,471,34
13784,26,472,34
13785,26,473,27
13786,26,474,27
13787,26,475,34
13788,26,476,34
13789,26,477,27
13790,26,478,27
13791,26,479,34
13792,26,480,34
13793,26,481,27
13794,26,482,27
13795,26,483,34
13796,26,484,34
13797,26,485,27
13798,26,486,27
13799,26,487,34
13800,26,488,34
13801,26,489,27
13802,26,490,27
13803,26,491,34
13804,26,492,34
13805,26,493,27
13806,26,494,27
13807,26,495,34
13808,26,496,34
13809,26,497,27
13810,26,498,27
13811,26,499,34
13812,26,500,34
13813,26,501,27
13814,26,502,27
13815,26,503,34
13816,26,504,34
13817,26,505,27
13818,26,506,27
13819,26,507,34
13820,26,508,34
13821,26,509,27
13822,26,510,27
13823,26,511,34
13824,27,0,43
13825,27,1,40
13826,27,2,35
13827,27,3,32
13828,27,4,32
13829,27,5,50
13830,27,6,32
13831,27,7,37
13832,27,8,32
13833,27,9,32
13834,27,10,37
13835,27,11,32
13836,27,12,32
13837,27,13,32
13838,27,14,32
13839,27,15,32
13840,27,16,32
13841,27,17,37
13842,27,18,32
13843,27,19,32
13844,27,20,37
13845,27,21,32
13846,27,22,32
13847,27,23,37
13848,27,24,32
13849,27,25,32
13850,27,26,37
13851,27,27,32
13852,27,28,32
13853,27,29,37
13854,27,30,32
13855,27,31,32
13856,27,32,37
13857,27,33,32
13858,27,34,32
13859,27,35,37
13860,27,36,32
13861,27,37,32
13862,27,38,37
13863,27,39,32
13864,27,40,32
13865,27,41,32
13866,27,42,32
13867,27,43,32
13868,27,44,32
13869,27,45,37
13870,27,46,32
13871,27,47,32
13872,27,48,37
13873,27,49,32
13874,27,50,32
13875,27,51,37
13876,27,52,32
13877,27,53,32
13878,27,54,37
13879,27,55,32
13880,27,56,32
13881,27,57,37
13882,27,58,32
13883,27,59,32
13884,27,60,37
13885,27,61,32
13886,27,62,35
13887,27,63,35
13888,27,64,37
13889,27,65,32
13890,27,66,32
13891,27,67,37
13892,27,68,32
13893,27,69,32
13894,27,70,37
13895,27,71,32
13896,27,72,32
13897,27,73,37
13898,27,74,32
13899,27,75,32
13900,27,76,37
13901,27,77,32
13902,27,78,32
13903,27,79,32
13904,27,80,32
13905,27,81,32
13906,27,82,32
13907,27,83,37
13908,27,84,32
13909,27,85,32
13910,27,86,37
13911,27,87,32
13912,27,88,32
13913,27,89,37
13914,27,90,32
13915,27,91,32
13916,27,92,37
13917,27,93,32
13918,27,94,32
13919,27,95,37
13920,27,96,32
13921,27,97,32
13922,27,98,37
13923,27,99,32
13924,27,100,32
13925,27,101,37
13926,27,102,32
13927,27,103,32
13928,27,104,37
13929,27,105,32
13930,27,106,32
13931,27,107,32
13932,27,108,32
13933,27,109,32
13934,27,110,32
13935,27,111,37
13936,27,112,32
13937,27,113,32
13938,27,114,37
13939,27,115,32
13940,27,116,32
13941,27,117,37
13942,27,118,32
13943,27,119,32
13944,27,120,37
13945,27,121,32
13946,27,122,32
13947,27,123,37
13948,27,124,32
13949,27,125,32
13950,27,126,40
13951,27,127,32
13952,27,128,32
13953,27,129,32
13954,27,130,37
13955,27,131,32
13956,27,132,32
13957,27,133,37
13958,27,134,32
13959,27,135,32
13960,27,136,37
13961,27,137,32
13962,27,138,32
13963,27,139,37
13964,27,140,32
13965,27,141,32
13966,27,142,37
13967,27,143,32
13968,27,144,32
13969,27,145,37
13970,27,146,32
13971,27,147,32
13972,27,148,37
13973,27,149,32
13974,27,150,32
13975,27,151,37
13976,27,152,32
13977,27,153,32
13978,27,154,32
13979,27,155,32
13980,27,156,32
13981,27,157,32
13982,27,158,37
13983,27,159,32
13984,27,160,32
13985,27,161,37
13986,27,162,32
13987,27,163,32
13988,27,164,37
13989,27,165,32
13990,27,166,32
13991,27,167,37
13992,27,168,32
13993,27,169,32
13994,27,170,37
13995,27,171,32
13996,27,172,32
13997,27,173,37
13998,27,174,32
13999,27,175,32
14000,27,176,37
14001,27,177,32
14002,27,178,32
14003,27,179,37
14004,27,180,32
14005,27,181,32
14006,27,182,32
14007,27,183,32
14008,27,184,32
14009,27,185,32
14010,27,186,37
14011,27,187,32
14012,27,188,32
14013,27,189,37
14014,27,190,32
14015,27,191,32
14016,27,192,37
14017,27,193,32
14018,27,194,32
14019,27,195,37
14020,27,196,32
14021,27,197,32
14022,27,198,37
14023,27,199,32
14024,27,200,32
14025,27,201,32
14026,27,202,32
14027,27,203,32
14028,27,204,32
14029,27,205,37
14030,27,206,32
14031,27,207,32
14032,27,208,37
14033,27,209,32
14034,27,210,32
14035,27,211,37
14036,27,212,32
14037,27,213,32
14038,27,214,37
14039,27,215,32
14040,27,216,32
14041,27,217,37
14042,27,218,32
14043,27,219,32
14044,27,220,37
14045,27,221,32
14046,27,222,32
14047,27,223,37
14048,27,224,32
14049,27,225,32
14050,27,226,37
14051,27,227,32
14052,27,228,32
14053,27,229,32
14054,27,230,32
14055,27,231,32
14056,27,232,32
14057,27,233,37
14058,27,234,32
14059,27,235,32
14060,27,236,37
14061,27,237,32
14062,27,238,32
14063,27,239,37
14064,27,240,32
14065,27,241,32
14066,27,242,37
14067,27,243,32
14068,27,244,32
14069,27,245,37
14070,27,246,32
14071,27,247,32
14072,27,248,37
14073,27,249,32
14074,27,250,32
14075,27,251,37
14076,27,252,32
14077,27,253,32
14078,27,254,40
14079,27,255,37
14080,27,256,32
14081,27,257,32
14082,27,258,37
14083,27,259,32
14084,27,260,32
14085,27,261,37
14086,27,262,32
14087,27,263,32
14088,27,264,37
14089,27,265,32
14090,27,266,32
14091,27,267,37
14092,27,268,32
14093,27,269,32
14094,27,270,37
14095,27,271,32
14096,27,272,32
14097,27,273,37
14098,27,274,32
14099,27,275,32
14100,27,276,32
14101,27,277,32
14102,27,278,32
14103,27,279,32
14104,27,280,37
14105,27,281,32
14106,27,282,32
14107,27,283,37
14108,27,284,32
14109,27,285,32
14110,27,286,37
14111,27,287,32
14112,27,288,32
14113,27,289,37
14114,27,290,32
14115,27,291,32
14116,27,292,37
14117,27,293,32
14118,27,294,32
14119,27,295,37
14120,27,296,32
14121,27,297,32
14122,27,298,37
14123,27,299,32
14124,27,300,32
14125,27,301,37
14126,27,302,32
14127,27,303,32
14128,27,304,32
14129,27,305,32
14130,27,306,32
14131,27,307,32
14132,27,308,37
14133,27,309,32
14134,27,310,32
14135,27,311,37
14136,27,312,32
14137,27,313,32
14138,27,314,37
14139,27,315,32
14140,27,316,32
14141,27,317,37
14142,27,318,35
14143,27,319,32
14144,27,320,37
14145,27,321,32
14146,27,322,32
14147,27,323,32
14148,27,324,32
14149,27,325,32
14150,27,326,32
14151,27,327,37
14152,27,328,32
14153,27,329,32
14154,27,330,37
14155,27,331,32
14156,27,332,32
14157,27,333,37
14158,27,334,32
14159,27,335,32
14160,27,336,37
14161,27,337,32
14162,27,338,32
14163,27,339,37
14164,27,340,32
14165,27,341,32
14166,27,342,37
14167,27,343,32
14168,27,344,32
14169,27,345,37
14170,27,346,32
14171,27,347,32
14172,27,348,37
14173,27,349,32
14174,27,350,32
14175,27,351,32
14176,27,352,32
14177,27,353,32
14178,27,354,32
14179,27,355,37
14180,27,356,32
14181,27,357,32
14182,27,358,37
14183,27,359,32
14184,27,360,32
14185,27,361,37
14186,27,362,32
14187,27,363,32
14188,27,364,37
14189,27,365,32
14190,27,366,32
14191,27,367,37
14192,27,368,32
14193,27,369,32
14194,27,370,37
14195,27,371,32
14196,27,372,32
14197,27,373,37
14198,27,374,32
14199,27,375,32
14200,27,376,37
14201,27,377,32
14202,27,378,32
14203,27,379,32
14204,27,380,32
14205,27,381,32
14206,27,382,35
14207,27,383,37
14208,27,384,32
14209,27,385,32
14210,27,386,37
14211,27,387,32
14212,27,388,32
14213,27,389,37
14214,27,390,32
14215,27,391,32
14216,27,392,37
14217,27,393,32
14218,27,394,32
14219,27,395,37
14220,27,396,32
14221,27,397,32
14222,27,398,32
14223,27,399,32
14224,27,400,32
14225,27,401,32
14226,27,402,37
14227,27,403,32
14228,27,404,32
14229,27,405,37
14230,27,406,32
14231,27,407,32
14232,27,408,37
14233,27,409,32
14234,27,410,32
14235,27,411,37
14236,27,412,32
14237,27,413,32
14238,27,414,37
14239,27,415,32
14240,27,416,32
14241,27,417,37
14242,27,418,32
14243,27,419,32
14244,27,420,37
14245,27,421,32
14246,27,422,32
14247,27,423,37
14248,27,424,32
14249,27,425,32
14250,27,426,32
14251,27,427,32
14252,27,428,32
14253,27,429,32
14254,27,430,37
14255,27,431,32
14256,27,432,32
14257,27,433,37
14258,27,434,32
14259,27,435,32
14260,27,436,37
14261,27,437,32
14262,27,438,32
14263,27,439,37
14264,27,440,32
14265,27,441,32
14266,27,442,37
14267,27,443,32
14268,27,444,32
14269,27,445,37
14270,27,446,32
14271,27,447,32
14272,27,448,32
14273,27,449,37
14274,27,450,32
14275,27,451,32
14276,27,452,37
14277,27,453,32
14278,27,454,32
14279,27,455,37
14280,27,456,32
14281,27,457,32
14282,27,458,37
14283,27,459,32
14284,27,460,32
14285,27,461,37
14286,27,462,32
14287,27,463,32
14288,27,464,37
14289,27,465,32
14290,27,466,32
14291,27,467,37
14292,27,468,32
14293,27,469,32
14294,27,470,37
14295,27,471,32
14296,27,472,32
14297,27,473,32
14298,27,474,32
14299,27,475,32
14300,27,476,32
14301,27,477,37
14302,27,478,32
14303,27,479,32
14304,27,480,37
14305,27,481,32
14306,27,482,32
14307,27,483,37
14308,27,484,32
14309,27,485,32
14310,27,486,37
14311,27,487,32
14312,27,488,32
14313,27,489,37
14314,27,490,32
14315,27,491,32
14316,27,492,37
14317,27,493,32
14318,27,494,32
14319,27,495,37
14320,27,496,32
14321,27,497,32
14322,27,498,37
14323,27,499,32
14324,27,500,32
14325,27,501,32
14326,27,502,32
14327,27,503,32
14328,27,504,32
14329,27,505,37
14330,27,506,32
14331,27,507,32
14332,27,508,37
14333,27,509,32
14334,27,510,32
14335,27,511,37
14336,28,0,36
14337,28,1,44
14338,28,2,33
14339,28,3,36
14340,28,4,30
14341,28,5,41
14342,28,6,30
14343,28,7,30
14344,28,8,41
14345,28,9,41
14346,28,10,30
14347,28,11,30
14348,28,12,38
14349,28,13,27
14350,28,14,27
14351,28,15,27
14352,28,16,27
14353,28,17,38
14354,28,18,27
14355,28,19,27
14356,28,20,38
14357,28,21,27
14358,28,22,38
14359,28,23,27
14360,28,24,27
14361,28,25,38
14362,28,26,27
14363,28,27,38
14364,28,28,27
14365,28,29,27
14366,28,30,38
14367,28,31,27
14368,28,32,38
14369,28,33,27
14370,28,34,27
14371,28,35,38
14372,28,36,27
14373,28,37,27
14374,28,38,27
14375,28,39,27
14376,28,40,38
14377,28,41,27
14378,28,42,27
14379,28,43,27
14380,28,44,27
14381,28,45,38
14382,28,46,27
14383,28,47,27
14384,28,48,27
14385,28,49,27
14386,28,50,38
14387,28,51,27
14388,28,52,27
14389,28,53,27
14390,28,54,27
14391,28,55,38
14392,28,56,27
14393,28,57,27
14394,28,58,27
14395,28,59,27
14396,28,60,38
14397,28,61,27
14398,28,62,30
14399,28,63,41
14400,28,64,27
14401,28,65,38
14402,28,66,27
14403,28,67,27
14404,28,68,38
14405,28,69,27
14406,28,70,27
14407,28,71,27
14408,28,72,27
14409,28,73,38
14410,28,74,27
14411,28,75,27
14412,28,76,27
14413,28,77,27
14414,28,78,38
14415,28,79,27
14416,28,80,27
14417,28,81,27
14418,28,82,27
14419,28,83,38
14420,28,84,27
14421,28,85,27
14422,28,86,27
14423,28,87,27
14424,28,88,38
14425,28,89,27
14426,28,90,27
14427,28,91,38
14428,28,92,27
14429,28,93,38
14430,28,94,27
14431,28,95,27
14432,28,96,38
14433,28,97,27
14434,28,98,38
14435,28,99,27
14436,28,100,27
14437,28,101,38
14438,28,102,27
14439,28,103,38
14440,28,104,27
14441,28,105,27
14442,28,106,38
14443,28,107,27
14444,28,108,38
14445,28,109,27
14446,28,110,27
14447,28,111,38
14448,28,112,27
14449,28,113,27
14450,28,114,27
14451,28,115,27
14452,28,116,38
14453,28,117,27
14454,28,118,27
14455,28,119,27
14456,28,120,27
14457,28,121,38
14458,28,122,27
14459,28,123,27
14460,28,124,27
14461,28,125,27
14462,28,126,41
14463,28,127,27
14464,28,128,27
14465,28,129,38
14466,28,130,27
14467,28,131,38
14468,28,132,27
14469,28,133,27
14470,28,134,38
14471,28,135,27
14472,28,136,38
14473,28,137,27
14474,28,138,27
14475,28,139,38
14476,28,140,27
14477,28,141,38
14478,28,142,27
14479,28,143,27
14480,28,144,38
14481,28,145,27
14482,28,146,27
14483,28,147,27
14484,28,148,27
14485,28,149,38
14486,28,150,27
14487,28,151,27
14488,28,152,27
14489,28,153,27
14490,28,154,38
14491,28,155,27
14492,28,156,27
14493,28,157,27
14494,28,158,27
14495,28,159,38
14496,28,160,27
14497,28,161,27
14498,28,162,27
14499,28,163,27
14500,28,164,38
14501,28,165,27
14502,28,166,27
14503,28,167,27
14504,28,168,27
14505,28,169,38
14506,28,170,27
14507,28,171,27
14508,28,172,38
14509,28,173,27
14510,28,174,38
14511,28,175,27
14512,28,176,27
14513,28,177,38
14514,28,178,27
14515,28,179,38
14516,28,180,27
14517,28,181,27
14518,28,182,38
14519,28,183,27
14520,28,184,38
14521,28,185,27
14522,28,186,27
14523,28,187,38
14524,28,188,27
14525,28,189,27
14526,28,190,27
14527,28,191,27
14528,28,192,38
14529,28,193,27
14530,28,194,27
14531,28,195,27
14532,28,196,27
14533,28,197,38
14534,28,198,27
14535,28,199,27
14536,28,200,27
14537,28,201,27
14538,28,202,38
14539,28,203,27
14540,28,204,27
14541,28,205,38
14542,28,206,27
14543,28,207,38
14544,28,208,27
14545,28,209,27
14546,28,210,38
14547,28,211,27
14548,28,212,38
14549,28,213,27
14550,28,214,27
14551,28,215,38
14552,28,216,27
14553,28,217,38
14554,28,218,27
14555,28,219,27
14556,28,220,38
14557,28,221,27
14558,28,222,38
14559,28,223,27
14560,28,224,27
14561,28,225,38
14562,28,226,27
14563,28,227,27
14564,28,228,27
14565,28,229,27
14566,28,230,38
14567,28,231,27
14568,28,232,27
14569,28,233,27
14570,28,234,27
14571,28,235,38
14572,28,236,27
14573,28,237,27
14574,28,238,27
14575,28,239,27
14576,28,240,38
14577,28,241,27
14578,28,242,27
14579,28,243,27
14580,28,244,27
14581,28,245,38
14582,28,246,27
14583,28,247,27
14584,28,248,38
14585,28,249,27
14586,28,250,38
14587,28,251,27
14588,28,252,27
14589,28,253,38
14590,28,254,30
14591,28,255,38
14592,28,256,27
14593,28,257,27
14594,28,258,38
14595,28,259,27
14596,28,260,27
14597,28,261,27
14598,28,262,27
14599,28,263,38
14600,28,264,27
14601,28,265,27
14602,28,266,27
14603,28,267,27
14604,28,268,38
14605,28,269,27
14606,28,270,27
14607,28,271,27
14608,28,272,27
14609,28,273,38
14610,28,274,27
14611,28,275,27
14612,28,276,27
14613,28,277,27
14614,28,278,38
14615,28,279,27
14616,28,280,27
14617,28,281,27
14618,28,282,27
14619,28,283,38
14620,28,284,27
14621,28,285,27
14622,28,286,38
14623,28,287,27
14624,28,288,38
14625,28,289,27
14626,28,290,27
14627,28,291,38
14628,28,292,27
14629,28,293,38
14630,28,294,27
14631,28,295,27
14632,28,296,38
14633,28,297,27
14634,28,298,38
14635,28,299,27
14636,28,300,27
14637,28,301,38
14638,28,302,27
14639,28,303,27
14640,28,304,27
14641,28,305,27
14642,28,306,38
14643,28,307,27
14644,28,308,27
14645,28,309,27
14646,28,310,27
14647,28,311,38
14648,28,312,27
14649,28,313,27
14650,28,314,27
14651,28,315,27
14652,28,316,38
14653,28,317,27
14654,28,318,30
14655,28,319,38
14656,28,320,27
14657,28,321,38
14658,28,322,27
14659,28,323,27
14660,28,324,38
14661,28,325,27
14662,28,326,38
14663,28,327,27
14664,28,328,27
14665,28,329,38
14666,28,330,27
14667,28,331,38
14668,28,332,27
14669,28,333,27
14670,28,334,38
14671,28,335,27
14672,28,336,38
14673,28,337,27
14674,28,338,27
14675,28,339,38
14676,28,340,27
14677,28,341,27
14678,28,342,27
14679,28,343,27
14680,28,344,38
14681,28,345,27
14682,28,346,27
14683,28,347,27
14684,28,348,27
14685,28,349,38
14686,28,350,27
14687,28,351,27
14688,28,352,27
14689,28,353,27
14690,28,354,38
14691,28,355,27
14692,28,356,27
14693,28,357,27
14694,28,358,27
14695,28,359,38
14696,28,360,27
14697,28,361,27
14698,28,362,38
14699,28,363,27
14700,28,364,38
14701,28,365,27
14702,28,366,27
14703,28,367,38
14704,28,368,27
14705,28,369,38
14706,28,370,27
14707,28,371,27
14708,28,372,38
14709,28,373,27
14710,28,374,38
14711,28,375,27
14712,28,376,27
14713,28,377,38
14714,28,378,27
14715,28,379,27
14716,28,380,27
14717,28,381,27
14718,28,382,41
14719,28,383,27
14720,28,384,27
14721,28,385,27
14722,28,386,27
14723,28,387,38
14724,28,388,27
14725,28,389,27
14726,28,390,27
14727,28,391,27
14728,28,392,38
14729,28,393,27
14730,28,394,27
14731,28,395,27
14732,28,396,27
14733,28,397,38
14734,28,398,27
14735,28,399,27
14736,28,400,38
14737,28,401,27
14738,28,402,38
14739,28,403,27
14740,28,404,27
14741,28,405,38
14742,28,406,27
14743,28,407,38
14744,28,408,27
14745,28,409,27
14746,28,410,38
14747,28,411,27
14748,28,412,38
14749,28,413,27
14750,28,414,27
14751,28,415,38
14752,28,416,27
14753,28,417,27
14754,28,418,27
14755,28,419,27
14756,28,420,38
14757,28,421,27
14758,28,422,27
14759,28,423,27
14760,28,424,27
14761,28,425,38
14762,28,426,27
14763,28,427,27
14764,28,428,27
14765,28,429,27
14766,28,430,38
14767,28,431,27
14768,28,432,27
14769,28,433,27
14770,28,434,27
14771,28,435,38
14772,28,436,27
14773,28,437,27
14774,28,438,38
14775,28,439,27
14776,28,440,38
14777,28,441,27
14778,28,442,27
14779,28,443,38
14780,28,444,27
14781,28,445,38
14782,28,446,27
14783,28,447,27
14784,28,448,38
14785,28,449,27
14786,28,450,38
14787,28,451,27
14788,28,452,27
14789,28,453,38
14790,28,454,27
14791,28,455,27
14792,28,456,27
14793,28,457,27
14794,28,458,38
14795,28,459,27
14796,28,460,27
14797,28,461,27
14798,28,462,27
14799,28,463,38
14800,28,464,27
14801,28,465,27
14802,28,466,27
14803,28,467,27
14804,28,468,38
14805,28,469,27
14806,28,470,27
14807,28,471,27
14808,28,472,27
14809,28,473,38
14810,28,474,27
14811,28,475,27
14812,28,476,38
14813,28,477,27
14814,28,478,38
14815,28,479,27
14816,28,480,27
14817,28,481,38
14818,28,482,27
14819,28,483,38
14820,28,484,27
14821,28,485,27
14822,28,486,38
14823,28,487,27
14824,28,488,38
14825,28,489,27
14826,28,490,27
14827,28,491,38
14828,28,492,27
14829,28,493,27
14830,28,494,27
14831,28,495,27
14832,28,496,38
14833,28,497,27
14834,28,498,27
14835,28,499,27
14836,28,500,27
14837,28,501,38
14838,28,502,27
14839,28,503,27
14840,28,504,27
14841,28,505,27
14842,28,506,38
14843,28,507,27
14844,28,508,27
14845,28,509,27
14846,28,510,27
14847,28,511,38
14848,29,0,50
14849,29,1,50
14850,29,2,50
14851,29,3,50
14852,29,4,50
14853,29,5,50
14854,29,6,50
14855,29,7,50
14856,29,8,50
14857,29,9,50
14858,29,10,50
14859,29,11,50
14860,29,12,50
14861,29,13,50
14862,29,14,50
14863,29,15,50
14864,29,16,50
14865,29,17,50
14866,29,18,50
14867,29,19,50
14868,29,20,50
14869,29,21,50
14870,29,22,50
14871,29,23,50
14872,29,24,50
14873,29,25,50
14874,29,26,50
14875,29,27,50
14876,29,28,50
14877,29,29,50
14878,29,30,50
14879,29,31,50
14880,29,32,50
14881,29,33,50
14882,29,34,50
14883,29,35,50
14884,29,36,50
14885,29,37,50
14886,29,38,50
14887,29,39,50
14888,29,40,50
14889,29,41,50
14890,29,42,50
14891,29,43,50
14892,29,44,50
14893,29,45,50
14894,29,46,50
14895,29,47,50
14896,29,48,50
14897,29,49,50
14898,29,50,50
14899,29,51,50
14900,29,52,50
14901,29,53,50
14902,29,54,50
14903,29,55,50
14904,29,56,50
14905,29,57,50
14906,29,58,50
14907,29,59,50
14908,29,60,50
14909,29,61,50
14910,29,62,50
14911,29,63,50
14912,29,64,50
14913,29,65,50
14914,29,66,50
14915,29,67,50
14916,29,68,50
14917,29,69,50
14918,29,70,50
14919,29,71,50
14920,29,72,50
14921,29,73,50
14922,29,74,50
14923,29,75,50
14924,29,76,50
14925,29,77,50
14926,29,78,50
14927,29,79,50
14928,29,80,50
14929,29,81,50
14930,29,82,50
14931,29,83,50
14932,29,84,50
14933,29,85,50
14934,29,86,50
14935,29,87,50
14936,29,88,50
14937,29,89,50
14938,29,90,50
14939,29,91,50
14940,29,92,50
14941,29,93,50
14942,29,94,50
14943,29,95,50
14944,29,96,50
14945,29,97,50
14946,29,98,50
14947,29,99,50
14948,29,100,50
14949,29,101,50
14950,29,102,50
14951,29,103,50
14952,29,104,50
14953,29,105,50
14954,29,106,50
14955,29,107,50
14956,29,108,50
14957,29,109,50
14958,29,110,50
14959,29,111,50
14960,29,112,50
14961,29,113,50
14962,29,114,50
14963,29,115,50
14964,29,116,50
14965,29,117,50
14966,29,118,50
14967,29,119,50
14968,29,120,50
14969,29,121,50
14970,29,122,50
14971,29,123,50
14972,29,124,50
14973,29,125,50
14974,29,126,50
14975,29,127,50
14976,29,128,50
14977,29,129,50
14978,29,130,50
14979,29,131,50
14980,29,132,50
14981,29,133,50
14982,29,134,50
14983,29,135,50
14984,29,136,50
14985,29,137,50
14986,29,138,50
14987,29,139,50
14988,29,140,50
14989,29,141,50
14990,29,142,50
14991,29,143,50
14992,29,144,50
14993,29,145,50
14994,29,146,50
14995,29,147,50
14996,29,148,50
14997,29,149,50
14998,29,150,50
14999,29,151,50
15000,29,152,50
15001,29,153,50
15002,29,154,50
15003,29,155,50
15004,29,156,50
15005,29,157,50
15006,29,158,50
15007,29,159,50
15008,29,160,50
15009,29,161,50
15010,29,162,50
15011,29,163,50
15012,29,164,50
15013,29,165,50
15014,29,166,50
15015,29,167,50
15016,29,168,50
15017,29,169,50
15018,29,170,50
15019,29,171,50
15020,29,172,50
15021,29,173,50
15022,29,174,50
15023,29,175,50
15024,29,176,50
15025,29,177,50
15026,29,178,50
15027,29,179,50
15028,29,180,50
15029,29,181,50
15030,29,182,50
15031,29,183,50
15032,29,184,50
15033,29,185,50
15034,29,186,50
15035,29,187,50
15036,29,188,50
15037,29,189,50
15038,29,190,50
15039,29,191,50
15040,29,192,50
15041,29,193,50
15042,29,194,50
15043,29,195,50
15044,29,196,50
15045,29,197,50
15046,29,198,50
15047,29,199,50
15048,29,200,50
15049,29,201,50
15050,29,202,50
15051,29,203,50
15052,29,204,50
15053,29,205,50
15054,29,206,50
15055,29,207,50
15056,29,208,50
15057,29,209,50
15058,29,210,50
15059,29,211,50
15060,29,212,50
15061,29,213,50
15062,29,214,50
15063,29,215,50
15064,29,216,50
15065,29,217,50
15066,29,218,50
15067,29,219,50
15068,29,220,50
15069,29,221,50
15070,29,222,50
15071,29,223,50
15072,29,224,50
15073,29,225,50
15074,29,226,50
15075,29,227,50
15076,29,228,50
15077,29,229,50
15078,29,230,50
15079,29,231,50
15080,29,232,50
15081,29,233,50
15082,29,234,50
15083,29,235,50
15084,29,236,50
15085,29,237,50
15086,29,238,50
15087,29,239,50
15088,29,240,50
15089,29,241,50
15090,29,242,50
15091,29,243,50
15092,29,244,50
15093,29,245,50
15094,29,246,50
15095,29,247,50
15096,29,248,50
15097,29,249,50
15098,29,250,50
15099,29,251,50
15100,29,252,50
15101,29,253,50
15102,29,254,50
15103,29,255,50
15104,29,256,50
15105,29,257,50
15106,29,258,50
15107,29,259,50
15108,29,260,50
15109,29,261,50
15110,29,262,50
15111,29,263,50
15112,29,264,50
15113,29,265,50
15114,29,266,50
15115,29,267,50
15116,29,268,50
15117,29,269,50
15118,29,270,50
15119,29,271,50
15120,29,272,50
15121,29,273,50
15122,29,274,50
15123,29,275,50
15124,29,276,50
15125,29,277,50
15126,29,278,50
15127,29,279,50
15128,29,280,50
15129,29,281,50
15130,29,282,50
15131,29,283,50
15132,29,284,50
15133,29,285,50
15134,29,286,50
15135,29,287,50
15136,29,288,50
15137,29,289,50
15138,29,290,50
15139,29,291,50
15140,29,292,50
15141,29,293,50
15142,29,294,50
15143,29,295,50
15144,29,296,50
15145,29,297,50
15146,29,298,50
15147,29,299,50
15148,29,300,50
15149,29,301,50
15150,29,302,50
15151,29,303,50
15152,29,304,50
15153,29,305,50
15154,29,306,50
15155,29,307,50
15156,29,308,50
15157,29,309,50
15158,29,310,50
15159,29,311,50
15160,29,312,50
15161,29,313,50
15162,29,314,50
15163,29,315,50
15164,29,316,50
15165,29,317,50
15166,29,318,50
15167,29,319,50
15168,29,320,50
15169,29,321,50
15170,29,322,50
15171,29,323,50
15172,29,324,50
15173,29,325,50
15174,29,326,50
15175,29,327,50
15176,29,328,50
15177,29,329,50
15178,29,330,50
15179,29,331,50
15180,29,332,50
15181,29,333,50
15182,29,334,50
15183,29,335,50
15184,29,336,50
15185,29,337,50
15186,29,338,50
15187,29,339,50
15188,29,340,50
15189,29,341,50
15190,29,342,50
15191,29,343,50
15192,29,344,50
15193,29,345,50
15194,29,346,50
15195,29,347,50
15196,29,348,50
15197,29,349,50
15198,29,350,50
15199,29,351,50
15200,29,352,50
15201,29,353,50
15202,29,354,50
15203,29,355,50
15204,29,356,50
15205,29,357,50
15206,29,358,50
15207,29,359,50
15208,29,360,50
15209,29,361,50
15210,29,362,50
15211,29,363,50
15212,29,364,50
15213,29,365,50
15214,29,366,50
15215,29,367,50
15216,29,368,50
15217,29,369,50
15218,29,370,50
15219,29,371,50
15220,29,372,50
15221,29,373,50
15222,29,374,50
15223,29,375,50
15224,29,376,50
15225,29,377,50
15226,29,378,50
15227,29,379,50
15228,29,380,50
15229,29,381,50
15230,29,382,50
15231,29,383,50
15232,29,384,50
15233,29,385,50
15234,29,386,50
15235,29,387,50
15236,29,388,50
15237,29,389,50
15238,29,390,50
15239,29,391,50
15240,29,392,50
15241,29,393,50
15242,29,394,50
15243,29,395,50
15244,29,396,50
15245,29,397,50
15246,29,398,50
15247,29,399,50
15248,29,400,50
15249,29,401,50
15250,29,402,50
15251,29,403,50
15252,29,404,50
15253,29,405,50
15254,29,406,50
15255,29,407,50
15256,29,408,50
15257,29,409,50
15258,29,410,50
15259,29,411,50
15260,29,412,50
15261,29,413,50
15262,29,414,50
15263,29,415,50
15264,29,416,50
15265,29,417,50
15266,29,418,50
15267,29,419,50
15268,29,420,50
15269,29,421,50
15270,29,422,50
15271,29,423,50
15272,29,424,50
15273,29,425,50
15274,29,426,50
15275,29,427,50
15276,29,428,50
15277,29,429,50
15278,29,430,50
15279,29,431,50
15280,29,432,50
15281,29,433,50
15282,29,434,50
15283,29,435,50
15284,29,436,50
15285,29,437,50
15286,29,438,50
15287,29,439,50
15288,29,440,50
15289,29,441,50
15290,29,442,50
15291,29,443,50
15292,29,444,50
15293,29,445,50
15294,29,446,50
15295,29,447,50
15296,29,448,50
15297,29,449,50
15298,29,450,50
15299,29,451,50
15300,29,452,50
15301,29,453,50
15302,29,454,50
15303,29,455,50
15304,29,456,50
15305,29,457,50
15306,29,458,50
15307,29,459,50
15308,29,460,50
15309,29,461,50
15310,29,462,50
15311,29,463,50
15312,29,464,50
15313,29,465,50
15314,29,466,50
15315,29,467,50
15316,29,468,50
15317,29,469,50
15318,29,470,50
15319,29,471,50
15320,29,472,50
15321,29,473,50
15322,29,474,50
15323,29,475,50
15324,29,476,50
15325,29,477,50
15326,29,478,50
15327,29,479,50
15328,29,480,50
15329,29,481,50
15330,29,482,50
15331,29,483,50
15332,29,484,50
15333,29,485,50
15334,29,486,50
15335,29,487,50
15336,29,488,50
15337,29,489,50
15338,29,490,50
15339,29,491,50
15340,29,492,50
15341,29,493,50
15342,29,494,50
15343,29,495,50
15344,29,496,50
15345,29,497,50
15346,29,498,50
15347,29,499,50
15348,29,500,50
15349,29,501,50
15350,29,502,50
15351,29,503,50
15352,29,504,50
15353,29,505,50
15354,29,506,50
15355,29,507,50
15356,29,508,50
15357,29,509,50
15358,29,510,50
15359,29,511,50
15360,30,0,30
15361,30,1,30
15362,30,2,30
15363,30,3,41
15364,30,4,27
15365,30,5,27
15366,30,6,27
15367,30,7,27
15368,30,8,38
15369,30,9,27
15370,30,10,27
15371,30,11,27
15372,30,12,27
15373,30,13,38
15374,30,14,27
15375,30,15,27
15376,30,16,27
15377,30,17,27
15378,30,18,38
15379,30,19,27
15380,30,20,27
15381,30,21,27
15382,30,22,27
15383,30,23,38
15384,30,24,27
15385,30,25,27
15386,30,26,27
15387,30,27,27
15388,30,28,38
15389,30,29,27
15390,30,30,27
15391,30,31,38
15392,30,32,27
15393,30,33,38
15394,30,34,27
15395,30,35,27
15396,30,36,38
15397,30,37,27
15398,30,38,38
15399,30,39,27
15400,30,40,27
15401,30,41,38
15402,30,42,27
15403,30,43,38
15404,30,44,27
15405,30,45,27
15406,30,46,38
15407,30,47,27
15408,30,48,27
15409,30,49,27
15410,30,50,27
15411,30,51,38
15412,30,52,27
15413,30,53,27
15414,30,54,27
15415,30,55,27
15416,30,56,38
15417,30,57,27
15418,30,58,27
15419,30,59,27
15420,30,60,27
15421,30,61,38
15422,30,62,30
15423,30,63,30
15424,30,64,38
15425,30,65,27
15426,30,66,38
15427,30,67,27
15428,30,68,27
15429,30,69,38
15430,30,70,27
15431,30,71,38
15432,30,72,27
15433,30,73,27
15434,30,74,38
15435,30,75,27
15436,30,76,38
15437,30,77,27
15438,30,78,27
15439,30,79,38
15440,30,80,27
15441,30,81,27
15442,30,82,27
15443,30,83,27
15444,30,84,38
15445,30,85,27
15446,30,86,27
15447,30,87,27
15448,30,88,27
15449,30,89,38
15450,30,90,27
15451,30,91,27
15452,30,92,27
15453,30,93,27
15454,30,94,38
15455,30,95,27
15456,30,96,27
15457,30,97,27
15458,30,98,27
15459,30,99,38
15460,30,100,27
15461,30,101,27
15462,30,102,38
15463,30,103,27
15464,30,104,38
15465,30,105,27
15466,30,106,27
15467,30,107,38
15468,30,108,27
15469,30,109,38
15470,30,110,27
15471,30,111,27
15472,30,112,38
15473,30,113,27
15474,30,114,38
15475,30,115,27
15476,30,116,27
15477,30,117,38
15478,30,118,27
15479,30,119,27
15480,30,120,27
15481,30,121,27
15482,30,122,38
15483,30,123,27
15484,30,124,27
15485,30,125,27
15486,30,126,30
15487,30,127,38
15488,30,128,27
15489,30,129,27
15490,30,130,27
15491,30,131,27
15492,30,132,38
15493,30,133,27
15494,30,134,27
15495,30,135,27
15496,30,136,27
15497,30,137,38
15498,30,138,27
15499,30,139,27
15500,30,140,38
15501,30,141,27
15502,30,142,38
15503,30,143,27
15504,30,144,27
15505,30,145,38
15506,30,146,27
15507,30,147,38
15508,30,148,27
15509,30,149,27
15510,30,150,38
15511,30,151,27
15512,30,152,38
15513,30,153,27
15514,30,154,27
15515,30,155,38
15516,30,156,27
15517,30,157,27
15518,30,158,27
15519,30,159,27
15520,30,160,38
15521,30,161,27
15522,30,162,27
15523,30,163,27
15524,30,164,27
15525,30,165,38
15526,30,166,27
15527,30,167,27
15528,30,168,27
15529,30,169,27
15530,30,170,38
15531,30,171,27
15532,30,172,27
15533,30,173,27
15534,30,174,27
15535,30,175,38
15536,30,176,27
15537,30,177,27
15538,30,178,38
15539,30,179,27
15540,30,180,38
15541,30,181,27
15542,30,182,27
15543,30,183,38
15544,30,184,27
15545,30,185,38
15546,30,186,27
15547,30,187,27
15548,30,188,38
15549,30,189,27
15550,30,190,38
15551,30,191,27
15552,30,192,27
15553,30,193,38
15554,30,194,27
15555,30,195,27
15556,30,196,27
15557,30,197,27
15558,30,198,38
15559,30,199,27
15560,30,200,27
15561,30,201,27
15562,30,202,27
15563,30,203,38
15564,30,204,27
15565,30,205,27
15566,30,206,27
15567,30,207,27
15568,30,208,38
15569,30,209,27
15570,30,210,27
15571,30,211,27
15572,30,212,27
15573,30,213,38
15574,30,214,27
15575,30,215,27
15576,30,216,38
15577,30,217,27
15578,30,218,38
15579,30,219,27
15580,30,220,27
15581,30,221,38
15582,30,222,27
15583,30,223,38
15584,30,224,27
15585,30,225,27
15586,30,226,38
15587,30,227,27
15588,30,228,38
15589,30,229,27
15590,30,230,27
15591,30,231,38
15592,30,232,27
15593,30,233,27
15594,30,234,27
15595,30,235,27
15596,30,236,38
15597,30,237,27
15598,30,238,27
15599,30,239,27
15600,30,240,27
15601,30,241,38
15602,30,242,27
15603,30,243,27
15604,30,244,27
15605,30,245,27
15606,30,246,38
15607,30,247,27
15608,30,248,27
15609,30,249,27
15610,30,250,27
15611,30,251,38
15612,30,252,27
15613,30,253,27
15614,30,254,41
15615,30,255,27
15616,30,256,38
15617,30,257,27
15618,30,258,27
15619,30,259,38
15620,30,260,27
15621,30,261,38
15622,30,262,27
15623,30,263,27
15624,30,264,38
15625,30,265,27
15626,30,266,38
15627,30,267,27
15628,30,268,27
15629,30,269,38
15630,30,270,27
15631,30,271,27
15632,30,272,27
15633,30,273,27
15634,30,274,38
15635,30,275,27
15636,30,276,27
15637,30,277,27
15638,30,278,27
15639,30,279,38
15640,30,280,27
15641,30,281,27
15642,30,282,27
15643,30,283,27
15644,30,284,38
15645,30,285,27
15646,30,286,27
15647,30,287,27
15648,30,288,27
15649,30,289,38
15650,30,290,27
15651,30,291,27
15652,30,292,38
15653,30,293,27
15654,30,294,38
15655,30,295,27
15656,30,296,27
15657,30,297,38
15658,30,298,27
15659,30,299,38
15660,30,300,27
15661,30,301,27
15662,30,302,38
15663,30,303,27
15664,30,304,38
15665,30,305,27
15666,30,306,27
15667,30,307,38
15668,30,308,27
15669,30,309,38
15670,30,310,27
15671,30,311,27
15672,30,312,38
15673,30,313,27
15674,30,314,27
15675,30,315,27
15676,30,316,27
15677,30,317,38
15678,30,318,30
15679,30,319,27
15680,30,320,27
15681,30,321,27
15682,30,322,38
15683,30,323,27
15684,30,324,27
15685,30,325,27
15686,30,326,27
15687,30,327,38
15688,30,328,27
15689,30,329,27
15690,30,330,38
15691,30,331,27
15692,30,332,38
15693,30,333,27
15694,30,334,27
15695,30,335,38
15696,30,336,27
15697,30,337,38
15698,30,338,27
15699,30,339,27
15700,30,340,38
15701,30,341,27
15702,30,342,38
15703,30,343,27
15704,30,344,27
15705,30,345,38
15706,30,346,27
15707,30,347,27
15708,30,348,27
15709,30,349,27
15710,30,350,38
15711,30,351,27
15712,30,352,27
15713,30,353,27
15714,30,354,27
15715,30,355,38
15716,30,356,27
15717,30,357,27
15718,30,358,27
15719,30,359,27
15720,30,360,38
15721,30,361,27
15722,30,362,27
15723,30,363,27
15724,30,364,27
15725,30,365,38
15726,30,366,27
15727,30,367,27
15728,30,368,27
15729,30,369,27
15730,30,370,38
15731,30,371,27
15732,30,372,27
15733,30,373,38
15734,30,374,27
15735,30,375,38
15736,30,376,27
15737,30,377,27
15738,30,378,38
15739,30,379,27
15740,30,380,38
15741,30,381,27
15742,30,382,30
15743,30,383,38
15744,30,384,27
15745,30,385,27
15746,30,386,27
15747,30,387,27
15748,30,388,38
15749,30,389,27
15750,30,390,27
15751,30,391,27
15752,30,392,27
15753,30,393,38
15754,30,394,27
15755,30,395,27
15756,30,396,27
15757,30,397,27
15758,30,398,38
15759,30,399,27
15760,30,400,27
15761,30,401,27
15762,30,402,27
15763,30,403,38
15764,30,404,27
15765,30,405,27
15766,30,406,38
15767,30,407,27
15768,30,408,38
15769,30,409,27
15770,30,410,27
15771,30,411,38
15772,30,412,27
15773,30,413,38
15774,30,414,27
15775,30,415,27
15776,30,416,38
15777,30,417,27
15778,30,418,38
15779,30,419,27
15780,30,420,27
15781,30,421,38
15782,30,422,27
15783,30,423,38
15784,30,424,27
15785,30,425,27
15786,30,426,38
15787,30,427,27
15788,30,428,27
15789,30,429,27
15790,30,430,27
15791,30,431,38
15792,30,432,27
15793,30,433,27
15794,30,434,27
15795,30,435,27
15796,30,436,38
15797,30,437,27
15798,30,438,27
15799,30,439,27
15800,30,440,27
15801,30,441,38
15802,30,442,27
15803,30,443,27
15804,30,444,27
15805,30,445,27
15806,30,446,38
15807,30,447,27
15808,30,448,27
15809,30,449,38
15810,30,450,27
15811,30,451,38
15812,30,452,27
15813,30,453,27
15814,30,454,38
15815,30,455,27
15816,30,456,38
15817,30,457,27
15818,30,458,27
15819,30,459,38
15820,30,460,27
15821,30,461,27
15822,30,462,27
15823,30,463,27
15824,30,464,38
15825,30,465,27
15826,30,466,27
15827,30,467,27
15828,30,468,27
15829,30,469,38
15830,30,470,27
15831,30,471,27
15832,30,472,27
15833,30,473,27
15834,30,474,38
15835,30,475,27
15836,30,476,27
15837,30,477,27
15838,30,478,27
15839,30,479,38
15840,30,480,27
15841,30,481,27
15842,30,482,27
15843,30,483,27
15844,30,484,38
15845,30,485,27
15846,30,486,27
15847,30,487,38
15848,30,488,27
15849,30,489,38
15850,30,490,27
15851,30,491,27
15852,30,492,38
15853,30,493,27
15854,30,494,38
15855,30,495,27
15856,30,496,27
15857,30,497,38
15858,30,498,27
15859,30,499,38
15860,30,500,27
15861,30,501,27
15862,30,502,38
15863,30,503,27
15864,30,504,27
15865,30,505,27
15866,30,506,27
15867,30,507,38
15868,30,508,27
15869,30,509,27
15870,30,510,27
15871,30,511,27
15872,31,0,50
15873,31,1,36
15874,31,2,37
15875,31,3,37
15876,31,4,30
15877,31,5,50
15878,31,6,30
15879,31,7,30
15880,31,8,31
15881,31,9,30
15882,31,10,30
15883,31,11,31
15884,31,12,31
15885,31,13,27
15886,31,14,27
15887,31,15,28
15888,31,16,28
15889,31,17,28
15890,31,18,28
15891,31,19,28
15892,31,20,27
15893,31,21,27
15894,31,22,27
15895,31,23,27
15896,31,24,27
15897,31,25,28
15898,31,26,28
15899,31,27,28
15900,31,28,28
15901,31,29,28
15902,31,30,27
15903,31,31,27
15904,31,32,27
15905,31,33,27
15906,31,34,28
15907,31,35,28
15908,31,36,28
15909,31,37,28
15910,31,38,28
15911,31,39,28
15912,31,40,27
15913,31,41,27
15914,31,42,27
15915,31,43,27
15916,31,44,28
15917,31,45,28
15918,31,46,28
15919,31,47,28
15920,31,48,28
15921,31,49,27
15922,31,50,27
15923,31,51,27
15924,31,52,27
15925,31,53,27
15926,31,54,28
15927,31,55,28
15928,31,56,28
15929,31,57,28
15930,31,58,28
15931,31,59,27
15932,31,60,27
15933,31,61,27
15934,31,62,27
15935,31,63,31
15936,31,64,28
15937,31,65,28
15938,31,66,28
15939,31,67,28
15940,31,68,27
15941,31,69,27
15942,31,70,27
15943,31,71,27
15944,31,72,28
15945,31,73,28
15946,31,74,28
15947,31,75,28
15948,31,76,28
15949,31,77,28
15950,31,78,27
15951,31,79,27
15952,31,80,27
15953,31,81,27
15954,31,82,28
15955,31,83,28
15956,31,84,28
15957,31,85,28
15958,31,86,28
15959,31,87,27
15960,31,88,27
15961,31,89,27
15962,31,90,27
15963,31,91,27
15964,31,92,28
15965,31,93,28
15966,31,94,28
15967,31,95,28
15968,31,96,28
15969,31,97,27
15970,31,98,27
15971,31,99,27
15972,31,100,27
15973,31,101,27
15974,31,102,28
15975,31,103,28
15976,31,104,28
15977,31,105,28
15978,31,106,28
15979,31,107,27
15980,31,108,27
15981,31,109,27
15982,31,110,27
15983,31,111,28
15984,31,112,28
15985,31,113,28
15986,31,114,28
15987,31,115,28
15988,31,116,27
15989,31,117,27
15990,31,118,27
15991,31,119,27
15992,31,120,27
15993,31,121,28
15994,31,122,28
15995,31,123,28
15996,31,124,28
15997,31,125,28
15998,31,126,30
15999,31,127,27
16000,31,128,27
16001,31,129,27
16002,31,130,28
16003,31,131,28
16004,31,132,28
16005,31,133,28
16006,31,134,28
16007,31,135,27
16008,31,136,27
16009,31,137,27
16010,31,138,27
16011,31,139,27
16012,31,140,28
16013,31,141,28
16014,31,142,28
16015,31,143,28
16016,31,144,28
16017,31,145,27
16018,31,146,27
16019,31,147,27
16020,31,148,27
16021,31,149,27
16022,31,150,28
16023,31,151,28
16024,31,152,28
16025,31,153,28
16026,31,154,28
16027,31,155,27
16028,31,156,27
16029,31,157,27
16030,31,158,27
16031,31,159,28
16032,31,160,28
16033,31,161,28
16034,31,162,28
16035,31,163,28
16036,31,164,28
16037,31,165,27
16038,31,166,27
16039,31,167,27
16040,31,168,27
16041,31,169,28
16042,31,170,28
16043,31,171,28
16044,31,172,28
16045,31,173,28
16046,31,174,27
16047,31,175,27
16048,31,176,27
16049,31,177,27
16050,31,178,27
16051,31,179,28
16052,31,180,28
16053,31,181,28
16054,31,182,28
16055,31,183,28
16056,31,184,27
16057,31,185,27
16058,31,186,27
16059,31,187,27
16060,31,188,27
16061,31,189,28
16062,31,190,31
16063,31,191,28
16064,31,192,28
16065,31,193,27
16066,31,194,27
16067,31,195,27
16068,31,196,27
16069,31,197,27
16070,31,198,28
16071,31,199,28
16072,31,200,28
16073,31,201,28
16074,31,202,28
16075,31,203,27
16076,31,204,27
16077,31,205,27
16078,31,206,27
16079,31,207,27
16080,31,208,28
16081,31,209,28
16082,31,210,28
16083,31,211,28
16084,31,212,28
16085,31,213,27
16086,31,214,27
16087,31,215,27
16088,31,216,27
16089,31,217,28
16090,31,218,28
16091,31,219,28
16092,31,220,28
16093,31,221,28
16094,31,222,27
16095,31,223,27
16096,31,224,27
16097,31,225,27
16098,31,226,27
16099,31,227,28
16100,31,228,28
16101,31,229,28
16102,31,230,28
16103,31,231,28
16104,31,232,27
16105,31,233,27
16106,31,234,27
16107,31,235,27
16108,31,236,27
16109,31,237,28
16110,31,238,28
16111,31,239,28
16112,31,240,28
16113,31,241,28
16114,31,242,27
16115,31,243,27
16116,31,244,27
16117,31,245,27
16118,31,246,28
16119,31,247,28
16120,31,248,28
16121,31,249,28
16122,31,250,28
16123,31,251,28
16124,31,252,27
16125,31,253,27
16126,31,254,27
16127,31,255,27
16128,31,256,28
16129,31,257,28
16130,31,258,28
16131,31,259,28
16132,31,260,28
16133,31,261,27
16134,31,262,27
16135,31,263,27
16136,31,264,27
16137,31,265,28
16138,31,266,28
16139,31,267,28
16140,31,268,28
16141,31,269,28
16142,31,270,28
16143,31,271,27
16144,31,272,27
16145,31,273,27
16146,31,274,27
16147,31,275,28
16148,31,276,28
16149,31,277,28
16150,31,278,28
16151,31,279,28
16152,31,280,27
16153,31,281,27
16154,31,282,27
16155,31,283,27
16156,31,284,27
16157,31,285,28
16158,31,286,28
16159,31,287,28
16160,31,288,28
16161,31,289,28
16162,31,290,27
16163,31,291,27
16164,31,292,27
16165,31,293,27
16166,31,294,27
16167,31,295,28
16168,31,296,28
16169,31,297,28
16170,31,298,28
16171,31,299,28
16172,31,300,27
16173,31,301,27
16174,31,302,27
16175,31,303,27
16176,31,304,28
16177,31,305,28
16178,31,306,28
16179,31,307,28
16180,31,308,28
16181,31,309,27
16182,31,310,27
16183,31,311,27
16184,31,312,27
16185,31,313,27
16186,31,314,28
16187,31,315,28
16188,31,316,28
16189,31,317,28
16190,31,318,31
16191,31,319,27
16192,31,320,27
16193,31,321,27
16194,31,322,27
16195,31,323,28
16196,31,324,28
16197,31,325,28
16198,31,326,28
16199,31,327,28
16200,31,328,27
16201,31,329,27
16202,31,330,27
16203,31,331,27
16204,31,332,27
16205,31,333,28
16206,31,334,28
16207,31,335,28
16208,31,336,28
16209,31,337,28
16210,31,338,27
16211,31,339,27
16212,31,340,27
16213,31,341,27
16214,31,342,27
16215,31,343,28
16216,31,344,28
16217,31,345,28
16218,31,346,28
16219,31,347,28
16220,31,348,27
16221,31,349,27
16222,31,350,27
16223,31,351,27
16224,31,352,28
16225,31,353,28
16226,31,354,28
16227,31,355,28
16228,31,356,28
16229,31,357,28
16230,31,358,27
16231,31,359,27
16232,31,360,27
16233,31,361,27
16234,31,362,28
16235,31,363,28
16236,31,364,28
16237,31,365,28
16238,31,366,28
16239,31,367,27
16240,31,368,27
16241,31,369,27
16242,31,370,27
16243,31,371,27
16244,31,372,28
16245,31,373,28
16246,31,374,28
16247,31,375,28
16248,31,376,28
16249,31,377,27
16250,31,378,27
16251,31,379,27
16252,31,380,27
16253,31,381,27
16254,31,382,31
16255,31,383,28
16256,31,384,28
16257,31,385,28
16258,31,386,27
16259,31,387,27
16260,31,388,27
16261,31,389,27
16262,31,390,27
16263,31,391,28
16264,31,392,28
16265,31,393,28
16266,31,394,28
16267,31,395,28
16268,31,396,27
16269,31,397,27
16270,31,398,27
16271,31,399,27
16272,31,400,27
16273,31,401,28
16274,31,402,28
16275,31,403,28
16276,31,404,28
16277,31,405,28
16278,31,406,27
16279,31,407,27
16280,31,408,27
16281,31,409,27
16282,31,410,28
16283,31,411,28
16284,31,412,28
16285,31,413,28
16286,31,414,28
16287,31,415,27
16288,31,416,27
16289,31,417,27
16290,31,418,27
16291,31,419,27
16292,31,420,28
16293,31,421,28
16294,31,422,28
16295,31,423,28
16296,31,424,28
16297,31,425,27
16298,31,426,27
16299,31,427,27
16300,31,428,27
16301,31,429,27
16302,31,430,28
16303,31,431,28
16304,31,432,28
16305,31,433,28
16306,31,434,28
16307,31,435,27
16308,31,436,27
16309,31,437,27
16310,31,438,27
16311,31,439,28
16312,31,440,28
16313,31,441,28
16314,31,442,28
16315,31,443,28
16316,31,444,28
16317,31,445,27
16318,31,446,30
16319,31,447,27
16320,31,448,27
16321,31,449,28
16322,31,450,28
16323,31,451,28
16324,31,452,28
16325,31,453,28
16326,31,454,27
16327,31,455,27
16328,31,456,27
16329,31,457,27
16330,31,458,28
16331,31,459,28
16332,31,460,28
16333,31,461,28
16334,31,462,28
16335,31,463,28
16336,31,464,27
16337,31,465,27
16338,31,466,27
16339,31,467,27
16340,31,468,28
16341,31,469,28
16342,31,470,28
16343,31,471,28
16344,31,472,28
16345,31,473,27
16346,31,474,27
16347,31,475,27
16348,31,476,27
16349,31,477,27
16350,31,478,28
16351,31,479,28
16352,31,480,28
16353,31,481,28
16354,31,482,28
16355,31,483,27
16356,31,484,27
16357,31,485,27
16358,31,486,27
16359,31,487,27
16360,31,488,28
16361,31,489,28
16362,31,490,28
16363,31,491,28
16364,31,492,28
16365,31,493,27
16366,31,494,27
16367,31,495,27
16368,31,496,27
16369,31,497,28
16370,31,498,28
16371,31,499,28
16372,31,500,28
16373,31,501,28
16374,31,502,27
16375,31,503,27
16376,31,504,27
16377,31,505,27
16378,31,506,27
16379,31,507,28
16380,31,508,28
16381,31,509,28
16382,31,510,28
16383,31,511,28
